date,ticker,close
2025-10-03,AAPL,257.0703
2025-10-06,AAPL,255.7453
2025-10-07,AAPL,255.5361
2025-10-08,AAPL,257.1102
2025-10-09,AAPL,253.105
2025-10-10,AAPL,244.3673
2025-10-13,AAPL,246.7485
2025-10-14,AAPL,246.8581
2025-10-15,AAPL,248.4223
2025-10-16,AAPL,246.5393
2025-10-17,AAPL,251.3615
2025-10-20,AAPL,261.2748
2025-10-21,AAPL,261.8029
2025-10-22,AAPL,257.4988
2025-10-23,AAPL,258.6246
2025-10-24,AAPL,261.8527
2025-10-27,AAPL,267.8207
2025-10-28,AAPL,268.0099
2025-10-29,AAPL,268.7074
2025-10-30,AAPL,270.4012
2025-10-31,AAPL,269.3749
2025-11-03,AAPL,268.0598
2025-11-04,AAPL,269.0462
2025-11-05,AAPL,269.1458
2025-11-06,AAPL,268.7771
2025-11-07,AAPL,267.4819
2025-11-10,AAPL,268.6986
2025-11-11,AAPL,274.5028
2025-11-12,AAPL,272.7277
2025-11-13,AAPL,272.2091
2025-11-14,AAPL,271.6705
2025-11-17,AAPL,266.734
2025-11-18,AAPL,266.714
2025-11-19,AAPL,267.831
2025-11-20,AAPL,265.5273
2025-11-21,AAPL,270.753
2025-11-24,AAPL,275.171
2025-11-25,AAPL,276.2181
2025-11-26,AAPL,276.7966
2025-11-28,AAPL,278.093
2025-12-01,AAPL,282.3315
2025-12-02,AAPL,285.4131
2025-12-03,AAPL,283.3787
2025-12-04,AAPL,279.938
2025-12-05,AAPL,278.0232
2025-12-08,AAPL,277.1357
2025-12-09,AAPL,276.4276
2025-12-10,AAPL,278.0232
2025-12-11,AAPL,277.2752
2025-12-12,AAPL,277.5246
2025-12-15,AAPL,273.3659
2025-12-16,AAPL,273.8645
2025-12-17,AAPL,271.1021
2025-12-18,AAPL,271.4511
2025-12-19,AAPL,272.9272
2025-12-22,AAPL,270.2344
2025-12-23,AAPL,271.6207
2025-12-24,AAPL,273.0667
2025-12-26,AAPL,272.6578
2025-12-29,AAPL,273.0169
2025-12-30,AAPL,272.3387
2025-12-31,AAPL,271.122
2026-01-02,AAPL,270.2744
2026-01-05,AAPL,266.5345
2026-01-06,AAPL,261.6478
2026-01-07,AAPL,259.6233
2026-01-08,AAPL,258.3369
2026-01-09,AAPL,258.6659
2026-01-12,AAPL,259.5435
2026-01-13,AAPL,260.3414
2026-01-14,AAPL,259.2543
2026-01-15,AAPL,257.5091
2026-01-16,AAPL,254.8364
2026-01-20,AAPL,246.0303
2026-01-21,AAPL,246.9778
2026-01-22,AAPL,247.6758
2026-01-23,AAPL,247.3667
2026-01-26,AAPL,254.7167
2026-01-27,AAPL,257.5689
2026-01-28,AAPL,255.7439
2026-01-29,AAPL,257.5789
2026-01-30,AAPL,258.7756
2026-02-02,AAPL,269.2771
2026-02-03,AAPL,268.7485
2026-02-04,AAPL,275.7394
2026-02-05,AAPL,275.161
2026-02-06,AAPL,277.3651
2026-02-09,AAPL,274.1308
2026-02-10,AAPL,273.1924
2026-02-11,AAPL,275.0092
2026-02-12,AAPL,261.2638
2026-02-13,AAPL,255.3244
2026-02-17,AAPL,263.4099
2026-02-18,AAPL,263.8791
2026-02-19,AAPL,260.1158
2026-02-20,AAPL,264.1087
2026-02-23,AAPL,265.7058
2026-02-24,AAPL,271.6552
2026-02-25,AAPL,273.7415
2026-02-26,AAPL,272.4638
2026-02-27,AAPL,263.7094
2026-03-02,AAPL,264.2484
2026-03-03,AAPL,263.2802
2026-03-04,AAPL,262.0523
2026-03-05,AAPL,259.8263
2026-03-06,AAPL,257.0013
2026-03-09,AAPL,259.4171
2026-03-10,AAPL,260.3654
2026-03-11,AAPL,260.3454
2026-03-12,AAPL,255.3044
2026-03-13,AAPL,249.6744
2026-03-16,AAPL,252.3696
2026-03-17,AAPL,253.7771
2026-03-18,AAPL,249.4948
2026-03-19,AAPL,248.5165
2026-03-20,AAPL,247.5482
2026-03-23,AAPL,251.042
2026-03-24,AAPL,251.1917
2026-03-25,AAPL,252.17
2026-03-26,AAPL,252.4395
2026-03-27,AAPL,248.3568
2026-03-30,AAPL,246.1907
2026-03-31,AAPL,253.3379
2026-04-01,AAPL,255.1746
2026-04-02,AAPL,255.4641
2026-04-06,AAPL,258.3989
2026-04-07,AAPL,253.0484
2026-04-08,AAPL,258.4388
2026-04-09,AAPL,260.026
2026-04-10,AAPL,260.016
2026-04-13,AAPL,258.7383
2026-04-14,AAPL,258.3689
2026-04-15,AAPL,265.9554
2026-04-16,AAPL,262.9308
2026-04-17,AAPL,269.7486
2026-04-20,AAPL,272.5636
2026-04-21,AAPL,265.6959
2026-04-22,AAPL,272.6834
2026-04-23,AAPL,272.9429
2026-04-24,AAPL,270.5771
2026-04-27,AAPL,267.1333
2026-04-28,AAPL,270.2278
2026-04-29,AAPL,269.6887
2026-04-30,AAPL,270.8666
2026-05-01,AAPL,279.641
2026-05-04,AAPL,276.3368
2026-05-05,AAPL,283.6738
2026-05-06,AAPL,286.9979
2026-05-07,AAPL,286.928
2026-05-08,AAPL,292.7975
2026-05-11,AAPL,292.4278
2026-05-12,AAPL,294.546
2026-05-13,AAPL,298.6125
2026-05-14,AAPL,297.953
2026-05-15,AAPL,299.9713
2026-05-18,AAPL,297.5833
2026-05-19,AAPL,298.7124
2026-05-20,AAPL,301.9896
2026-05-21,AAPL,304.7272
2026-05-22,AAPL,308.5539
2026-05-26,AAPL,308.0643
2026-05-27,AAPL,310.5822
2026-05-28,AAPL,312.2407
2026-05-29,AAPL,311.7911
2026-06-01,AAPL,306.0461
2026-06-02,AAPL,314.9284
2026-06-03,AAPL,309.9926
2026-06-04,AAPL,310.9618
2026-06-05,AAPL,307.0752
2026-06-08,AAPL,301.2802
2026-06-09,AAPL,290.2996
2026-06-10,AAPL,291.3287
2026-06-11,AAPL,295.3752
2026-06-12,AAPL,290.8792
2026-06-15,AAPL,296.1646
2026-06-16,AAPL,298.9821
2026-06-17,AAPL,295.695
2026-06-18,AAPL,297.7532
2026-06-22,AAPL,296.7541
2026-06-23,AAPL,294.0464
2026-06-24,AAPL,292.8274
2026-06-25,AAPL,274.9129
2026-06-26,AAPL,283.5355
2026-06-29,AAPL,281.4972
2026-06-30,AAPL,289.1107
2026-07-01,AAPL,294.1263
2026-07-02,AAPL,308.364
2026-07-06,AAPL,312.3906
2026-07-07,AAPL,310.3923
2026-07-08,AAPL,313.12
2026-07-09,AAPL,315.9475
2026-07-10,AAPL,315.0483
2026-07-13,AAPL,317.0366
2026-07-14,AAPL,314.5887
2026-07-15,AAPL,327.2178
2026-07-16,AAPL,332.9728
2026-07-17,AAPL,333.4524
2026-07-20,AAPL,326.3086
2026-07-21,AAPL,327.4576
2026-07-22,AAPL,325.6092
2026-07-23,AAPL,321.3828
2026-07-24,AAPL,332.733
2026-07-27,AAPL,336.6197
2026-07-28,AAPL,339.7869
2026-07-29,AAPL,337.8986
2026-07-30,AAPL,333.1427
2026-07-31,AAPL,308.6438
2026-08-03,AAPL,303.1586
2026-08-04,AAPL,309.1134
2026-08-05,AAPL,310.732
2026-08-06,AAPL,312.1408
2026-08-07,AAPL,313.06
2026-08-10,AAPL,308.26
2026-08-11,AAPL,304.91
2026-08-12,AAPL,302.25
2026-08-13,AAPL,305.26
2026-08-14,AAPL,305.93
2026-08-17,AAPL,305.59
2026-08-18,AAPL,310.03
2026-08-19,AAPL,316.83
2026-08-20,AAPL,311.3
2026-08-21,AAPL,309.35
2026-08-24,AAPL,310.34
2026-08-25,AAPL,309.9
2026-08-26,AAPL,313.45
2026-08-27,AAPL,314.58
2026-08-28,AAPL,319.7
2026-08-31,AAPL,316.85
2026-09-01,AAPL,325.13
2026-09-02,AAPL,324.96
2026-09-03,AAPL,328.21
2026-09-04,AAPL,319.97
2026-09-08,AAPL,316.22
2026-09-09,AAPL,315.34
2026-09-10,AAPL,326.57
2026-09-11,AAPL,332.27
2026-09-14,AAPL,333.08
2026-09-15,AAPL,331.34
2026-09-16,AAPL,332.41
2026-09-17,AAPL,337.0
2026-09-18,AAPL,336.13
2026-09-21,AAPL,338.98
2026-09-22,AAPL,339.75
2026-09-23,AAPL,337.02
2026-09-24,AAPL,335.92
2026-09-25,AAPL,341.07
2026-09-28,AAPL,338.4
2026-09-29,AAPL,329.4
2026-09-30,AAPL,333.02
2026-10-01,AAPL,330.32
2026-10-02,AAPL,333.69
2025-10-03,ABBV,226.8718
2025-10-06,ABBV,223.2637
2025-10-07,ABBV,225.8243
2025-10-08,ABBV,224.2821
2025-10-09,ABBV,223.7487
2025-10-10,ABBV,223.5644
2025-10-13,ABBV,223.3704
2025-10-14,ABBV,222.2356
2025-10-15,ABBV,220.9949
2025-10-16,ABBV,221.6299
2025-10-17,ABBV,224.2676
2025-10-20,ABBV,226.7001
2025-10-21,ABBV,226.0455
2025-10-22,ABBV,223.3981
2025-10-23,ABBV,222.9781
2025-10-24,ABBV,222.7241
2025-10-27,ABBV,222.7631
2025-10-28,ABBV,222.2845
2025-10-29,ABBV,219.9399
2025-10-30,ABBV,222.9292
2025-10-31,ABBV,213.0039
2025-11-03,ABBV,207.0643
2025-11-04,ABBV,210.9035
2025-11-05,ABBV,211.7632
2025-11-06,ABBV,213.9808
2025-11-07,ABBV,214.098
2025-11-10,ABBV,213.6584
2025-11-11,ABBV,219.9692
2025-11-12,ABBV,227.843
2025-11-13,ABBV,226.9247
2025-11-14,ABBV,226.9931
2025-11-17,ABBV,228.5953
2025-11-18,ABBV,228.4682
2025-11-19,ABBV,227.5304
2025-11-20,ABBV,224.1503
2025-11-21,ABBV,230.8226
2025-11-24,ABBV,224.209
2025-11-25,ABBV,226.4461
2025-11-26,ABBV,222.4017
2025-11-28,ABBV,222.4408
2025-12-01,ABBV,219.9106
2025-12-02,ABBV,219.1877
2025-12-03,ABBV,224.9221
2025-12-04,ABBV,223.4274
2025-12-05,ABBV,220.8582
2025-12-08,ABBV,217.9666
2025-12-09,ABBV,217.8396
2025-12-10,ABBV,219.979
2025-12-11,ABBV,218.8067
2025-12-12,ABBV,218.1619
2025-12-15,ABBV,222.1965
2025-12-16,ABBV,218.5038
2025-12-17,ABBV,219.1291
2025-12-18,ABBV,217.6735
2025-12-19,ABBV,221.5811
2025-12-22,ABBV,222.6459
2025-12-23,ABBV,223.5056
2025-12-24,ABBV,224.5802
2025-12-26,ABBV,224.6681
2025-12-29,ABBV,225.5082
2025-12-30,ABBV,224.4337
2025-12-31,ABBV,223.2125
2026-01-02,ABBV,224.0136
2026-01-05,ABBV,215.0944
2026-01-06,ABBV,218.7578
2026-01-07,ABBV,228.0287
2026-01-08,ABBV,218.9532
2026-01-09,ABBV,214.9968
2026-01-12,ABBV,214.9577
2026-01-13,ABBV,215.6513
2026-01-14,ABBV,216.765
2026-01-15,ABBV,211.7437
2026-01-16,ABBV,211.0839
2026-01-20,ABBV,210.7786
2026-01-21,ABBV,212.8564
2026-01-22,ABBV,214.7866
2026-01-23,ABBV,215.9191
2026-01-26,ABBV,217.4061
2026-01-27,ABBV,220.5179
2026-01-28,ABBV,215.3381
2026-01-29,ABBV,217.0712
2026-01-30,ABBV,219.6119
2026-02-02,ABBV,222.2019
2026-02-03,ABBV,222.2216
2026-02-04,ABBV,213.8018
2026-02-05,ABBV,215.6827
2026-02-06,ABBV,220.0255
2026-02-09,ABBV,219.8581
2026-02-10,ABBV,219.0506
2026-02-11,ABBV,217.5242
2026-02-12,ABBV,224.0335
2026-02-13,ABBV,227.9726
2026-02-17,ABBV,229.3118
2026-02-18,ABBV,225.2349
2026-02-19,ABBV,220.9315
2026-02-20,ABBV,221.3845
2026-02-23,ABBV,225.9833
2026-02-24,ABBV,224.9592
2026-02-25,ABBV,223.4624
2026-02-26,ABBV,221.2663
2026-02-27,ABBV,228.5437
2026-03-02,ABBV,230.6905
2026-03-03,ABBV,230.2966
2026-03-04,ABBV,232.5911
2026-03-05,ABBV,228.8096
2026-03-06,ABBV,226.6037
2026-03-09,ABBV,223.9843
2026-03-10,ABBV,223.551
2026-03-11,ABBV,224.2108
2026-03-12,ABBV,221.936
2026-03-13,ABBV,216.3327
2026-03-16,ABBV,218.0757
2026-03-17,ABBV,216.4114
2026-03-18,ABBV,205.1655
2026-03-19,ABBV,203.0876
2026-03-20,ABBV,201.9453
2026-03-23,ABBV,201.8074
2026-03-24,ABBV,202.0733
2026-03-25,ABBV,204.0231
2026-03-26,ABBV,207.9031
2026-03-27,ABBV,206.2093
2026-03-30,ABBV,209.8726
2026-03-31,ABBV,214.176
2026-04-01,ABBV,211.7043
2026-04-02,ABBV,205.6578
2026-04-06,ABBV,203.5406
2026-04-07,ABBV,203.2255
2026-04-08,ABBV,208.3659
2026-04-09,ABBV,209.1636
2026-04-10,ABBV,204.7716
2026-04-13,ABBV,203.324
2026-04-14,ABBV,207.0562
2026-04-15,ABBV,206.947
2026-04-16,ABBV,207.513
2026-04-17,ABBV,206.9073
2026-04-20,ABBV,202.2703
2026-04-21,ABBV,203.6703
2026-04-22,ABBV,199.0829
2026-04-23,ABBV,199.5298
2026-04-24,ABBV,197.3056
2026-04-27,ABBV,195.985
2026-04-28,ABBV,196.2928
2026-04-29,ABBV,202.449
2026-04-30,ABBV,209.8265
2026-05-01,ABBV,205.1398
2026-05-04,ABBV,206.6888
2026-05-05,ABBV,204.6533
2026-05-06,ABBV,203.5809
2026-05-07,ABBV,201.2773
2026-05-08,ABBV,200.1255
2026-05-11,ABBV,201.3468
2026-05-12,ABBV,206.3909
2026-05-13,ABBV,207.0264
2026-05-14,ABBV,209.2804
2026-05-15,ABBV,208.9031
2026-05-18,ABBV,207.93
2026-05-19,ABBV,212.2492
2026-05-20,ABBV,210.7996
2026-05-21,ABBV,212.984
2026-05-22,ABBV,214.1755
2026-05-26,ABBV,211.6138
2026-05-27,ABBV,213.8776
2026-05-28,ABBV,217.0848
2026-05-29,ABBV,216.1813
2026-06-01,ABBV,211.4251
2026-06-02,ABBV,213.8776
2026-06-03,ABBV,215.5954
2026-06-04,ABBV,223.3502
2026-06-05,ABBV,225.624
2026-06-08,ABBV,221.4935
2026-06-09,ABBV,223.8268
2026-06-10,ABBV,223.3602
2026-06-11,ABBV,223.1814
2026-06-12,ABBV,226.1205
2026-06-15,ABBV,220.0239
2026-06-16,ABBV,220.8977
2026-06-17,ABBV,219.6664
2026-06-18,ABBV,214.9599
2026-06-22,ABBV,228.3844
2026-06-23,ABBV,233.1008
2026-06-24,ABBV,233.2299
2026-06-25,ABBV,241.4216
2026-06-26,ABBV,251.5594
2026-06-29,ABBV,252.5126
2026-06-30,ABBV,249.8615
2026-07-01,ABBV,249.2856
2026-07-02,ABBV,259.2249
2026-07-06,ABBV,252.9595
2026-07-07,ABBV,252.8502
2026-07-08,ABBV,250.9538
2026-07-09,ABBV,248.1438
2026-07-10,ABBV,246.3267
2026-07-13,ABBV,246.2472
2026-07-14,ABBV,243.05
2026-07-15,ABBV,244.11
2026-07-16,ABBV,254.39
2026-07-17,ABBV,254.49
2026-07-20,ABBV,253.38
2026-07-21,ABBV,256.1
2026-07-22,ABBV,253.3
2026-07-23,ABBV,256.92
2026-07-24,ABBV,259.36
2026-07-27,ABBV,256.91
2026-07-28,ABBV,263.2
2026-07-29,ABBV,263.3
2026-07-30,ABBV,257.41
2026-07-31,ABBV,250.94
2026-08-03,ABBV,245.1
2026-08-04,ABBV,243.8
2026-08-05,ABBV,246.2
2026-08-06,ABBV,243.87
2026-08-07,ABBV,246.04
2026-08-10,ABBV,247.97
2026-08-11,ABBV,250.09
2026-08-12,ABBV,248.76
2026-08-13,ABBV,250.82
2026-08-14,ABBV,249.46
2026-08-17,ABBV,250.33
2026-08-18,ABBV,258.92
2026-08-19,ABBV,265.97
2026-08-20,ABBV,261.83
2026-08-21,ABBV,264.96
2026-08-24,ABBV,264.52
2026-08-25,ABBV,265.79
2026-08-26,ABBV,262.9
2026-08-27,ABBV,258.15
2026-08-28,ABBV,255.48
2026-08-31,ABBV,256.42
2026-09-01,ABBV,259.99
2026-09-02,ABBV,261.72
2026-09-03,ABBV,260.21
2026-09-04,ABBV,256.46
2026-09-08,ABBV,248.78
2026-09-09,ABBV,250.91
2026-09-10,ABBV,255.0
2026-09-11,ABBV,257.12
2026-09-14,ABBV,261.77
2026-09-15,ABBV,263.04
2026-09-16,ABBV,262.51
2026-09-17,ABBV,264.02
2026-09-18,ABBV,263.96
2026-09-21,ABBV,264.48
2026-09-22,ABBV,265.21
2026-09-23,ABBV,265.08
2026-09-24,ABBV,265.12
2026-09-25,ABBV,264.34
2026-09-28,ABBV,266.28
2026-09-29,ABBV,263.29
2026-09-30,ABBV,261.59
2026-10-01,ABBV,259.93
2026-10-02,ABBV,262.82
2025-10-03,ABT,131.5494
2025-10-06,ABT,130.7186
2025-10-07,ABT,130.0149
2025-10-08,ABT,131.2366
2025-10-09,ABT,130.2983
2025-10-10,ABT,129.575
2025-10-13,ABT,128.4119
2025-10-14,ABT,130.2592
2025-10-15,ABT,127.0882
2025-10-16,ABT,125.3013
2025-10-17,ABT,126.1947
2025-10-20,ABT,127.1471
2025-10-21,ABT,125.213
2025-10-22,ABT,125.6155
2025-10-23,ABT,124.0349
2025-10-24,ABT,124.5356
2025-10-27,ABT,124.8596
2025-10-28,ABT,124.3
2025-10-29,ABT,122.1597
2025-10-30,ABT,122.3954
2025-10-31,ABT,121.3645
2025-11-03,ABT,121.5805
2025-11-04,ABT,123.5047
2025-11-05,ABT,122.2677
2025-11-06,ABT,122.6702
2025-11-07,ABT,124.0545
2025-11-10,ABT,123.5931
2025-11-11,ABT,124.6828
2025-11-12,ABT,126.4697
2025-11-13,ABT,126.9016
2025-11-14,ABT,128.2074
2025-11-17,ABT,127.6576
2025-11-18,ABT,127.6281
2025-11-19,ABT,123.8484
2025-11-20,ABT,121.7081
2025-11-21,ABT,125.7726
2025-11-24,ABT,124.8694
2025-11-25,ABT,125.7137
2025-11-26,ABT,126.1947
2025-11-28,ABT,126.5482
2025-12-01,ABT,125.6744
2025-12-02,ABT,124.0153
2025-12-03,ABT,123.0041
2025-12-04,ABT,123.112
2025-12-05,ABT,122.7979
2025-12-08,ABT,119.8624
2025-12-09,ABT,119.0378
2025-12-10,ABT,120.314
2025-12-11,ABT,121.0307
2025-12-12,ABT,123.171
2025-12-15,ABT,126.126
2025-12-16,ABT,124.5454
2025-12-17,ABT,124.3981
2025-12-18,ABT,122.8372
2025-12-19,ABT,123.1611
2025-12-22,ABT,122.9157
2025-12-23,ABT,122.2677
2025-12-24,ABT,122.5328
2025-12-26,ABT,122.5623
2025-12-29,ABT,122.2972
2025-12-30,ABT,123.4851
2025-12-31,ABT,123.0041
2026-01-02,ABT,121.9241
2026-01-05,ABT,124.1429
2026-01-06,ABT,125.4486
2026-01-07,ABT,124.7221
2026-01-08,ABT,123.8778
2026-01-09,ABT,123.6226
2026-01-12,ABT,122.3659
2026-01-13,ABT,122.0321
2026-01-14,ABT,122.7193
2026-01-15,ABT,121.8905
2026-01-16,ABT,120.144
2026-01-20,ABT,119.5322
2026-01-21,ABT,119.1277
2026-01-22,ABT,107.1685
2026-01-23,ABT,105.9943
2026-01-26,ABT,107.3264
2026-01-27,ABT,106.833
2026-01-28,ABT,104.6425
2026-01-29,ABT,104.6819
2026-01-30,ABT,107.8494
2026-02-02,ABT,107.9579
2026-02-03,ABT,107.5731
2026-02-04,ABT,106.7639
2026-02-05,ABT,107.6323
2026-02-06,ABT,109.359
2026-02-09,ABT,109.5959
2026-02-10,ABT,110.7898
2026-02-11,ABT,112.0824
2026-02-12,ABT,109.9906
2026-02-13,ABT,111.1845
2026-02-17,ABT,110.7701
2026-02-18,ABT,111.7864
2026-02-19,ABT,110.701
2026-02-20,ABT,110.7207
2026-02-23,ABT,113.7598
2026-02-24,ABT,113.0593
2026-02-25,ABT,113.2369
2026-02-26,ABT,114.717
2026-02-27,ABT,114.8058
2026-03-02,ABT,112.6054
2026-03-03,ABT,112.1021
2026-03-04,ABT,111.5989
2026-03-05,ABT,109.5663
2026-03-06,ABT,108.1059
2026-03-09,ABT,111.1549
2026-03-10,ABT,109.0828
2026-03-11,ABT,108.7867
2026-03-12,ABT,106.7048
2026-03-13,ABT,106.5962
2026-03-16,ABT,108.4907
2026-03-17,ABT,109.2406
2026-03-18,ABT,107.0501
2026-03-19,ABT,105.7674
2026-03-20,ABT,104.0603
2026-03-23,ABT,103.4584
2026-03-24,ABT,102.6789
2026-03-25,ABT,103.4387
2026-03-26,ABT,103.1821
2026-03-27,ABT,102.6098
2026-03-30,ABT,100.5278
2026-03-31,ABT,101.3073
2026-04-01,ABT,101.0212
2026-04-02,ABT,101.5047
2026-04-06,ABT,100.9423
2026-04-07,ABT,100.4785
2026-04-08,ABT,102.1855
2026-04-09,ABT,101.3567
2026-04-10,ABT,98.9688
2026-04-13,ABT,99.3536
2026-04-14,ABT,99.7089
2026-04-15,ABT,100.8408
2026-04-16,ABT,94.7939
2026-04-17,ABT,96.1244
2026-04-20,ABT,95.3201
2026-04-21,ABT,92.0634
2026-04-22,ABT,91.0506
2026-04-23,ABT,91.8251
2026-04-24,ABT,90.4846
2026-04-27,ABT,92.1428
2026-04-28,ABT,93.1953
2026-04-29,ABT,90.6832
2026-04-30,ABT,90.147
2026-05-01,ABT,88.8265
2026-05-04,ABT,86.9201
2026-05-05,ABT,86.5527
2026-05-06,ABT,85.6888
2026-05-07,ABT,86.3938
2026-05-08,ABT,83.7229
2026-05-11,ABT,81.9753
2026-05-12,ABT,83.7526
2026-05-13,ABT,83.2363
2026-05-14,ABT,84.2988
2026-05-15,ABT,83.8718
2026-05-18,ABT,87.2874
2026-05-19,ABT,88.191
2026-05-20,ABT,87.7541
2026-05-21,ABT,87.1484
2026-05-22,ABT,86.791
2026-05-26,ABT,86.0562
2026-05-27,ABT,85.0732
2026-05-28,ABT,85.6888
2026-05-29,ABT,84.9938
2026-06-01,ABT,87.1584
2026-06-02,ABT,86.3541
2026-06-03,ABT,86.374
2026-06-04,ABT,90.1371
2026-06-05,ABT,90.4251
2026-06-08,ABT,89.8591
2026-06-09,ABT,90.6038
2026-06-10,ABT,88.5385
2026-06-11,ABT,89.0151
2026-06-12,ABT,87.5555
2026-06-15,ABT,88.0421
2026-06-16,ABT,89.9782
2026-06-17,ABT,87.8733
2026-06-18,ABT,87.7839
2026-06-22,ABT,87.208
2026-06-23,ABT,89.8889
2026-06-24,ABT,89.8492
2026-06-25,ABT,92.5797
2026-06-26,ABT,93.4535
2026-06-29,ABT,92.0534
2026-06-30,ABT,90.0974
2026-07-01,ABT,91.5272
2026-07-02,ABT,94.7244
2026-07-06,ABT,94.9528
2026-07-07,ABT,95.1613
2026-07-08,ABT,94.506
2026-07-09,ABT,93.7315
2026-07-10,ABT,93.2648
2026-07-13,ABT,91.4577
2026-07-14,ABT,88.33
2026-07-15,ABT,89.27
2026-07-16,ABT,98.83
2026-07-17,ABT,100.68
2026-07-20,ABT,101.66
2026-07-21,ABT,99.67
2026-07-22,ABT,100.57
2026-07-23,ABT,100.75
2026-07-24,ABT,103.06
2026-07-27,ABT,104.49
2026-07-28,ABT,107.27
2026-07-29,ABT,108.0
2026-07-30,ABT,105.61
2026-07-31,ABT,105.7
2026-08-03,ABT,107.12
2026-08-04,ABT,105.46
2026-08-05,ABT,105.71
2026-08-06,ABT,107.96
2026-08-07,ABT,107.81
2026-08-10,ABT,108.62
2026-08-11,ABT,109.72
2026-08-12,ABT,110.91
2026-08-13,ABT,111.27
2026-08-14,ABT,111.25
2026-08-17,ABT,110.37
2026-08-18,ABT,112.68
2026-08-19,ABT,114.43
2026-08-20,ABT,114.14
2026-08-21,ABT,116.64
2026-08-24,ABT,116.67
2026-08-25,ABT,116.13
2026-08-26,ABT,114.1
2026-08-27,ABT,111.59
2026-08-28,ABT,112.47
2026-08-31,ABT,110.36
2026-09-01,ABT,108.93
2026-09-02,ABT,110.47
2026-09-03,ABT,108.79
2026-09-04,ABT,108.33
2026-09-08,ABT,105.52
2026-09-09,ABT,105.23
2026-09-10,ABT,103.36
2026-09-11,ABT,101.95
2026-09-14,ABT,103.09
2026-09-15,ABT,102.03
2026-09-16,ABT,102.36
2026-09-17,ABT,102.23
2026-09-18,ABT,102.61
2026-09-21,ABT,102.98
2026-09-22,ABT,103.69
2026-09-23,ABT,103.49
2026-09-24,ABT,101.07
2026-09-25,ABT,101.29
2026-09-28,ABT,100.98
2026-09-29,ABT,100.95
2026-09-30,ABT,98.83
2026-10-01,ABT,96.69
2026-10-02,ABT,97.5
2025-10-03,ADBE,346.74
2025-10-06,ADBE,350.14
2025-10-07,ADBE,348.31
2025-10-08,ADBE,348.77
2025-10-09,ADBE,347.47
2025-10-10,ADBE,337.51
2025-10-13,ADBE,339.32
2025-10-14,ADBE,335.94
2025-10-15,ADBE,330.63
2025-10-16,ADBE,329.23
2025-10-17,ADBE,333.26
2025-10-20,ADBE,343.4
2025-10-21,ADBE,357.55
2025-10-22,ADBE,354.09
2025-10-23,ADBE,354.12
2025-10-24,ADBE,353.52
2025-10-27,ADBE,357.8
2025-10-28,ADBE,359.91
2025-10-29,ADBE,337.86
2025-10-30,ADBE,339.24
2025-10-31,ADBE,340.31
2025-11-03,ADBE,337.47
2025-11-04,ADBE,335.35
2025-11-05,ADBE,335.53
2025-11-06,ADBE,327.35
2025-11-07,ADBE,326.95
2025-11-10,ADBE,328.85
2025-11-11,ADBE,333.22
2025-11-12,ADBE,337.05
2025-11-13,ADBE,333.6
2025-11-14,ADBE,331.11
2025-11-17,ADBE,325.07
2025-11-18,ADBE,324.47
2025-11-19,ADBE,318.11
2025-11-20,ADBE,312.4
2025-11-21,ADBE,324.19
2025-11-24,ADBE,318.73
2025-11-25,ADBE,319.55
2025-11-26,ADBE,317.52
2025-11-28,ADBE,320.13
2025-12-01,ADBE,322.85
2025-12-02,ADBE,322.81
2025-12-03,ADBE,326.78
2025-12-04,ADBE,328.73
2025-12-05,ADBE,346.26
2025-12-08,ADBE,339.12
2025-12-09,ADBE,344.32
2025-12-10,ADBE,343.13
2025-12-11,ADBE,350.43
2025-12-12,ADBE,356.43
2025-12-15,ADBE,351.15
2025-12-16,ADBE,347.89
2025-12-17,ADBE,354.66
2025-12-18,ADBE,355.81
2025-12-19,ADBE,355.86
2025-12-22,ADBE,357.53
2025-12-23,ADBE,352.42
2025-12-24,ADBE,352.98
2025-12-26,ADBE,353.8
2025-12-29,ADBE,353.16
2025-12-30,ADBE,352.51
2025-12-31,ADBE,349.99
2026-01-02,ADBE,333.3
2026-01-05,ADBE,331.56
2026-01-06,ADBE,335.99
2026-01-07,ADBE,338.1
2026-01-08,ADBE,339.04
2026-01-09,ADBE,333.95
2026-01-12,ADBE,327.65
2026-01-13,ADBE,309.93
2026-01-14,ADBE,304.44
2026-01-15,ADBE,304.09
2026-01-16,ADBE,296.12
2026-01-20,ADBE,290.37
2026-01-21,ADBE,294.23
2026-01-22,ADBE,299.73
2026-01-23,ADBE,301.07
2026-01-26,ADBE,304.72
2026-01-27,ADBE,297.42
2026-01-28,ADBE,299.58
2026-01-29,ADBE,291.65
2026-01-30,ADBE,293.25
2026-02-02,ADBE,293.38
2026-02-03,ADBE,271.93
2026-02-04,ADBE,279.71
2026-02-05,ADBE,269.39
2026-02-06,ADBE,268.38
2026-02-09,ADBE,266.9
2026-02-10,ADBE,264.67
2026-02-11,ADBE,257.16
2026-02-12,ADBE,262.5
2026-02-13,ADBE,263.97
2026-02-17,ADBE,260.45
2026-02-18,ADBE,263.17
2026-02-19,ADBE,259.21
2026-02-20,ADBE,258.61
2026-02-23,ADBE,246.68
2026-02-24,ADBE,255.17
2026-02-25,ADBE,257.81
2026-02-26,ADBE,259.04
2026-02-27,ADBE,262.41
2026-03-02,ADBE,260.88
2026-03-03,ADBE,270.99
2026-03-04,ADBE,273.12
2026-03-05,ADBE,281.74
2026-03-06,ADBE,283.62
2026-03-09,ADBE,282.44
2026-03-10,ADBE,275.13
2026-03-11,ADBE,273.71
2026-03-12,ADBE,269.78
2026-03-13,ADBE,249.32
2026-03-16,ADBE,251.86
2026-03-17,ADBE,254.2
2026-03-18,ADBE,246.0
2026-03-19,ADBE,245.99
2026-03-20,ADBE,248.15
2026-03-23,ADBE,247.64
2026-03-24,ADBE,238.87
2026-03-25,ADBE,237.25
2026-03-26,ADBE,240.88
2026-03-27,ADBE,234.84
2026-03-30,ADBE,241.13
2026-03-31,ADBE,243.08
2026-04-01,ADBE,241.37
2026-04-02,ADBE,242.92
2026-04-06,ADBE,244.36
2026-04-07,ADBE,240.14
2026-04-08,ADBE,239.31
2026-04-09,ADBE,229.94
2026-04-10,ADBE,225.35
2026-04-13,ADBE,240.11
2026-04-14,ADBE,235.72
2026-04-15,ADBE,244.66
2026-04-16,ADBE,248.16
2026-04-17,ADBE,244.45
2026-04-20,ADBE,248.63
2026-04-21,ADBE,247.18
2026-04-22,ADBE,255.94
2026-04-23,ADBE,238.98
2026-04-24,ADBE,245.44
2026-04-27,ADBE,239.31
2026-04-28,ADBE,243.2
2026-04-29,ADBE,243.57
2026-04-30,ADBE,246.1
2026-05-01,ADBE,250.71
2026-05-04,ADBE,253.96
2026-05-05,ADBE,255.62
2026-05-06,ADBE,250.17
2026-05-07,ADBE,256.51
2026-05-08,ADBE,253.04
2026-05-11,ADBE,246.15
2026-05-12,ADBE,240.83
2026-05-13,ADBE,236.07
2026-05-14,ADBE,237.01
2026-05-15,ADBE,247.6
2026-05-18,ADBE,255.64
2026-05-19,ADBE,254.99
2026-05-20,ADBE,253.37
2026-05-21,ADBE,244.1
2026-05-22,ADBE,244.76
2026-05-26,ADBE,240.49
2026-05-27,ADBE,238.24
2026-05-28,ADBE,241.44
2026-05-29,ADBE,259.21
2026-06-01,ADBE,274.03
2026-06-02,ADBE,262.11
2026-06-03,ADBE,256.24
2026-06-04,ADBE,258.42
2026-06-05,ADBE,251.44
2026-06-08,ADBE,244.99
2026-06-09,ADBE,237.88
2026-06-10,ADBE,233.38
2026-06-11,ADBE,218.8
2026-06-12,ADBE,204.02
2026-06-15,ADBE,206.36
2026-06-16,ADBE,207.32
2026-06-17,ADBE,196.28
2026-06-18,ADBE,195.16
2026-06-22,ADBE,194.9
2026-06-23,ADBE,197.43
2026-06-24,ADBE,196.57
2026-06-25,ADBE,193.41
2026-06-26,ADBE,202.73
2026-06-29,ADBE,206.43
2026-06-30,ADBE,205.02
2026-07-01,ADBE,210.98
2026-07-02,ADBE,219.72
2026-07-06,ADBE,218.07
2026-07-07,ADBE,221.54
2026-07-08,ADBE,220.94
2026-07-09,ADBE,222.65
2026-07-10,ADBE,223.64
2026-07-13,ADBE,230.61
2026-07-14,ADBE,220.78
2026-07-15,ADBE,224.56
2026-07-16,ADBE,235.31
2026-07-17,ADBE,237.25
2026-07-20,ADBE,234.74
2026-07-21,ADBE,227.16
2026-07-22,ADBE,218.36
2026-07-23,ADBE,212.17
2026-07-24,ADBE,225.11
2026-07-27,ADBE,237.75
2026-07-28,ADBE,249.18
2026-07-29,ADBE,263.43
2026-07-30,ADBE,247.9
2026-07-31,ADBE,250.41
2026-08-03,ADBE,251.34
2026-08-04,ADBE,257.49
2026-08-05,ADBE,259.32
2026-08-06,ADBE,260.24
2026-08-07,ADBE,265.21
2026-08-10,ADBE,272.96
2026-08-11,ADBE,263.71
2026-08-12,ADBE,258.75
2026-08-13,ADBE,270.49
2026-08-14,ADBE,264.02
2026-08-17,ADBE,254.04
2026-08-18,ADBE,263.14
2026-08-19,ADBE,272.47
2026-08-20,ADBE,272.22
2026-08-21,ADBE,275.3
2026-08-24,ADBE,276.27
2026-08-25,ADBE,273.92
2026-08-26,ADBE,273.47
2026-08-27,ADBE,289.15
2026-08-28,ADBE,291.52
2026-08-31,ADBE,292.79
2026-09-01,ADBE,286.08
2026-09-02,ADBE,279.79
2026-09-03,ADBE,285.75
2026-09-04,ADBE,266.51
2026-09-08,ADBE,257.26
2026-09-09,ADBE,254.86
2026-09-10,ADBE,248.83
2026-09-11,ADBE,252.23
2026-09-14,ADBE,265.6
2026-09-15,ADBE,257.76
2026-09-16,ADBE,250.5
2026-09-17,ADBE,252.67
2026-09-18,ADBE,248.92
2026-09-21,ADBE,249.52
2026-09-22,ADBE,238.25
2026-09-23,ADBE,240.69
2026-09-24,ADBE,238.93
2026-09-25,ADBE,235.47
2026-09-28,ADBE,231.01
2026-09-29,ADBE,233.17
2026-09-30,ADBE,239.94
2026-10-01,ADBE,241.28
2026-10-02,ADBE,237.69
2025-10-03,AMD,164.67
2025-10-06,AMD,203.71
2025-10-07,AMD,211.51
2025-10-08,AMD,235.56
2025-10-09,AMD,232.89
2025-10-10,AMD,214.9
2025-10-13,AMD,216.42
2025-10-14,AMD,218.09
2025-10-15,AMD,238.6
2025-10-16,AMD,234.56
2025-10-17,AMD,233.08
2025-10-20,AMD,240.56
2025-10-21,AMD,238.03
2025-10-22,AMD,230.23
2025-10-23,AMD,234.99
2025-10-24,AMD,252.92
2025-10-27,AMD,259.67
2025-10-28,AMD,258.01
2025-10-29,AMD,264.33
2025-10-30,AMD,254.84
2025-10-31,AMD,256.12
2025-11-03,AMD,259.65
2025-11-04,AMD,250.05
2025-11-05,AMD,256.33
2025-11-06,AMD,237.7
2025-11-07,AMD,233.54
2025-11-10,AMD,243.98
2025-11-11,AMD,237.52
2025-11-12,AMD,258.89
2025-11-13,AMD,247.96
2025-11-14,AMD,246.81
2025-11-17,AMD,240.52
2025-11-18,AMD,230.29
2025-11-19,AMD,223.55
2025-11-20,AMD,206.02
2025-11-21,AMD,203.78
2025-11-24,AMD,215.05
2025-11-25,AMD,206.13
2025-11-26,AMD,214.24
2025-11-28,AMD,217.53
2025-12-01,AMD,219.76
2025-12-02,AMD,215.24
2025-12-03,AMD,217.6
2025-12-04,AMD,215.98
2025-12-05,AMD,217.97
2025-12-08,AMD,221.11
2025-12-09,AMD,221.62
2025-12-10,AMD,221.42
2025-12-11,AMD,221.43
2025-12-12,AMD,210.78
2025-12-15,AMD,207.58
2025-12-16,AMD,209.17
2025-12-17,AMD,198.11
2025-12-18,AMD,201.06
2025-12-19,AMD,213.43
2025-12-22,AMD,214.95
2025-12-23,AMD,214.9
2025-12-24,AMD,215.04
2025-12-26,AMD,214.99
2025-12-29,AMD,215.61
2025-12-30,AMD,215.34
2025-12-31,AMD,214.16
2026-01-02,AMD,223.47
2026-01-05,AMD,221.08
2026-01-06,AMD,214.35
2026-01-07,AMD,210.02
2026-01-08,AMD,204.68
2026-01-09,AMD,203.17
2026-01-12,AMD,207.69
2026-01-13,AMD,220.97
2026-01-14,AMD,223.6
2026-01-15,AMD,227.92
2026-01-16,AMD,231.83
2026-01-20,AMD,231.92
2026-01-21,AMD,249.8
2026-01-22,AMD,253.73
2026-01-23,AMD,259.68
2026-01-26,AMD,251.31
2026-01-27,AMD,252.03
2026-01-28,AMD,252.74
2026-01-29,AMD,252.18
2026-01-30,AMD,236.73
2026-02-02,AMD,246.27
2026-02-03,AMD,242.11
2026-02-04,AMD,200.19
2026-02-05,AMD,192.5
2026-02-06,AMD,208.44
2026-02-09,AMD,216.0
2026-02-10,AMD,213.57
2026-02-11,AMD,213.58
2026-02-12,AMD,205.94
2026-02-13,AMD,207.32
2026-02-17,AMD,203.08
2026-02-18,AMD,200.12
2026-02-19,AMD,203.37
2026-02-20,AMD,200.15
2026-02-23,AMD,196.6
2026-02-24,AMD,213.84
2026-02-25,AMD,210.86
2026-02-26,AMD,203.68
2026-02-27,AMD,200.21
2026-03-02,AMD,198.62
2026-03-03,AMD,190.95
2026-03-04,AMD,202.07
2026-03-05,AMD,199.45
2026-03-06,AMD,192.43
2026-03-09,AMD,202.68
2026-03-10,AMD,203.23
2026-03-11,AMD,204.83
2026-03-12,AMD,197.74
2026-03-13,AMD,193.39
2026-03-16,AMD,196.58
2026-03-17,AMD,196.31
2026-03-18,AMD,199.46
2026-03-19,AMD,205.27
2026-03-20,AMD,201.33
2026-03-23,AMD,202.68
2026-03-24,AMD,205.37
2026-03-25,AMD,220.27
2026-03-26,AMD,203.77
2026-03-27,AMD,201.99
2026-03-30,AMD,196.04
2026-03-31,AMD,203.43
2026-04-01,AMD,210.21
2026-04-02,AMD,217.5
2026-04-06,AMD,220.18
2026-04-07,AMD,221.53
2026-04-08,AMD,231.82
2026-04-09,AMD,236.64
2026-04-10,AMD,245.04
2026-04-13,AMD,246.83
2026-04-14,AMD,255.07
2026-04-15,AMD,258.12
2026-04-16,AMD,278.26
2026-04-17,AMD,278.39
2026-04-20,AMD,274.95
2026-04-21,AMD,284.49
2026-04-22,AMD,303.46
2026-04-23,AMD,305.33
2026-04-24,AMD,347.81
2026-04-27,AMD,334.63
2026-04-28,AMD,323.21
2026-04-29,AMD,337.11
2026-04-30,AMD,354.49
2026-05-01,AMD,360.54
2026-05-04,AMD,341.54
2026-05-05,AMD,355.26
2026-05-06,AMD,421.39
2026-05-07,AMD,408.46
2026-05-08,AMD,455.19
2026-05-11,AMD,458.79
2026-05-12,AMD,448.29
2026-05-13,AMD,445.5
2026-05-14,AMD,449.7
2026-05-15,AMD,424.1
2026-05-18,AMD,420.99
2026-05-19,AMD,414.05
2026-05-20,AMD,447.58
2026-05-21,AMD,449.59
2026-05-22,AMD,467.51
2026-05-26,AMD,503.89
2026-05-27,AMD,495.54
2026-05-28,AMD,518.09
2026-05-29,AMD,516.1
2026-06-01,AMD,510.13
2026-06-02,AMD,521.54
2026-06-03,AMD,542.52
2026-06-04,AMD,523.2
2026-06-05,AMD,466.38
2026-06-08,AMD,490.33
2026-06-09,AMD,475.51
2026-06-10,AMD,452.4
2026-06-11,AMD,488.45
2026-06-12,AMD,511.57
2026-06-15,AMD,547.26
2026-06-16,AMD,507.29
2026-06-17,AMD,512.48
2026-06-18,AMD,537.37
2026-06-22,AMD,551.63
2026-06-23,AMD,519.85
2026-06-24,AMD,519.74
2026-06-25,AMD,532.57
2026-06-26,AMD,521.58
2026-06-29,AMD,539.49
2026-06-30,AMD,580.91
2026-07-01,AMD,540.88
2026-07-02,AMD,517.82
2026-07-06,AMD,552.05
2026-07-07,AMD,516.11
2026-07-08,AMD,517.41
2026-07-09,AMD,546.72
2026-07-10,AMD,557.89
2026-07-13,AMD,534.39
2026-07-14,AMD,548.13
2026-07-15,AMD,529.14
2026-07-16,AMD,500.94
2026-07-17,AMD,495.76
2026-07-20,AMD,503.57
2026-07-21,AMD,544.43
2026-07-22,AMD,552.33
2026-07-23,AMD,539.69
2026-07-24,AMD,521.95
2026-07-27,AMD,494.95
2026-07-28,AMD,454.62
2026-07-29,AMD,429.56
2026-07-30,AMD,485.39
2026-07-31,AMD,476.15
2026-08-03,AMD,484.64
2026-08-04,AMD,518.58
2026-08-05,AMD,482.05
2026-08-06,AMD,489.28
2026-08-07,AMD,483.36
2026-08-10,AMD,469.56
2026-08-11,AMD,474.32
2026-08-12,AMD,482.93
2026-08-13,AMD,483.01
2026-08-14,AMD,514.39
2026-08-17,AMD,506.0
2026-08-18,AMD,484.39
2026-08-19,AMD,466.42
2026-08-20,AMD,469.46
2026-08-21,AMD,473.25
2026-08-24,AMD,456.75
2026-08-25,AMD,479.18
2026-08-26,AMD,480.93
2026-08-27,AMD,476.67
2026-08-28,AMD,465.58
2026-08-31,AMD,470.72
2026-09-01,AMD,459.61
2026-09-02,AMD,457.06
2026-09-03,AMD,456.16
2026-09-04,AMD,477.57
2026-09-08,AMD,505.74
2026-09-09,AMD,521.1
2026-09-10,AMD,503.6
2026-09-11,AMD,516.13
2026-09-14,AMD,493.41
2026-09-15,AMD,504.2
2026-09-16,AMD,512.5
2026-09-17,AMD,545.09
2026-09-18,AMD,559.82
2026-09-21,AMD,615.52
2026-09-22,AMD,623.77
2026-09-23,AMD,614.61
2026-09-24,AMD,629.26
2026-09-25,AMD,630.63
2026-09-28,AMD,607.87
2026-09-29,AMD,607.57
2026-09-30,AMD,611.76
2026-10-01,AMD,615.73
2026-10-02,AMD,633.91
2025-10-03,AMGN,289.8495
2025-10-06,AMGN,286.1812
2025-10-07,AMGN,287.563
2025-10-08,AMGN,286.6678
2025-10-09,AMGN,287.4559
2025-10-10,AMGN,282.299
2025-10-13,AMGN,284.5077
2025-10-14,AMGN,285.9185
2025-10-15,AMGN,289.2949
2025-10-16,AMGN,287.8257
2025-10-17,AMGN,290.7447
2025-10-20,AMGN,295.1427
2025-10-21,AMGN,293.0118
2025-10-22,AMGN,287.9911
2025-10-23,AMGN,284.9845
2025-10-24,AMGN,283.885
2025-10-27,AMGN,283.3012
2025-10-28,AMGN,284.206
2025-10-29,AMGN,283.8947
2025-10-30,AMGN,284.1185
2025-10-31,AMGN,290.3749
2025-11-03,AMGN,288.3024
2025-11-04,AMGN,288.6916
2025-11-05,AMGN,311.2265
2025-11-06,AMGN,307.0718
2025-11-07,AMGN,311.5573
2025-11-10,AMGN,314.9239
2025-11-11,AMGN,329.3148
2025-11-12,AMGN,327.2033
2025-11-13,AMGN,326.9308
2025-11-14,AMGN,327.6509
2025-11-17,AMGN,332.4867
2025-11-18,AMGN,334.7052
2025-11-19,AMGN,333.1581
2025-11-20,AMGN,326.999
2025-11-21,AMGN,330.7718
2025-11-24,AMGN,327.5967
2025-11-25,AMGN,334.2702
2025-11-26,AMGN,337.6608
2025-11-28,AMGN,338.5329
2025-12-01,AMGN,330.7228
2025-12-02,AMGN,331.5753
2025-12-03,AMGN,338.4938
2025-12-04,AMGN,333.3392
2025-12-05,AMGN,323.2752
2025-12-08,AMGN,314.7888
2025-12-09,AMGN,307.5568
2025-12-10,AMGN,309.0561
2025-12-11,AMGN,311.016
2025-12-12,AMGN,311.3688
2025-12-15,AMGN,318.787
2025-12-16,AMGN,320.1884
2025-12-17,AMGN,319.473
2025-12-18,AMGN,317.9149
2025-12-19,AMGN,320.8155
2025-12-22,AMGN,324.7451
2025-12-23,AMGN,324.8431
2025-12-24,AMGN,327.2636
2025-12-26,AMGN,326.2542
2025-12-29,AMGN,323.0204
2025-12-30,AMGN,322.0992
2025-12-31,AMGN,320.7469
2026-01-02,AMGN,321.0703
2026-01-05,AMGN,314.289
2026-01-06,AMGN,323.5496
2026-01-07,AMGN,334.7896
2026-01-08,AMGN,323.4908
2026-01-09,AMGN,319.5612
2026-01-12,AMGN,319.0124
2026-01-13,AMGN,317.7972
2026-01-14,AMGN,322.3736
2026-01-15,AMGN,323.4124
2026-01-16,AMGN,323.7848
2026-01-20,AMGN,324.3629
2026-01-21,AMGN,336.7103
2026-01-22,AMGN,340.1107
2026-01-23,AMGN,337.8372
2026-01-26,AMGN,342.6782
2026-01-27,AMGN,344.2755
2026-01-28,AMGN,335.3579
2026-01-29,AMGN,336.0635
2026-01-30,AMGN,335.0247
2026-02-02,AMGN,337.7686
2026-02-03,AMGN,331.8007
2026-02-04,AMGN,358.8571
2026-02-05,AMGN,360.425
2026-02-06,AMGN,376.6138
2026-02-09,AMGN,368.2842
2026-02-10,AMGN,357.3382
2026-02-11,AMGN,359.2295
2026-02-12,AMGN,358.8571
2026-02-13,AMGN,364.294
2026-02-17,AMGN,368.4087
2026-02-18,AMGN,374.6942
2026-02-19,AMGN,370.5204
2026-02-20,AMGN,369.7803
2026-02-23,AMGN,374.3884
2026-02-24,AMGN,377.7926
2026-02-25,AMGN,379.2332
2026-02-26,AMGN,374.2995
2026-02-27,AMGN,383.0125
2026-03-02,AMGN,380.5851
2026-03-03,AMGN,372.0005
2026-03-04,AMGN,374.2404
2026-03-05,AMGN,362.7251
2026-03-06,AMGN,364.6295
2026-03-09,AMGN,371.9709
2026-03-10,AMGN,370.4513
2026-03-11,AMGN,372.632
2026-03-12,AMGN,362.9126
2026-03-13,AMGN,361.3535
2026-03-16,AMGN,361.393
2026-03-17,AMGN,356.3409
2026-03-18,AMGN,346.8189
2026-03-19,AMGN,345.2796
2026-03-20,AMGN,343.1877
2026-03-23,AMGN,345.1315
2026-03-24,AMGN,343.8093
2026-03-25,AMGN,349.2364
2026-03-26,AMGN,348.4766
2026-03-27,AMGN,344.1448
2026-03-30,AMGN,344.3718
2026-03-31,AMGN,347.184
2026-04-01,AMGN,348.595
2026-04-02,AMGN,343.3258
2026-04-06,AMGN,338.027
2026-04-07,AMGN,335.4911
2026-04-08,AMGN,345.1711
2026-04-09,AMGN,350.8842
2026-04-10,AMGN,346.365
2026-04-13,AMGN,345.1809
2026-04-14,AMGN,346.2959
2026-04-15,AMGN,343.6021
2026-04-16,AMGN,344.7566
2026-04-17,AMGN,350.5882
2026-04-20,AMGN,345.5164
2026-04-21,AMGN,340.2867
2026-04-22,AMGN,341.3326
2026-04-23,AMGN,343.9968
2026-04-24,AMGN,339.9808
2026-04-27,AMGN,335.6687
2026-04-28,AMGN,335.0668
2026-04-29,AMGN,333.5374
2026-04-30,AMGN,341.6582
2026-05-01,AMGN,325.4461
2026-05-04,AMGN,319.5553
2026-05-05,AMGN,325.2192
2026-05-06,AMGN,326.719
2026-05-07,AMGN,324.7258
2026-05-08,AMGN,327.3012
2026-05-11,AMGN,325.2192
2026-05-12,AMGN,331.8304
2026-05-13,AMGN,331.9882
2026-05-14,AMGN,331.7711
2026-05-15,AMGN,324.4141
2026-05-18,AMGN,322.5053
2026-05-19,AMGN,328.8283
2026-05-20,AMGN,329.6436
2026-05-21,AMGN,335.4596
2026-05-22,AMGN,337.3286
2026-05-26,AMGN,333.9882
2026-05-27,AMGN,334.1075
2026-05-28,AMGN,334.525
2026-05-29,AMGN,334.8332
2026-06-01,AMGN,327.2177
2026-06-02,AMGN,326.3528
2026-06-03,AMGN,336.2549
2026-06-04,AMGN,343.592
2026-06-05,AMGN,347.5489
2026-06-08,AMGN,343.7213
2026-06-09,AMGN,342.568
2026-06-10,AMGN,335.7678
2026-06-11,AMGN,352.0029
2026-06-12,AMGN,353.1363
2026-06-15,AMGN,348.4934
2026-06-16,AMGN,345.819
2026-06-17,AMGN,339.6749
2026-06-18,AMGN,335.6385
2026-06-22,AMGN,342.7172
2026-06-23,AMGN,344.9939
2026-06-24,AMGN,349.3882
2026-06-25,AMGN,350.7701
2026-06-26,AMGN,356.248
2026-06-29,AMGN,358.4552
2026-06-30,AMGN,360.0161
2026-07-01,AMGN,359.2306
2026-07-02,AMGN,371.9762
2026-07-06,AMGN,364.3109
2026-07-07,AMGN,365.9613
2026-07-08,AMGN,365.8519
2026-07-09,AMGN,361.5073
2026-07-10,AMGN,361.2787
2026-07-13,AMGN,358.3558
2026-07-14,AMGN,353.186
2026-07-15,AMGN,356.2381
2026-07-16,AMGN,369.4211
2026-07-17,AMGN,364.1618
2026-07-20,AMGN,362.0542
2026-07-21,AMGN,364.1121
2026-07-22,AMGN,363.9232
2026-07-23,AMGN,369.3416
2026-07-24,AMGN,373.8552
2026-07-27,AMGN,374.0739
2026-07-28,AMGN,390.8161
2026-07-29,AMGN,385.3878
2026-07-30,AMGN,385.3878
2026-07-31,AMGN,382.9222
2026-08-03,AMGN,376.6687
2026-08-04,AMGN,387.7539
2026-08-05,AMGN,405.4604
2026-08-06,AMGN,402.4978
2026-08-07,AMGN,408.5623
2026-08-10,AMGN,414.776
2026-08-11,AMGN,411.8929
2026-08-12,AMGN,413.762
2026-08-13,AMGN,415.4123
2026-08-14,AMGN,412.7976
2026-08-17,AMGN,416.9434
2026-08-18,AMGN,422.8091
2026-08-19,AMGN,439.7898
2026-08-20,AMGN,431.21
2026-08-21,AMGN,439.33
2026-08-24,AMGN,443.84
2026-08-25,AMGN,442.24
2026-08-26,AMGN,440.34
2026-08-27,AMGN,436.99
2026-08-28,AMGN,432.42
2026-08-31,AMGN,429.88
2026-09-01,AMGN,438.12
2026-09-02,AMGN,442.84
2026-09-03,AMGN,444.12
2026-09-04,AMGN,437.23
2026-09-08,AMGN,393.17
2026-09-09,AMGN,391.27
2026-09-10,AMGN,382.47
2026-09-11,AMGN,377.35
2026-09-14,AMGN,381.5
2026-09-15,AMGN,375.65
2026-09-16,AMGN,376.35
2026-09-17,AMGN,379.78
2026-09-18,AMGN,385.65
2026-09-21,AMGN,393.16
2026-09-22,AMGN,410.24
2026-09-23,AMGN,406.09
2026-09-24,AMGN,406.04
2026-09-25,AMGN,414.61
2026-09-28,AMGN,418.13
2026-09-29,AMGN,423.64
2026-09-30,AMGN,421.51
2026-10-01,AMGN,407.27
2026-10-02,AMGN,403.04
2025-10-03,AVGO,335.8727
2025-10-06,AVGO,333.0139
2025-10-07,AVGO,333.9272
2025-10-08,AVGO,342.95
2025-10-09,AVGO,342.4736
2025-10-10,AVGO,322.2341
2025-10-13,AVGO,354.0674
2025-10-14,AVGO,341.5902
2025-10-15,AVGO,348.737
2025-10-16,AVGO,351.5362
2025-10-17,AVGO,346.7518
2025-10-20,AVGO,346.6625
2025-10-21,AVGO,340.131
2025-10-22,AVGO,337.7884
2025-10-23,AVGO,341.749
2025-10-24,AVGO,351.5164
2025-10-27,AVGO,359.3779
2025-10-28,AVGO,370.2173
2025-10-29,AVGO,383.1313
2025-10-30,AVGO,373.6915
2025-10-31,AVGO,366.902
2025-11-03,AVGO,359.8742
2025-11-04,AVGO,349.3425
2025-11-05,AVGO,356.3306
2025-11-06,AVGO,352.9656
2025-11-07,AVGO,346.8511
2025-11-10,AVGO,355.745
2025-11-11,AVGO,349.3624
2025-11-12,AVGO,352.5983
2025-11-13,AVGO,337.4708
2025-11-14,AVGO,339.9325
2025-11-17,AVGO,340.1211
2025-11-18,AVGO,337.987
2025-11-19,AVGO,351.8043
2025-11-20,AVGO,344.2603
2025-11-21,AVGO,337.6892
2025-11-24,AVGO,375.1705
2025-11-25,AVGO,382.1883
2025-11-26,AVGO,394.6358
2025-11-28,AVGO,399.986
2025-12-01,AVGO,383.2306
2025-12-02,AVGO,378.7538
2025-12-03,AVGO,377.8009
2025-12-04,AVGO,378.2178
2025-12-05,AVGO,387.3599
2025-12-08,AVGO,398.1397
2025-12-09,AVGO,403.2914
2025-12-10,AVGO,409.9221
2025-12-11,AVGO,403.3708
2025-12-12,AVGO,357.2735
2025-12-15,AVGO,337.302
2025-12-16,AVGO,338.781
2025-12-17,AVGO,323.6138
2025-12-18,AVGO,327.4454
2025-12-19,AVGO,337.848
2025-12-22,AVGO,339.5785
2025-12-23,AVGO,347.4053
2025-12-24,AVGO,348.3004
2025-12-26,AVGO,350.1999
2025-12-29,AVGO,347.475
2025-12-30,AVGO,347.9324
2025-12-31,AVGO,344.203
2026-01-02,AVGO,345.7147
2026-01-05,AVGO,341.5377
2026-01-06,AVGO,341.8857
2026-01-07,AVGO,341.6172
2026-01-08,AVGO,330.6576
2026-01-09,AVGO,343.0791
2026-01-12,AVGO,350.2795
2026-01-13,AVGO,352.6663
2026-01-14,AVGO,338.027
2026-01-15,AVGO,341.1399
2026-01-16,AVGO,349.7822
2026-01-20,AVGO,330.7769
2026-01-21,AVGO,326.9977
2026-01-22,AVGO,323.7059
2026-01-23,AVGO,318.2957
2026-01-26,AVGO,323.0695
2026-01-27,AVGO,330.9659
2026-01-28,AVGO,331.4134
2026-01-29,AVGO,328.9172
2026-01-30,AVGO,329.4841
2026-02-02,AVGO,329.2951
2026-02-03,AVGO,318.5742
2026-02-04,AVGO,306.3615
2026-02-05,AVGO,308.8081
2026-02-06,AVGO,331.0952
2026-02-09,AVGO,342.0548
2026-02-10,AVGO,338.574
2026-02-11,AVGO,340.8813
2026-02-12,AVGO,329.3548
2026-02-13,AVGO,323.3877
2026-02-17,AVGO,330.7173
2026-02-18,AVGO,331.682
2026-02-19,AVGO,332.1593
2026-02-20,AVGO,330.8267
2026-02-23,AVGO,328.5294
2026-02-24,AVGO,323.7059
2026-02-25,AVGO,330.4885
2026-02-26,AVGO,319.9367
2026-02-27,AVGO,317.7985
2026-03-02,AVGO,317.0725
2026-03-03,AVGO,312.1198
2026-03-04,AVGO,315.7896
2026-03-05,AVGO,330.946
2026-03-06,AVGO,328.6686
2026-03-09,AVGO,343.8549
2026-03-10,AVGO,340.7023
2026-03-11,AVGO,339.6978
2026-03-12,AVGO,334.1285
2026-03-13,AVGO,320.3942
2026-03-16,AVGO,323.1391
2026-03-17,AVGO,319.5489
2026-03-18,AVGO,314.1983
2026-03-19,AVGO,318.0869
2026-03-20,AVGO,308.8081
2026-03-23,AVGO,321.4151
2026-03-24,AVGO,317.2094
2026-03-25,AVGO,317.7277
2026-03-26,AVGO,308.3696
2026-03-27,AVGO,299.6592
2026-03-30,AVGO,292.4139
2026-03-31,AVGO,308.4592
2026-04-01,AVGO,312.4257
2026-04-02,AVGO,313.4821
2026-04-06,AVGO,313.3625
2026-04-07,AVGO,332.8362
2026-04-08,AVGO,349.4396
2026-04-09,AVGO,353.7051
2026-04-10,AVGO,370.2886
2026-04-13,AVGO,378.4608
2026-04-14,AVGO,379.4873
2026-04-15,AVGO,395.3731
2026-04-16,AVGO,397.1172
2026-04-17,AVGO,405.1598
2026-04-20,AVGO,398.2733
2026-04-21,AVGO,400.8047
2026-04-22,AVGO,421.2151
2026-04-23,AVGO,418.5143
2026-04-24,AVGO,421.3248
2026-04-27,AVGO,416.7802
2026-04-28,AVGO,398.4726
2026-04-29,AVGO,404.0735
2026-04-30,AVGO,416.0128
2026-05-01,AVGO,419.8498
2026-05-04,AVGO,415.086
2026-05-05,AVGO,425.9091
2026-05-06,AVGO,423.9957
2026-05-07,AVGO,411.1594
2026-05-08,AVGO,428.5402
2026-05-11,AVGO,426.9755
2026-05-12,AVGO,417.8765
2026-05-13,AVGO,415.375
2026-05-14,AVGO,438.2969
2026-05-15,AVGO,423.7465
2026-05-18,AVGO,419.2817
2026-05-19,AVGO,409.6744
2026-05-20,AVGO,416.3417
2026-05-21,AVGO,413.1626
2026-05-22,AVGO,412.734
2026-05-26,AVGO,420.5773
2026-05-27,AVGO,420.4278
2026-05-28,AVGO,425.1318
2026-05-29,AVGO,445.2532
2026-06-01,AVGO,458.4084
2026-06-02,AVGO,479.9351
2026-06-03,AVGO,477.6031
2026-06-04,AVGO,417.4878
2026-06-05,AVGO,384.4205
2026-06-08,AVGO,395.2536
2026-06-09,AVGO,390.8286
2026-06-10,AVGO,370.8368
2026-06-11,AVGO,384.261
2026-06-12,AVGO,380.7729
2026-06-15,AVGO,392.6026
2026-06-16,AVGO,375.4311
2026-06-17,AVGO,391.5661
2026-06-18,AVGO,409.9535
2026-06-22,AVGO,391.4173
2026-06-23,AVGO,379.459
2026-06-24,AVGO,381.3755
2026-06-25,AVGO,378.2213
2026-06-26,AVGO,364.3565
2026-06-29,AVGO,371.773
2026-06-30,AVGO,377.0634
2026-07-01,AVGO,368.6687
2026-07-02,AVGO,359.7948
2026-07-06,AVGO,373.2204
2026-07-07,AVGO,370.106
2026-07-08,AVGO,387.9835
2026-07-09,AVGO,400.3809
2026-07-10,AVGO,399.243
2026-07-13,AVGO,383.3519
2026-07-14,AVGO,388.4027
2026-07-15,AVGO,393.5633
2026-07-16,AVGO,373.7694
2026-07-17,AVGO,370.1559
2026-07-20,AVGO,377.4727
2026-07-21,AVGO,385.7975
2026-07-22,AVGO,396.0887
2026-07-23,AVGO,391.7566
2026-07-24,AVGO,381.2258
2026-07-27,AVGO,382.5234
2026-07-28,AVGO,380.2177
2026-07-29,AVGO,369.6469
2026-07-30,AVGO,387.135
2026-07-31,AVGO,388.5724
2026-08-03,AVGO,391.5171
2026-08-04,AVGO,417.3999
2026-08-05,AVGO,417.5197
2026-08-06,AVGO,419.8056
2026-08-07,AVGO,426.9825
2026-08-10,AVGO,421.6322
2026-08-11,AVGO,415.3237
2026-08-12,AVGO,415.2938
2026-08-13,AVGO,417.0605
2026-08-14,AVGO,392.2757
2026-08-17,AVGO,391.7167
2026-08-18,AVGO,379.3093
2026-08-19,AVGO,361.8211
2026-08-20,AVGO,363.3683
2026-08-21,AVGO,367.7803
2026-08-24,AVGO,358.1079
2026-08-25,AVGO,356.0916
2026-08-26,AVGO,354.9437
2026-08-27,AVGO,370.8647
2026-08-28,AVGO,368.1197
2026-08-31,AVGO,369.6668
2026-09-01,AVGO,369.0081
2026-09-02,AVGO,366.5725
2026-09-03,AVGO,356.5108
2026-09-04,AVGO,357.2495
2026-09-08,AVGO,367.8901
2026-09-09,AVGO,363.7177
2026-09-10,AVGO,360.1741
2026-09-11,AVGO,361.332
2026-09-14,AVGO,344.0934
2026-09-15,AVGO,338.6533
2026-09-16,AVGO,338.8929
2026-09-17,AVGO,346.6687
2026-09-18,AVGO,356.96
2026-09-21,AVGO,362.66
2026-09-22,AVGO,364.54
2026-09-23,AVGO,354.99
2026-09-24,AVGO,350.36
2026-09-25,AVGO,352.81
2026-09-28,AVGO,349.57
2026-09-29,AVGO,355.1
2026-09-30,AVGO,351.19
2026-10-01,AVGO,343.64
2026-10-02,AVGO,355.14
2025-10-03,BAC,49.5831
2025-10-06,BAC,49.3383
2025-10-07,BAC,49.2404
2025-10-08,BAC,48.7998
2025-10-09,BAC,48.7508
2025-10-10,BAC,47.6346
2025-10-13,BAC,47.8402
2025-10-14,BAC,49.0446
2025-10-15,BAC,51.1889
2025-10-16,BAC,49.3873
2025-10-17,BAC,50.2097
2025-10-20,BAC,50.9539
2025-10-21,BAC,50.4447
2025-10-22,BAC,50.0335
2025-10-23,BAC,50.6797
2025-10-24,BAC,51.4728
2025-10-27,BAC,51.9134
2025-10-28,BAC,51.7665
2025-10-29,BAC,51.4826
2025-10-30,BAC,51.9232
2025-10-31,BAC,52.3344
2025-11-03,BAC,52.4421
2025-11-04,BAC,52.4226
2025-11-05,BAC,51.3553
2025-11-06,BAC,52.1778
2025-11-07,BAC,52.0897
2025-11-10,BAC,52.3051
2025-11-11,BAC,52.5107
2025-11-12,BAC,52.9807
2025-11-13,BAC,51.7665
2025-11-14,BAC,51.512
2025-11-17,BAC,50.4056
2025-11-18,BAC,50.5622
2025-11-19,BAC,50.9343
2025-11-20,BAC,49.9356
2025-11-21,BAC,50.4839
2025-11-24,BAC,50.8462
2025-11-25,BAC,51.3847
2025-11-26,BAC,51.884
2025-11-28,BAC,52.5303
2025-12-01,BAC,52.1288
2025-12-02,BAC,52.0799
2025-12-03,BAC,52.9611
2025-12-04,BAC,53.0296
2025-12-05,BAC,53.0985
2025-12-08,BAC,53.0493
2025-12-09,BAC,52.695
2025-12-10,BAC,53.2265
2025-12-11,BAC,53.6989
2025-12-12,BAC,54.2697
2025-12-15,BAC,54.4567
2025-12-16,BAC,53.9449
2025-12-17,BAC,53.689
2025-12-18,BAC,53.4036
2025-12-19,BAC,54.3977
2025-12-22,BAC,54.9981
2025-12-23,BAC,55.0866
2025-12-24,BAC,55.3622
2025-12-26,BAC,55.2835
2025-12-29,BAC,54.4764
2025-12-30,BAC,54.4075
2025-12-31,BAC,54.1319
2026-01-02,BAC,55.067
2026-01-05,BAC,55.9921
2026-01-06,BAC,56.3464
2026-01-07,BAC,54.7618
2026-01-08,BAC,55.2933
2026-01-09,BAC,54.9685
2026-01-12,BAC,54.319
2026-01-13,BAC,53.6792
2026-01-14,BAC,51.6517
2026-01-15,BAC,51.76
2026-01-16,BAC,52.134
2026-01-20,BAC,51.2777
2026-01-21,BAC,51.2482
2026-01-22,BAC,51.6222
2026-01-23,BAC,50.9037
2026-01-26,BAC,51.199
2026-01-27,BAC,51.3466
2026-01-28,BAC,50.9923
2026-01-29,BAC,52.2423
2026-01-30,BAC,52.3604
2026-02-02,BAC,53.1773
2026-02-03,BAC,53.5906
2026-02-04,BAC,54.506
2026-02-05,BAC,54.0729
2026-02-06,BAC,55.6378
2026-02-09,BAC,55.5197
2026-02-10,BAC,54.5158
2026-02-11,BAC,53.0001
2026-02-12,BAC,51.6911
2026-02-13,BAC,51.7206
2026-02-17,BAC,51.9076
2026-02-18,BAC,52.5178
2026-02-19,BAC,51.9371
2026-02-20,BAC,52.2226
2026-02-23,BAC,50.264
2026-02-24,BAC,49.6144
2026-02-25,BAC,50.8742
2026-02-26,BAC,51.4746
2026-02-27,BAC,49.0435
2026-03-02,BAC,49.0239
2026-03-03,BAC,49.1813
2026-03-04,BAC,49.5061
2026-03-05,BAC,49.0239
2026-03-06,BAC,48.143
2026-03-09,BAC,47.4105
2026-03-10,BAC,48.0638
2026-03-11,BAC,48.0242
2026-03-12,BAC,46.6484
2026-03-13,BAC,46.2426
2026-03-16,BAC,46.5791
2026-03-17,BAC,46.7969
2026-03-18,BAC,46.3515
2026-03-19,BAC,46.5296
2026-03-20,BAC,46.6781
2026-03-23,BAC,47.0344
2026-03-24,BAC,47.6481
2026-03-25,BAC,48.2518
2026-03-26,BAC,47.747
2026-03-27,BAC,46.49
2026-03-30,BAC,46.7474
2026-03-31,BAC,48.2518
2026-04-01,BAC,48.7665
2026-04-02,BAC,48.8754
2026-04-06,BAC,49.5484
2026-04-07,BAC,49.7662
2026-04-08,BAC,51.3498
2026-04-09,BAC,52.1714
2026-04-10,BAC,52.0031
2026-04-13,BAC,52.8048
2026-04-14,BAC,52.8048
2026-04-15,BAC,53.7649
2026-04-16,BAC,52.9632
2026-04-17,BAC,53.3591
2026-04-20,BAC,53.3987
2026-04-21,BAC,52.9335
2026-04-22,BAC,52.5772
2026-04-23,BAC,51.9338
2026-04-24,BAC,51.5181
2026-04-27,BAC,52.0922
2026-04-28,BAC,52.1219
2026-04-29,BAC,52.3396
2026-04-30,BAC,52.9137
2026-05-01,BAC,52.6959
2026-05-04,BAC,51.6567
2026-05-05,BAC,52.5772
2026-05-06,BAC,53.0523
2026-05-07,BAC,52.211
2026-05-08,BAC,50.7857
2026-05-11,BAC,50.0334
2026-05-12,BAC,50.2611
2026-05-13,BAC,49.3307
2026-05-14,BAC,49.3406
2026-05-15,BAC,49.2614
2026-05-18,BAC,50.172
2026-05-19,BAC,50.1819
2026-05-20,BAC,50.7065
2026-05-21,BAC,50.9638
2026-05-22,BAC,51.2707
2026-05-26,BAC,51.6666
2026-05-27,BAC,50.5778
2026-05-28,BAC,50.2512
2026-05-29,BAC,51.0727
2026-06-01,BAC,50.9836
2026-06-02,BAC,51.9437
2026-06-03,BAC,51.8645
2026-06-04,BAC,53.6164
2026-06-05,BAC,53.5568
2026-06-08,BAC,53.3578
2026-06-09,BAC,54.1438
2026-06-10,BAC,54.2631
2026-06-11,BAC,54.88
2026-06-12,BAC,55.7356
2026-06-15,BAC,55.5864
2026-06-16,BAC,56.5515
2026-06-17,BAC,56.243
2026-06-18,BAC,55.9147
2026-06-22,BAC,57.0788
2026-06-23,BAC,57.616
2026-06-24,BAC,57.437
2026-06-25,BAC,57.8946
2026-06-26,BAC,57.5862
2026-06-29,BAC,57.5862
2026-06-30,BAC,56.6908
2026-07-01,BAC,58.0638
2026-07-02,BAC,58.4319
2026-07-06,BAC,59.5959
2026-07-07,BAC,59.5561
2026-07-08,BAC,58.0041
2026-07-09,BAC,58.9492
2026-07-10,BAC,59.3671
2026-07-13,BAC,59.198
2026-07-14,BAC,60.3123
2026-07-15,BAC,61.2774
2026-07-16,BAC,61.1779
2026-07-17,BAC,60.959
2026-07-20,BAC,60.1133
2026-07-21,BAC,60.9092
2026-07-22,BAC,61.3072
2026-07-23,BAC,60.9689
2026-07-24,BAC,61.735
2026-07-27,BAC,61.8146
2026-07-28,BAC,62.3021
2026-07-29,BAC,60.76
2026-07-30,BAC,61.4166
2026-07-31,BAC,61.6355
2026-08-03,BAC,62.1628
2026-08-04,BAC,62.5807
2026-08-05,BAC,62.9289
2026-08-06,BAC,62.6802
2026-08-07,BAC,62.8493
2026-08-10,BAC,63.5358
2026-08-11,BAC,63.6751
2026-08-12,BAC,64.481
2026-08-13,BAC,63.7647
2026-08-14,BAC,64.1626
2026-08-17,BAC,63.5657
2026-08-18,BAC,63.904
2026-08-19,BAC,62.8493
2026-08-20,BAC,61.546
2026-08-21,BAC,61.3769
2026-08-24,BAC,62.0136
2026-08-25,BAC,62.1131
2026-08-26,BAC,61.9141
2026-08-27,BAC,60.8595
2026-08-28,BAC,62.0037
2026-08-31,BAC,61.6256
2026-09-01,BAC,61.6753
2026-09-02,BAC,62.2822
2026-09-03,BAC,62.72
2026-09-04,BAC,62.68
2026-09-08,BAC,62.39
2026-09-09,BAC,62.67
2026-09-10,BAC,62.56
2026-09-11,BAC,62.69
2026-09-14,BAC,59.47
2026-09-15,BAC,59.52
2026-09-16,BAC,57.9
2026-09-17,BAC,58.18
2026-09-18,BAC,57.73
2026-09-21,BAC,57.96
2026-09-22,BAC,56.2
2026-09-23,BAC,56.0
2026-09-24,BAC,56.03
2026-09-25,BAC,56.7
2026-09-28,BAC,55.47
2026-09-29,BAC,54.96
2026-09-30,BAC,54.43
2026-10-01,BAC,53.73
2026-10-02,BAC,53.75
2025-10-03,BKR,47.7533
2025-10-06,BKR,48.3244
2025-10-07,BKR,47.8321
2025-10-08,BKR,47.1133
2025-10-09,BKR,47.1527
2025-10-10,BKR,44.3466
2025-10-13,BKR,44.7896
2025-10-14,BKR,44.1398
2025-10-15,BKR,43.7853
2025-10-16,BKR,43.9527
2025-10-17,BKR,44.4844
2025-10-20,BKR,45.5675
2025-10-21,BKR,46.0302
2025-10-22,BKR,46.5718
2025-10-23,BKR,48.1373
2025-10-24,BKR,46.5718
2025-10-27,BKR,45.8826
2025-10-28,BKR,47.1232
2025-10-29,BKR,47.5761
2025-10-30,BKR,47.8321
2025-10-31,BKR,47.6647
2025-11-03,BKR,47.8911
2025-11-04,BKR,45.4773
2025-11-05,BKR,46.5358
2025-11-06,BKR,46.7832
2025-11-07,BKR,47.3569
2025-11-10,BKR,48.277
2025-11-11,BKR,48.4254
2025-11-12,BKR,47.0206
2025-11-13,BKR,47.0008
2025-11-14,BKR,48.2077
2025-11-17,BKR,47.3668
2025-11-18,BKR,47.5449
2025-11-19,BKR,47.9604
2025-11-20,BKR,47.5548
2025-11-21,BKR,48.3561
2025-11-24,BKR,48.831
2025-11-25,BKR,48.9002
2025-11-26,BKR,48.9991
2025-11-28,BKR,49.662
2025-12-01,BKR,49.6224
2025-12-02,BKR,48.9497
2025-12-03,BKR,49.9489
2025-12-04,BKR,50.0676
2025-12-05,BKR,48.6727
2025-12-08,BKR,46.8821
2025-12-09,BKR,47.1789
2025-12-10,BKR,47.5251
2025-12-11,BKR,46.9513
2025-12-12,BKR,46.3578
2025-12-15,BKR,46.3874
2025-12-16,BKR,44.5375
2025-12-17,BKR,44.8046
2025-12-18,BKR,43.9934
2025-12-19,BKR,44.2308
2025-12-22,BKR,45.0717
2025-12-23,BKR,44.7057
2025-12-24,BKR,44.8145
2025-12-26,BKR,44.765
2025-12-29,BKR,44.8936
2025-12-30,BKR,45.596
2025-12-31,BKR,45.0519
2026-01-02,BKR,46.6348
2026-01-05,BKR,48.5441
2026-01-06,BKR,48.8507
2026-01-07,BKR,48.3165
2026-01-08,BKR,49.662
2026-01-09,BKR,49.4344
2026-01-12,BKR,47.4361
2026-01-13,BKR,48.4451
2026-01-14,BKR,49.4443
2026-01-15,BKR,51.4427
2026-01-16,BKR,51.1953
2026-01-20,BKR,50.7106
2026-01-21,BKR,53.0156
2026-01-22,BKR,53.8763
2026-01-23,BKR,53.3421
2026-01-26,BKR,55.6867
2026-01-27,BKR,55.8944
2026-01-28,BKR,56.023
2026-01-29,BKR,56.122
2026-01-30,BKR,55.4394
2026-02-02,BKR,55.845
2026-02-03,BKR,57.3784
2026-02-04,BKR,58.5358
2026-02-05,BKR,56.7452
2026-02-06,BKR,58.2885
2026-02-09,BKR,58.9118
2026-02-10,BKR,58.516
2026-02-11,BKR,60.5935
2026-02-12,BKR,60.732
2026-02-13,BKR,60.5441
2026-02-17,BKR,59.4418
2026-02-18,BKR,61.1101
2026-02-19,BKR,62.123
2026-02-20,BKR,61.7754
2026-02-23,BKR,63.2252
2026-02-24,BKR,64.2679
2026-02-25,BKR,64.3572
2026-02-26,BKR,64.4466
2026-02-27,BKR,64.8041
2026-03-02,BKR,64.3771
2026-03-03,BKR,62.1031
2026-03-04,BKR,60.4547
2026-03-05,BKR,59.7695
2026-03-06,BKR,59.3922
2026-03-09,BKR,59.6801
2026-03-10,BKR,58.9255
2026-03-11,BKR,58.558
2026-03-12,BKR,55.5095
2026-03-13,BKR,53.8809
2026-03-16,BKR,54.8044
2026-03-17,BKR,56.6018
2026-03-18,BKR,57.0784
2026-03-19,BKR,60.2859
2026-03-20,BKR,59.9284
2026-03-23,BKR,62.0932
2026-03-24,BKR,63.0465
2026-03-25,BKR,62.1825
2026-03-26,BKR,61.9244
2026-03-27,BKR,62.7783
2026-03-30,BKR,60.2561
2026-03-31,BKR,60.6235
2026-04-01,BKR,59.9185
2026-04-02,BKR,59.9582
2026-04-06,BKR,60.276
2026-04-07,BKR,60.8221
2026-04-08,BKR,62.7188
2026-04-09,BKR,62.9769
2026-04-10,BKR,62.3911
2026-04-13,BKR,62.123
2026-04-14,BKR,61.0604
2026-04-15,BKR,59.6504
2026-04-16,BKR,60.1767
2026-04-17,BKR,59.3624
2026-04-20,BKR,58.7566
2026-04-21,BKR,59.8291
2026-04-22,BKR,62.1031
2026-04-23,BKR,64.0395
2026-04-24,BKR,68.4584
2026-04-27,BKR,67.9023
2026-04-28,BKR,67.1973
2026-04-29,BKR,68.3293
2026-04-30,BKR,69.1833
2026-05-01,BKR,68.6371
2026-05-04,BKR,68.5279
2026-05-05,BKR,67.5316
2026-05-06,BKR,66.4256
2026-05-07,BKR,63.2971
2026-05-08,BKR,63.6558
2026-05-11,BKR,64.3632
2026-05-12,BKR,65.0009
2026-05-13,BKR,65.1703
2026-05-14,BKR,64.3732
2026-05-15,BKR,63.885
2026-05-18,BKR,65.9673
2026-05-19,BKR,65.23
2026-05-20,BKR,66.5452
2026-05-21,BKR,65.5588
2026-05-22,BKR,65.8179
2026-05-26,BKR,66.4854
2026-05-27,BKR,62.9684
2026-05-28,BKR,64.4728
2026-05-29,BKR,63.6459
2026-06-01,BKR,62.7392
2026-06-02,BKR,64.3034
2026-06-03,BKR,64.0344
2026-06-04,BKR,65.8677
2026-06-05,BKR,62.3606
2026-06-08,BKR,64.6023
2026-06-09,BKR,63.3171
2026-06-10,BKR,62.789
2026-06-11,BKR,63.2473
2026-06-12,BKR,62.9086
2026-06-15,BKR,62.2311
2026-06-16,BKR,61.2945
2026-06-17,BKR,59.8498
2026-06-18,BKR,58.1959
2026-06-22,BKR,58.9332
2026-06-23,BKR,58.4649
2026-06-24,BKR,56.1734
2026-06-25,BKR,56.7313
2026-06-26,BKR,56.3527
2026-06-29,BKR,56.1036
2026-06-30,BKR,55.2966
2026-07-01,BKR,53.6227
2026-07-02,BKR,52.5865
2026-07-06,BKR,53.0548
2026-07-07,BKR,54.2704
2026-07-08,BKR,57.369
2026-07-09,BKR,56.9903
2026-07-10,BKR,57.349
2026-07-13,BKR,57.4487
2026-07-14,BKR,57.5682
2026-07-15,BKR,57.0402
2026-07-16,BKR,56.3328
2026-07-17,BKR,55.7449
2026-07-20,BKR,54.9479
2026-07-21,BKR,56.1734
2026-07-22,BKR,56.3925
2026-07-23,BKR,55.8844
2026-07-24,BKR,57.0402
2026-07-27,BKR,60.3679
2026-07-28,BKR,58.2457
2026-07-29,BKR,58.5048
2026-07-30,BKR,59.6804
2026-07-31,BKR,60.2683
2026-08-03,BKR,60.5871
2026-08-04,BKR,61.5037
2026-08-05,BKR,61.444
2026-08-06,BKR,62.52
2026-08-07,BKR,61.55
2026-08-10,BKR,64.07
2026-08-11,BKR,64.81
2026-08-12,BKR,64.28
2026-08-13,BKR,63.44
2026-08-14,BKR,64.82
2026-08-17,BKR,64.9
2026-08-18,BKR,64.44
2026-08-19,BKR,64.48
2026-08-20,BKR,62.78
2026-08-21,BKR,62.34
2026-08-24,BKR,61.99
2026-08-25,BKR,61.82
2026-08-26,BKR,62.0
2026-08-27,BKR,62.11
2026-08-28,BKR,62.41
2026-08-31,BKR,63.55
2026-09-01,BKR,63.66
2026-09-02,BKR,64.63
2026-09-03,BKR,63.64
2026-09-04,BKR,63.5
2026-09-08,BKR,63.92
2026-09-09,BKR,63.64
2026-09-10,BKR,59.4
2026-09-11,BKR,59.06
2026-09-14,BKR,56.78
2026-09-15,BKR,56.72
2026-09-16,BKR,56.32
2026-09-17,BKR,56.57
2026-09-18,BKR,57.25
2026-09-21,BKR,57.83
2026-09-22,BKR,57.26
2026-09-23,BKR,58.03
2026-09-24,BKR,57.29
2026-09-25,BKR,57.83
2026-09-28,BKR,57.12
2026-09-29,BKR,55.92
2026-09-30,BKR,54.9
2026-10-01,BKR,55.62
2026-10-02,BKR,56.0
2025-10-03,BMY,43.5138
2025-10-06,BMY,43.217
2025-10-07,BMY,42.7574
2025-10-08,BMY,42.6426
2025-10-09,BMY,42.7766
2025-10-10,BMY,42.0873
2025-10-13,BMY,41.6852
2025-10-14,BMY,41.9341
2025-10-15,BMY,41.7522
2025-10-16,BMY,41.5415
2025-10-17,BMY,41.7713
2025-10-20,BMY,41.733
2025-10-21,BMY,42.6426
2025-10-22,BMY,42.4989
2025-10-23,BMY,41.9628
2025-10-24,BMY,41.9628
2025-10-27,BMY,41.5415
2025-10-28,BMY,40.9958
2025-10-29,BMY,40.7852
2025-10-30,BMY,43.6765
2025-10-31,BMY,44.1074
2025-11-03,BMY,44.0595
2025-11-04,BMY,43.6478
2025-11-05,BMY,44.4903
2025-11-06,BMY,44.6435
2025-11-07,BMY,44.701
2025-11-10,BMY,45.2467
2025-11-11,BMY,46.6445
2025-11-12,BMY,46.9891
2025-11-13,BMY,46.5583
2025-11-14,BMY,44.6627
2025-11-17,BMY,44.8158
2025-11-18,BMY,45.0552
2025-11-19,BMY,43.8393
2025-11-20,BMY,43.9829
2025-11-21,BMY,44.2797
2025-11-24,BMY,45.7254
2025-11-25,BMY,46.9604
2025-11-26,BMY,47.1519
2025-11-28,BMY,47.104
2025-12-01,BMY,47.0849
2025-12-02,BMY,46.1945
2025-12-03,BMY,48.7891
2025-12-04,BMY,49.7369
2025-12-05,BMY,49.9284
2025-12-08,BMY,49.4688
2025-12-09,BMY,48.4923
2025-12-10,BMY,49.0284
2025-12-11,BMY,49.0188
2025-12-12,BMY,50.1773
2025-12-15,BMY,51.9772
2025-12-16,BMY,51.9197
2025-12-17,BMY,51.2687
2025-12-18,BMY,51.0581
2025-12-19,BMY,51.8814
2025-12-22,BMY,52.3314
2025-12-23,BMY,51.9676
2025-12-24,BMY,52.3793
2025-12-26,BMY,52.3123
2025-12-29,BMY,51.8049
2025-12-30,BMY,51.9006
2025-12-31,BMY,51.6421
2026-01-02,BMY,51.7874
2026-01-05,BMY,51.3999
2026-01-06,BMY,52.7174
2026-01-07,BMY,54.9454
2026-01-08,BMY,54.1511
2026-01-09,BMY,54.1123
2026-01-12,BMY,54.0251
2026-01-13,BMY,54.1704
2026-01-14,BMY,55.236
2026-01-15,BMY,54.8485
2026-01-16,BMY,53.5311
2026-01-20,BMY,52.5236
2026-01-21,BMY,52.7949
2026-01-22,BMY,53.2211
2026-01-23,BMY,52.9402
2026-01-26,BMY,52.8917
2026-01-27,BMY,53.8217
2026-01-28,BMY,52.9111
2026-01-29,BMY,52.5817
2026-01-30,BMY,53.3277
2026-02-02,BMY,54.1414
2026-02-03,BMY,54.2383
2026-02-04,BMY,55.8173
2026-02-05,BMY,57.6578
2026-02-06,BMY,60.0505
2026-02-09,BMY,58.8687
2026-02-10,BMY,58.9559
2026-02-11,BMY,58.055
2026-02-12,BMY,57.9872
2026-02-13,BMY,58.8396
2026-02-17,BMY,58.4618
2026-02-18,BMY,57.8612
2026-02-19,BMY,58.4134
2026-02-20,BMY,58.7621
2026-02-23,BMY,59.3337
2026-02-24,BMY,59.6727
2026-02-25,BMY,59.3821
2026-02-26,BMY,59.1884
2026-02-27,BMY,60.4186
2026-03-02,BMY,60.3896
2026-03-03,BMY,59.3046
2026-03-04,BMY,60.3799
2026-03-05,BMY,58.8396
2026-03-06,BMY,58.4037
2026-03-09,BMY,58.7331
2026-03-10,BMY,58.2487
2026-03-11,BMY,58.1034
2026-03-12,BMY,57.1056
2026-03-13,BMY,57.2316
2026-03-16,BMY,57.8419
2026-03-17,BMY,57.8419
2026-03-18,BMY,57.5125
2026-03-19,BMY,56.2919
2026-03-20,BMY,55.6816
2026-03-23,BMY,55.2167
2026-03-24,BMY,55.5944
2026-03-25,BMY,57.096
2026-03-26,BMY,57.5706
2026-03-27,BMY,56.7085
2026-03-30,BMY,57.8612
2026-03-31,BMY,58.7525
2026-04-01,BMY,59.7987
2026-04-02,BMY,58.3306
2026-04-06,BMY,58.0664
2026-04-07,BMY,56.4417
2026-04-08,BMY,57.9391
2026-04-09,BMY,58.2034
2026-04-10,BMY,57.3715
2026-04-13,BMY,56.8234
2026-04-14,BMY,56.843
2026-04-15,BMY,56.657
2026-04-16,BMY,57.7042
2026-04-17,BMY,58.8885
2026-04-20,BMY,57.8706
2026-04-21,BMY,58.1251
2026-04-22,BMY,57.5477
2026-04-23,BMY,57.763
2026-04-24,BMY,57.4596
2026-04-27,BMY,56.5494
2026-04-28,BMY,57.0191
2026-04-29,BMY,56.3634
2026-04-30,BMY,59.2995
2026-05-01,BMY,56.98
2026-05-04,BMY,56.1579
2026-05-05,BMY,55.7371
2026-05-06,BMY,55.3847
2026-05-07,BMY,55.052
2026-05-08,BMY,54.9639
2026-05-11,BMY,54.4843
2026-05-12,BMY,55.2477
2026-05-13,BMY,55.189
2026-05-14,BMY,55.5609
2026-05-15,BMY,55.786
2026-05-18,BMY,56.0894
2026-05-19,BMY,57.0681
2026-05-20,BMY,57.2932
2026-05-21,BMY,58.2817
2026-05-22,BMY,58.1936
2026-05-26,BMY,56.7941
2026-05-27,BMY,56.2949
2026-05-28,BMY,55.6979
2026-05-29,BMY,55.9622
2026-06-01,BMY,53.7797
2026-06-02,BMY,53.3001
2026-06-03,BMY,53.5546
2026-06-04,BMY,55.3945
2026-06-05,BMY,56.0502
2026-06-08,BMY,54.3864
2026-06-09,BMY,55.2771
2026-06-10,BMY,54.4158
2026-06-11,BMY,55.6881
2026-06-12,BMY,55.9132
2026-06-15,BMY,55.0422
2026-06-16,BMY,54.729
2026-06-17,BMY,54.1026
2026-06-18,BMY,52.8499
2026-06-22,BMY,53.535
2026-06-23,BMY,54.3473
2026-06-24,BMY,53.8286
2026-06-25,BMY,54.2103
2026-06-26,BMY,56.2949
2026-06-29,BMY,57.3128
2026-06-30,BMY,56.3928
2026-07-01,BMY,55.2379
2026-07-02,BMY,57.5341
2026-07-06,BMY,56.1188
2026-07-07,BMY,57.3758
2026-07-08,BMY,56.9502
2026-07-09,BMY,57.3461
2026-07-10,BMY,56.9898
2026-07-13,BMY,58.7317
2026-07-14,BMY,56.3662
2026-07-15,BMY,58.1181
2026-07-16,BMY,59.8897
2026-07-17,BMY,60.1174
2026-07-20,BMY,59.5433
2026-07-21,BMY,60.3054
2026-07-22,BMY,60.1372
2026-07-23,BMY,60.8795
2026-07-24,BMY,61.4535
2026-07-27,BMY,61.9187
2026-07-28,BMY,62.9481
2026-07-29,BMY,62.4532
2026-07-30,BMY,64.1952
2026-07-31,BMY,64.6405
2026-08-03,BMY,64.7989
2026-08-04,BMY,65.2146
2026-08-05,BMY,62.9778
2026-08-06,BMY,63.4924
2026-08-07,BMY,64.0566
2026-08-10,BMY,64.1753
2026-08-11,BMY,62.958
2026-08-12,BMY,63.047
2026-08-13,BMY,63.9873
2026-08-14,BMY,63.1757
2026-08-17,BMY,63.9675
2026-08-18,BMY,65.373
2026-08-19,BMY,66.917
2026-08-20,BMY,64.7989
2026-08-21,BMY,66.3231
2026-08-24,BMY,66.5903
2026-08-25,BMY,67.2238
2026-08-26,BMY,66.8774
2026-08-27,BMY,66.2637
2026-08-28,BMY,65.8975
2026-08-31,BMY,66.1252
2026-09-01,BMY,66.234
2026-09-02,BMY,66.9665
2026-09-03,BMY,67.392
2026-09-04,BMY,66.1351
2026-09-08,BMY,64.0269
2026-09-09,BMY,63.7498
2026-09-10,BMY,63.0965
2026-09-11,BMY,62.9877
2026-09-14,BMY,63.4429
2026-09-15,BMY,63.0767
2026-09-16,BMY,62.9481
2026-09-17,BMY,62.1959
2026-09-18,BMY,62.4136
2026-09-21,BMY,61.9781
2026-09-22,BMY,61.6119
2026-09-23,BMY,60.5232
2026-09-24,BMY,60.8696
2026-09-25,BMY,62.2156
2026-09-28,BMY,63.2252
2026-09-29,BMY,62.2156
2026-09-30,BMY,61.7604
2026-10-01,BMY,60.83
2026-10-02,BMY,61.15
2025-10-03,C,95.7152
2025-10-06,C,96.0187
2025-10-07,C,95.7739
2025-10-08,C,94.6967
2025-10-09,C,93.9329
2025-10-10,C,91.9841
2025-10-13,C,94.1091
2025-10-14,C,97.7717
2025-10-15,C,97.7129
2025-10-16,C,94.2658
2025-10-17,C,95.059
2025-10-20,C,97.2428
2025-10-21,C,96.2146
2025-10-22,C,94.305
2025-10-23,C,94.6869
2025-10-24,C,96.7336
2025-10-27,C,98.8978
2025-10-28,C,99.2896
2025-10-29,C,97.0666
2025-10-30,C,98.1438
2025-10-31,C,99.1329
2025-11-03,C,100.0983
2025-11-04,C,99.5072
2025-11-05,C,100.1771
2025-11-06,C,99.3496
2025-11-07,C,99.2905
2025-11-10,C,99.9801
2025-11-11,C,99.2609
2025-11-12,C,101.3395
2025-11-13,C,99.1723
2025-11-14,C,98.8078
2025-11-17,C,96.7292
2025-11-18,C,96.8572
2025-11-19,C,98.3448
2025-11-20,C,96.1775
2025-11-21,C,97.2316
2025-11-24,C,98.2068
2025-11-25,C,99.6648
2025-11-26,C,100.975
2025-11-28,C,102.0587
2025-12-01,C,101.1524
2025-12-02,C,101.6548
2025-12-03,C,105.1323
2025-12-04,C,106.1863
2025-12-05,C,107.2601
2025-12-08,C,107.2995
2025-12-09,C,107.8019
2025-12-10,C,109.4372
2025-12-11,C,110.0776
2025-12-12,C,110.1367
2025-12-15,C,111.1218
2025-12-16,C,109.6244
2025-12-17,C,109.8017
2025-12-18,C,111.1514
2025-12-19,C,113.1511
2025-12-22,C,116.3331
2025-12-23,C,117.6236
2025-12-24,C,119.7515
2025-12-26,C,118.6284
2025-12-29,C,116.3725
2025-12-30,C,115.4662
2025-12-31,C,114.9539
2026-01-02,C,116.934
2026-01-05,C,121.4656
2026-01-06,C,120.6775
2026-01-07,C,119.5643
2026-01-08,C,118.8057
2026-01-09,C,119.515
2026-01-12,C,115.9489
2026-01-13,C,114.5697
2026-01-14,C,110.7376
2026-01-15,C,115.7125
2026-01-16,C,116.2838
2026-01-20,C,111.1218
2026-01-21,C,112.166
2026-01-22,C,113.9393
2026-01-23,C,111.9
2026-01-26,C,113.1117
2026-01-27,C,113.0822
2026-01-28,C,112.501
2026-01-29,C,113.4861
2026-01-30,C,113.9885
2026-02-02,C,115.0976
2026-02-03,C,116.5632
2026-02-04,C,116.2859
2026-02-05,C,114.6124
2026-02-06,C,121.4947
2026-02-09,C,122.5641
2026-02-10,C,120.9599
2026-02-11,C,116.2463
2026-02-12,C,110.0671
2026-02-13,C,109.7799
2026-02-17,C,112.6715
2026-02-18,C,115.1372
2026-02-19,C,114.4242
2026-02-20,C,114.8698
2026-02-23,C,109.671
2026-02-24,C,108.4926
2026-02-25,C,113.226
2026-02-26,C,115.058
2026-02-27,C,109.1164
2026-03-02,C,110.3642
2026-03-03,C,109.6809
2026-03-04,C,110.2354
2026-03-05,C,107.8885
2026-03-06,C,105.4921
2026-03-09,C,105.5515
2026-03-10,C,107.9083
2026-03-11,C,108.1262
2026-03-12,C,104.4721
2026-03-13,C,104.6603
2026-03-16,C,106.3041
2026-03-17,C,106.6606
2026-03-18,C,107.6112
2026-03-19,C,108.7797
2026-03-20,C,108.453
2026-03-23,C,110.5523
2026-03-24,C,112.6319
2026-03-25,C,113.3646
2026-03-26,C,111.3148
2026-03-27,C,106.3338
2026-03-30,C,106.2249
2026-03-31,C,112.3051
2026-04-01,C,114.1767
2026-04-02,C,114.1271
2026-04-06,C,116.2166
2026-04-07,C,115.9888
2026-04-08,C,122.2869
2026-04-09,C,123.7029
2026-04-10,C,123.1781
2026-04-13,C,125.0497
2026-04-14,C,128.3175
2026-04-15,C,130.407
2026-04-16,C,128.0799
2026-04-17,C,130.8922
2026-04-20,C,131.7537
2026-04-21,C,130.3971
2026-04-22,C,128.466
2026-04-23,C,127.2579
2026-04-24,C,126.7331
2026-04-27,C,127.8818
2026-04-28,C,127.2778
2026-04-29,C,126.3667
2026-04-30,C,126.7331
2026-05-01,C,126.1984
2026-05-04,C,124.9945
2026-05-05,C,127.3624
2026-05-06,C,126.9545
2026-05-07,C,128.437
2026-05-08,C,124.9149
2026-05-11,C,125.2134
2026-05-12,C,125.8004
2026-05-13,C,123.4722
2026-05-14,C,124.1886
2026-05-15,C,122.7957
2026-05-18,C,121.7908
2026-05-19,C,119.3631
2026-05-20,C,124.1886
2026-05-21,C,124.5866
2026-05-22,C,124.4572
2026-05-26,C,126.2183
2026-05-27,C,124.7557
2026-05-28,C,124.0493
2026-05-29,C,125.2631
2026-06-01,C,128.437
2026-06-02,C,130.596
2026-06-03,C,129.2727
2026-06-04,C,134.4663
2026-06-05,C,131.7999
2026-06-08,C,132.6058
2026-06-09,C,134.0485
2026-06-10,C,132.7053
2026-06-11,C,137.3716
2026-06-12,C,139.1227
2026-06-15,C,140.4957
2026-06-16,C,142.2667
2026-06-17,C,143.0527
2026-06-18,C,142.3363
2026-06-22,C,144.9331
2026-06-23,C,144.2367
2026-06-24,C,142.8636
2026-06-25,C,144.2466
2026-06-26,C,141.0429
2026-06-29,C,141.7692
2026-06-30,C,139.252
2026-07-01,C,139.4212
2026-07-02,C,139.262
2026-07-06,C,143.1323
2026-07-07,C,140.0579
2026-07-08,C,136.695
2026-07-09,C,138.864
2026-07-10,C,140.0778
2026-07-13,C,139.9982
2026-07-14,C,132.5959
2026-07-15,C,134.2077
2026-07-16,C,131.0437
2026-07-17,C,128.7056
2026-07-20,C,128.0689
2026-07-21,C,132.168
2026-07-22,C,131.581
2026-07-23,C,131.2129
2026-07-24,C,131.5213
2026-07-27,C,132.4267
2026-07-28,C,131.7999
2026-07-29,C,126.4869
2026-07-30,C,131.6507
2026-07-31,C,131.78
2026-08-03,C,133.57
2026-08-04,C,136.87
2026-08-05,C,137.64
2026-08-06,C,133.82
2026-08-07,C,135.0
2026-08-10,C,135.22
2026-08-11,C,135.77
2026-08-12,C,137.58
2026-08-13,C,138.73
2026-08-14,C,139.33
2026-08-17,C,138.51
2026-08-18,C,137.65
2026-08-19,C,132.89
2026-08-20,C,129.67
2026-08-21,C,131.65
2026-08-24,C,131.72
2026-08-25,C,133.25
2026-08-26,C,133.56
2026-08-27,C,132.68
2026-08-28,C,132.9
2026-08-31,C,131.62
2026-09-01,C,132.54
2026-09-02,C,134.34
2026-09-03,C,138.14
2026-09-04,C,137.72
2026-09-08,C,136.74
2026-09-09,C,137.8
2026-09-10,C,138.5
2026-09-11,C,138.82
2026-09-14,C,136.18
2026-09-15,C,136.17
2026-09-16,C,132.95
2026-09-17,C,132.7
2026-09-18,C,131.77
2026-09-21,C,135.05
2026-09-22,C,132.47
2026-09-23,C,131.93
2026-09-24,C,132.1
2026-09-25,C,134.28
2026-09-28,C,131.31
2026-09-29,C,130.8
2026-09-30,C,129.48
2026-10-01,C,127.0
2026-10-02,C,128.5
2025-10-03,COP,91.2822
2025-10-06,COP,92.0093
2025-10-07,COP,92.3195
2025-10-08,COP,90.8847
2025-10-09,COP,89.1397
2025-10-10,COP,84.9615
2025-10-13,COP,86.0666
2025-10-14,COP,85.4753
2025-10-15,COP,85.0584
2025-10-16,COP,84.2538
2025-10-17,COP,83.8369
2025-10-20,COP,84.3992
2025-10-21,COP,83.7691
2025-10-22,COP,84.7385
2025-10-23,COP,87.3269
2025-10-24,COP,85.3395
2025-10-27,COP,85.9794
2025-10-28,COP,84.1374
2025-10-29,COP,85.388
2025-10-30,COP,85.4462
2025-10-31,COP,86.1442
2025-11-03,COP,85.863
2025-11-04,COP,85.2232
2025-11-05,COP,85.0196
2025-11-06,COP,83.042
2025-11-07,COP,84.1762
2025-11-10,COP,85.5334
2025-11-11,COP,87.9182
2025-11-12,COP,86.3478
2025-11-13,COP,86.6871
2025-11-14,COP,88.5775
2025-11-17,COP,86.8065
2025-11-18,COP,87.7458
2025-11-19,COP,86.0825
2025-11-20,COP,85.5835
2025-11-21,COP,85.4856
2025-11-24,COP,85.6715
2025-11-25,COP,84.7518
2025-11-26,COP,85.2116
2025-11-28,COP,86.7771
2025-12-01,COP,88.3133
2025-12-02,COP,87.3642
2025-12-03,COP,89.8298
2025-12-04,COP,91.1116
2025-12-05,COP,91.6693
2025-12-08,COP,90.8768
2025-12-09,COP,91.4149
2025-12-10,COP,94.7122
2025-12-11,COP,94.6242
2025-12-12,COP,93.4794
2025-12-15,COP,92.3249
2025-12-16,COP,88.8123
2025-12-17,COP,92.9119
2025-12-18,COP,90.2408
2025-12-19,COP,89.957
2025-12-22,COP,91.2975
2025-12-23,COP,90.73
2025-12-24,COP,89.8201
2025-12-26,COP,89.5657
2025-12-29,COP,90.6322
2025-12-30,COP,92.0705
2025-12-31,COP,91.591
2026-01-02,COP,94.6144
2026-01-05,COP,97.0605
2026-01-06,COP,95.0155
2026-01-07,COP,91.9139
2026-01-08,COP,96.5908
2026-01-09,COP,95.4069
2026-01-12,COP,93.4403
2026-01-13,COP,94.3796
2026-01-14,COP,98.1759
2026-01-15,COP,96.7963
2026-01-16,COP,96.0723
2026-01-20,COP,93.4598
2026-01-21,COP,95.0547
2026-01-22,COP,94.7905
2026-01-23,COP,96.2288
2026-01-26,COP,96.3266
2026-01-27,COP,97.716
2026-01-28,COP,99.2032
2026-01-29,COP,100.5828
2026-01-30,COP,101.982
2026-02-02,COP,99.5946
2026-02-03,COP,102.6473
2026-02-04,COP,105.2695
2026-02-05,COP,102.7158
2026-02-06,COP,105.2989
2026-02-09,COP,106.3556
2026-02-10,COP,105.1814
2026-02-11,COP,108.8114
2026-02-12,COP,108.4396
2026-02-13,COP,109.0267
2026-02-17,COP,106.4338
2026-02-18,COP,108.9778
2026-02-19,COP,110.0329
2026-02-20,COP,108.9877
2026-02-23,COP,108.3468
2026-02-24,COP,109.0469
2026-02-25,COP,108.475
2026-02-26,COP,109.1553
2026-02-27,COP,111.8768
2026-03-02,COP,116.5901
2026-03-03,COP,116.8662
2026-03-04,COP,114.0363
2026-03-05,COP,115.1899
2026-03-06,COP,115.4364
2026-03-09,COP,115.397
2026-03-10,COP,112.5572
2026-03-11,COP,115.397
2026-03-12,COP,118.5819
2026-03-13,COP,120.1892
2026-03-16,COP,119.6271
2026-03-17,COP,121.1555
2026-03-18,COP,121.9246
2026-03-19,COP,124.2616
2026-03-20,COP,125.149
2026-03-23,COP,125.4152
2026-03-24,COP,127.5451
2026-03-25,COP,127.131
2026-03-26,COP,131.3907
2026-03-27,COP,131.933
2026-03-30,COP,131.0357
2026-03-31,COP,130.1581
2026-04-01,COP,126.5886
2026-04-02,COP,128.6988
2026-04-06,COP,129.8031
2026-04-07,COP,129.9313
2026-04-08,COP,123.4727
2026-04-09,COP,121.7471
2026-04-10,COP,120.84
2026-04-13,COP,121.8951
2026-04-14,COP,117.1324
2026-04-15,COP,117.2606
2026-04-16,COP,119.8737
2026-04-17,COP,114.4208
2026-04-20,COP,114.8251
2026-04-21,COP,118.5819
2026-04-22,COP,120.8893
2026-04-23,COP,122.6346
2026-04-24,COP,120.061
2026-04-27,COP,119.9821
2026-04-28,COP,122.5853
2026-04-29,COP,126.4604
2026-04-30,COP,124.0249
2026-05-01,COP,121.4711
2026-05-04,COP,123.1671
2026-05-05,COP,121.5992
2026-05-06,COP,117.2409
2026-05-07,COP,113.277
2026-05-08,COP,112.2811
2026-05-11,COP,114.7844
2026-05-12,COP,117.089
2026-05-13,COP,116.6221
2026-05-14,COP,118.1817
2026-05-15,COP,121.599
2026-05-18,COP,123.7148
2026-05-19,COP,124.2811
2026-05-20,COP,121.5493
2026-05-21,COP,119.7513
2026-05-22,COP,119.6619
2026-05-26,COP,115.7976
2026-05-27,COP,114.3672
2026-05-28,COP,114.2281
2026-05-29,COP,113.2248
2026-06-01,COP,114.8142
2026-06-02,COP,116.0957
2026-06-03,COP,118.2612
2026-06-04,COP,118.44
2026-06-05,COP,116.3639
2026-06-08,COP,118.1023
2026-06-09,COP,116.0162
2026-06-10,COP,119.1255
2026-06-11,COP,114.5957
2026-06-12,COP,116.2049
2026-06-15,COP,111.5162
2026-06-16,COP,110.6023
2026-06-17,COP,110.4732
2026-06-18,COP,107.0262
2026-06-22,COP,108.9732
2026-06-23,COP,109.2414
2026-06-24,COP,106.2116
2026-06-25,COP,105.705
2026-06-26,COP,105.2579
2026-06-29,COP,103.5096
2026-06-30,COP,103.2712
2026-07-01,COP,102.5361
2026-07-02,COP,104.0361
2026-07-06,COP,102.8937
2026-07-07,COP,107.7215
2026-07-08,COP,109.9864
2026-07-09,COP,107.3043
2026-07-10,COP,108.3175
2026-07-13,COP,112.1023
2026-07-14,COP,111.1288
2026-07-15,COP,110.7215
2026-07-16,COP,112.0924
2026-07-17,COP,113.95
2026-07-20,COP,114.9135
2026-07-21,COP,116.7215
2026-07-22,COP,118.0029
2026-07-23,COP,119.4036
2026-07-24,COP,119.4632
2026-07-27,COP,114.8142
2026-07-28,COP,113.344
2026-07-29,COP,117.2778
2026-07-30,COP,118.2413
2026-07-31,COP,119.6817
2026-08-03,COP,118.3705
2026-08-04,COP,117.1586
2026-08-05,COP,114.2778
2026-08-06,COP,115.9864
2026-08-07,COP,116.8308
2026-08-10,COP,122.2148
2026-08-11,COP,125.0857
2026-08-12,COP,126.4566
2026-08-13,COP,123.695
2026-08-14,COP,125.94
2026-08-17,COP,127.56
2026-08-18,COP,129.72
2026-08-19,COP,130.58
2026-08-20,COP,134.89
2026-08-21,COP,134.87
2026-08-24,COP,133.35
2026-08-25,COP,131.84
2026-08-26,COP,130.61
2026-08-27,COP,129.52
2026-08-28,COP,130.35
2026-08-31,COP,132.49
2026-09-01,COP,136.19
2026-09-02,COP,137.2
2026-09-03,COP,135.72
2026-09-04,COP,134.26
2026-09-08,COP,135.04
2026-09-09,COP,136.53
2026-09-10,COP,137.04
2026-09-11,COP,137.35
2026-09-14,COP,136.67
2026-09-15,COP,141.22
2026-09-16,COP,132.54
2026-09-17,COP,133.19
2026-09-18,COP,131.83
2026-09-21,COP,127.53
2026-09-22,COP,125.27
2026-09-23,COP,128.09
2026-09-24,COP,129.34
2026-09-25,COP,127.3
2026-09-28,COP,126.04
2026-09-29,COP,125.44
2026-09-30,COP,125.15
2026-10-01,COP,127.06
2026-10-02,COP,126.75
2025-10-03,CRM,238.3384
2025-10-06,CRM,243.7129
2025-10-07,CRM,237.7236
2025-10-08,CRM,238.4079
2025-10-09,CRM,243.2666
2025-10-10,CRM,239.6474
2025-10-13,CRM,246.6579
2025-10-14,CRM,237.7534
2025-10-15,CRM,234.5903
2025-10-16,CRM,243.931
2025-10-17,CRM,241.0356
2025-10-20,CRM,252.1414
2025-10-21,CRM,261.1946
2025-10-22,CRM,254.4815
2025-10-23,CRM,252.9049
2025-10-24,CRM,252.6868
2025-10-27,CRM,253.3214
2025-10-28,CRM,252.1215
2025-10-29,CRM,249.3451
2025-10-30,CRM,254.4914
2025-10-31,CRM,258.2198
2025-11-03,CRM,259.142
2025-11-04,CRM,252.3
2025-11-05,CRM,250.5548
2025-11-06,CRM,237.2576
2025-11-07,CRM,237.8625
2025-11-10,CRM,239.6771
2025-11-11,CRM,242.4436
2025-11-12,CRM,243.9509
2025-11-13,CRM,238.4079
2025-11-14,CRM,241.6107
2025-11-17,CRM,235.0365
2025-11-18,CRM,231.5361
2025-11-19,CRM,225.9634
2025-11-20,CRM,223.4745
2025-11-21,CRM,225.1999
2025-11-24,CRM,224.9123
2025-11-25,CRM,232.1509
2025-11-26,CRM,226.2311
2025-11-28,CRM,228.601
2025-12-01,CRM,230.8718
2025-12-02,CRM,232.736
2025-12-03,CRM,236.7122
2025-12-04,CRM,245.3787
2025-12-05,CRM,258.3785
2025-12-08,CRM,257.3472
2025-12-09,CRM,258.8246
2025-12-10,CRM,261.9779
2025-12-11,CRM,260.1435
2025-12-12,CRM,260.0245
2025-12-15,CRM,252.4389
2025-12-16,CRM,252.7661
2025-12-17,CRM,255.969
2025-12-18,CRM,256.0941
2025-12-19,CRM,258.14
2025-12-22,CRM,262.8279
2025-12-23,CRM,261.636
2025-12-24,CRM,263.4536
2025-12-26,CRM,264.268
2025-12-29,CRM,264.417
2025-12-30,CRM,264.1091
2025-12-31,CRM,263.106
2026-01-02,CRM,251.8929
2026-01-05,CRM,254.5149
2026-01-06,CRM,261.1096
2026-01-07,CRM,264.3077
2026-01-08,CRM,258.7558
2026-01-09,CRM,258.1698
2026-01-12,CRM,257.6335
2026-01-13,CRM,239.4184
2026-01-14,CRM,237.9386
2026-01-15,CRM,231.9397
2026-01-16,CRM,225.5634
2026-01-20,CRM,218.5713
2026-01-21,CRM,220.0711
2026-01-22,CRM,226.5367
2026-01-23,CRM,226.497
2026-01-26,CRM,227.8378
2026-01-27,CRM,226.9737
2026-01-28,CRM,226.4076
2026-01-29,CRM,212.6221
2026-01-30,CRM,210.8443
2026-02-02,CRM,209.3744
2026-02-03,CRM,195.0427
2026-02-04,CRM,198.0818
2026-02-05,CRM,188.6763
2026-02-06,CRM,190.0469
2026-02-09,CRM,192.7087
2026-02-10,CRM,192.1326
2026-02-11,CRM,183.7401
2026-02-12,CRM,184.1672
2026-02-13,CRM,188.428
2026-02-17,CRM,183.035
2026-02-18,CRM,186.5112
2026-02-19,CRM,184.0282
2026-02-20,CRM,183.8991
2026-02-23,CRM,176.9467
2026-02-24,CRM,184.1573
2026-02-25,CRM,190.4442
2026-02-26,CRM,198.1116
2026-02-27,CRM,193.4635
2026-03-02,CRM,191.636
2026-03-03,CRM,194.7149
2026-03-04,CRM,191.7651
2026-03-05,CRM,200.0186
2026-03-06,CRM,200.7336
2026-03-09,CRM,197.4362
2026-03-10,CRM,193.5827
2026-03-11,CRM,192.808
2026-03-12,CRM,197.9229
2026-03-13,CRM,191.5168
2026-03-16,CRM,196.9893
2026-03-17,CRM,193.9799
2026-03-18,CRM,193.0166
2026-03-19,CRM,193.6621
2026-03-20,CRM,194.0495
2026-03-23,CRM,193.8508
2026-03-24,CRM,181.7737
2026-03-25,CRM,180.7209
2026-03-26,CRM,184.3758
2026-03-27,CRM,178.0889
2026-03-30,CRM,183.7699
2026-03-31,CRM,185.3988
2026-04-01,CRM,184.9717
2026-04-02,CRM,185.9053
2026-04-06,CRM,183.7699
2026-04-07,CRM,181.7141
2026-04-08,CRM,175.1689
2026-04-09,CRM,170.1109
2026-04-10,CRM,164.2464
2026-04-13,CRM,172.0724
2026-04-14,CRM,170.5689
2026-04-15,CRM,176.8317
2026-04-16,CRM,180.436
2026-04-17,CRM,181.3521
2026-04-20,CRM,185.4642
2026-04-21,CRM,186.3006
2026-04-22,CRM,188.9789
2026-04-23,CRM,172.5503
2026-04-24,CRM,177.3893
2026-04-27,CRM,179.4005
2026-04-28,CRM,180.5356
2026-04-29,CRM,180.436
2026-04-30,CRM,175.7663
2026-05-01,CRM,183.0248
2026-05-04,CRM,184.6776
2026-05-05,CRM,186.1811
2026-05-06,CRM,180.4062
2026-05-07,CRM,185.5339
2026-05-08,CRM,181.0335
2026-05-11,CRM,176.7222
2026-05-12,CRM,170.5689
2026-05-13,CRM,165.1226
2026-05-14,CRM,166.855
2026-05-15,CRM,172.7594
2026-05-18,CRM,178.7036
2026-05-19,CRM,178.6438
2026-05-20,CRM,179.3209
2026-05-21,CRM,175.5473
2026-05-22,CRM,179.291
2026-05-26,CRM,178.3053
2026-05-27,CRM,176.7421
2026-05-28,CRM,175.4079
2026-05-29,CRM,190.2733
2026-06-01,CRM,208.6933
2026-06-02,CRM,199.9712
2026-06-03,CRM,189.7854
2026-06-04,CRM,187.9335
2026-06-05,CRM,184.8568
2026-06-08,CRM,181.7603
2026-06-09,CRM,174.5914
2026-06-10,CRM,170.1806
2026-06-11,CRM,166.1577
2026-06-12,CRM,165.5987
2026-06-15,CRM,164.261
2026-06-16,CRM,161.426
2026-06-17,CRM,154.7478
2026-06-18,CRM,151.5134
2026-06-22,CRM,149.8564
2026-06-23,CRM,153.1506
2026-06-24,CRM,152.4917
2026-06-25,CRM,149.9262
2026-06-26,CRM,158.0919
2026-06-29,CRM,157.6526
2026-06-30,CRM,156.3849
2026-07-01,CRM,162.9433
2026-07-02,CRM,165.8183
2026-07-06,CRM,165.3591
2026-07-07,CRM,169.2223
2026-07-08,CRM,166.2875
2026-07-09,CRM,162.2146
2026-07-10,CRM,163.0332
2026-07-13,CRM,170.9193
2026-07-14,CRM,167.2657
2026-07-15,CRM,166.7067
2026-07-16,CRM,172.3767
2026-07-17,CRM,170.4701
2026-07-20,CRM,173.4848
2026-07-21,CRM,169.7613
2026-07-22,CRM,162.7137
2026-07-23,CRM,156.6544
2026-07-24,CRM,163.3726
2026-07-27,CRM,173.2951
2026-07-28,CRM,181.1812
2026-07-29,CRM,188.0492
2026-07-30,CRM,180.3926
2026-07-31,CRM,183.6968
2026-08-03,CRM,185.6234
2026-08-04,CRM,190.6546
2026-08-05,CRM,192.6411
2026-08-06,CRM,186.442
2026-08-07,CRM,192.4015
2026-08-10,CRM,197.1631
2026-08-11,CRM,197.1232
2026-08-12,CRM,192.9805
2026-08-13,CRM,201.0164
2026-08-14,CRM,195.8654
2026-08-17,CRM,190.6346
2026-08-18,CRM,195.7955
2026-08-19,CRM,205.7281
2026-08-20,CRM,205.0692
2026-08-21,CRM,208.8027
2026-08-24,CRM,208.6929
2026-08-25,CRM,205.3288
2026-08-26,CRM,205.2589
2026-08-27,CRM,251.6074
2026-08-28,CRM,255.5504
2026-08-31,CRM,257.0877
2026-09-01,CRM,257.6567
2026-09-02,CRM,256.4788
2026-09-03,CRM,263.9656
2026-09-04,CRM,258.7747
2026-09-08,CRM,248.6825
2026-09-09,CRM,243.7312
2026-09-10,CRM,242.5732
2026-09-11,CRM,247.285
2026-09-14,CRM,258.9744
2026-09-15,CRM,255.201
2026-09-16,CRM,250.1
2026-09-17,CRM,242.85
2026-09-18,CRM,237.92
2026-09-21,CRM,236.42
2026-09-22,CRM,233.28
2026-09-23,CRM,237.58
2026-09-24,CRM,238.22
2026-09-25,CRM,234.02
2026-09-28,CRM,227.27
2026-09-29,CRM,225.31
2026-09-30,CRM,229.57
2026-10-01,CRM,236.69
2026-10-02,CRM,234.69
2025-10-03,CSCO,66.6854
2025-10-06,CSCO,67.6574
2025-10-07,CSCO,67.736
2025-10-08,CSCO,69.0516
2025-10-09,CSCO,68.6884
2025-10-10,CSCO,66.7051
2025-10-13,CSCO,66.2338
2025-10-14,CSCO,67.412
2025-10-15,CSCO,68.2563
2025-10-16,CSCO,67.8342
2025-10-17,CSCO,68.8553
2025-10-20,CSCO,69.3658
2025-10-21,CSCO,69.4345
2025-10-22,CSCO,69.3756
2025-10-23,CSCO,68.9927
2025-10-24,CSCO,69.3462
2025-10-27,CSCO,70.0924
2025-10-28,CSCO,71.3
2025-10-29,CSCO,70.0334
2025-10-30,CSCO,71.5847
2025-10-31,CSCO,71.7811
2025-11-03,CSCO,73.0967
2025-11-04,CSCO,71.0055
2025-11-05,CSCO,70.7895
2025-11-06,CSCO,69.7487
2025-11-07,CSCO,69.7782
2025-11-10,CSCO,70.7796
2025-11-11,CSCO,70.4065
2025-11-12,CSCO,72.6156
2025-11-13,CSCO,75.9735
2025-11-14,CSCO,76.5822
2025-11-17,CSCO,76.3662
2025-11-18,CSCO,75.9637
2025-11-19,CSCO,76.9651
2025-11-20,CSCO,74.0687
2025-11-21,CSCO,74.7168
2025-11-24,CSCO,74.8542
2025-11-25,CSCO,74.9327
2025-11-26,CSCO,74.6873
2025-11-28,CSCO,75.5415
2025-12-01,CSCO,74.6578
2025-12-02,CSCO,75.4727
2025-12-03,CSCO,76.3368
2025-12-04,CSCO,76.3466
2025-12-05,CSCO,76.5528
2025-12-08,CSCO,77.4266
2025-12-09,CSCO,78.0648
2025-12-10,CSCO,78.7913
2025-12-11,CSCO,77.8291
2025-12-12,CSCO,76.3858
2025-12-15,CSCO,76.8277
2025-12-16,CSCO,76.1404
2025-12-17,CSCO,74.6186
2025-12-18,CSCO,75.5513
2025-12-19,CSCO,76.9946
2025-12-22,CSCO,76.6902
2025-12-23,CSCO,76.6018
2025-12-24,CSCO,76.6018
2025-12-26,CSCO,76.7393
2025-12-29,CSCO,76.376
2025-12-30,CSCO,76.0029
2025-12-31,CSCO,75.6298
2026-01-02,CSCO,75.0573
2026-01-05,CSCO,74.6033
2026-01-06,CSCO,74.2578
2026-01-07,CSCO,73.7544
2026-01-08,CSCO,73.0042
2026-01-09,CSCO,72.9252
2026-01-12,CSCO,73.0536
2026-01-13,CSCO,74.4947
2026-01-14,CSCO,73.4484
2026-01-15,CSCO,74.2775
2026-01-16,CSCO,74.2183
2026-01-20,CSCO,72.4021
2026-01-21,CSCO,72.7377
2026-01-22,CSCO,73.3694
2026-01-23,CSCO,73.6261
2026-01-26,CSCO,76.0148
2026-01-27,CSCO,77.6632
2026-01-28,CSCO,77.9396
2026-01-29,CSCO,77.4165
2026-01-30,CSCO,77.3079
2026-02-02,CSCO,79.5979
2026-02-03,CSCO,82.036
2026-02-04,CSCO,80.1112
2026-02-05,CSCO,81.2957
2026-02-06,CSCO,83.7239
2026-02-09,CSCO,85.6585
2026-02-10,CSCO,85.1749
2026-02-11,CSCO,84.4346
2026-02-12,CSCO,74.0308
2026-02-13,CSCO,75.8569
2026-02-17,CSCO,75.8569
2026-02-18,CSCO,77.1697
2026-02-19,CSCO,77.5448
2026-02-20,CSCO,78.1765
2026-02-23,CSCO,76.7354
2026-02-24,CSCO,77.1302
2026-02-25,CSCO,78.0975
2026-02-26,CSCO,77.0907
2026-02-27,CSCO,78.4331
2026-03-02,CSCO,78.3937
2026-03-03,CSCO,77.9396
2026-03-04,CSCO,79.8249
2026-03-05,CSCO,78.976
2026-03-06,CSCO,77.6237
2026-03-09,CSCO,75.2251
2026-03-10,CSCO,76.6959
2026-03-11,CSCO,77.0907
2026-03-12,CSCO,76.7354
2026-03-13,CSCO,77.3177
2026-03-16,CSCO,77.8804
2026-03-17,CSCO,78.2456
2026-03-18,CSCO,76.5972
2026-03-19,CSCO,77.4954
2026-03-20,CSCO,76.6465
2026-03-23,CSCO,77.8014
2026-03-24,CSCO,79.8151
2026-03-25,CSCO,80.7725
2026-03-26,CSCO,81.0983
2026-03-27,CSCO,78.8872
2026-03-30,CSCO,76.0444
2026-03-31,CSCO,76.5873
2026-04-01,CSCO,76.9229
2026-04-02,CSCO,78.4215
2026-04-06,CSCO,79.8307
2026-04-07,CSCO,80.0689
2026-04-08,CSCO,83.066
2026-04-09,CSCO,82.54
2026-04-10,CSCO,81.5972
2026-04-13,CSCO,81.7262
2026-04-14,CSCO,81.9843
2026-04-15,CSCO,81.7362
2026-04-16,CSCO,83.86
2026-04-17,CSCO,85.5967
2026-04-20,CSCO,87.0456
2026-04-21,CSCO,89.0206
2026-04-22,CSCO,89.1198
2026-04-23,CSCO,87.919
2026-04-24,CSCO,88.3358
2026-04-27,CSCO,87.5915
2026-04-28,CSCO,86.2021
2026-04-29,CSCO,88.8916
2026-04-30,CSCO,90.8069
2026-05-01,CSCO,91.1543
2026-05-04,CSCO,91.9284
2026-05-05,CSCO,93.5857
2026-05-06,CSCO,90.9459
2026-05-07,CSCO,91.462
2026-05-08,CSCO,95.8385
2026-05-11,CSCO,97.9723
2026-05-12,CSCO,98.5379
2026-05-13,CSCO,101.0984
2026-05-14,CSCO,114.6549
2026-05-15,CSCO,117.3146
2026-05-18,CSCO,117.9796
2026-05-19,CSCO,114.5061
2026-05-20,CSCO,113.4839
2026-05-21,CSCO,117.3047
2026-05-22,CSCO,119.498
2026-05-26,CSCO,117.4337
2026-05-27,CSCO,118.7636
2026-05-28,CSCO,117.7414
2026-05-29,CSCO,119.5079
2026-06-01,CSCO,120.411
2026-06-02,CSCO,127.0305
2026-06-03,CSCO,125.5418
2026-06-04,CSCO,129.0153
2026-06-05,CSCO,120.7187
2026-06-08,CSCO,123.2096
2026-06-09,CSCO,119.4483
2026-06-10,CSCO,117.9002
2026-06-11,CSCO,120.9072
2026-06-12,CSCO,120.1827
2026-06-15,CSCO,119.2598
2026-06-16,CSCO,118.6643
2026-06-17,CSCO,116.4413
2026-06-18,CSCO,118.6346
2026-06-22,CSCO,120.6095
2026-06-23,CSCO,120.2324
2026-06-24,CSCO,118.8231
2026-06-25,CSCO,118.0689
2026-06-26,CSCO,112.9083
2026-06-29,CSCO,116.8085
2026-06-30,CSCO,116.5703
2026-07-01,CSCO,116.1237
2026-07-02,CSCO,111.8364
2026-07-06,CSCO,113.5398
2026-07-07,CSCO,111.3583
2026-07-08,CSCO,113.3805
2026-07-09,CSCO,117.8531
2026-07-10,CSCO,120.8415
2026-07-13,CSCO,118.7895
2026-07-14,CSCO,116.6378
2026-07-15,CSCO,111.3384
2026-07-16,CSCO,109.2365
2026-07-17,CSCO,111.5077
2026-07-20,CSCO,110.2725
2026-07-21,CSCO,111.7468
2026-07-22,CSCO,111.7767
2026-07-23,CSCO,112.3246
2026-07-24,CSCO,113.7291
2026-07-27,CSCO,114.1276
2026-07-28,CSCO,115.1337
2026-07-29,CSCO,112.0456
2026-07-30,CSCO,113.1215
2026-07-31,CSCO,115.5421
2026-08-03,CSCO,115.4126
2026-08-04,CSCO,121.2699
2026-08-05,CSCO,121.0308
2026-08-06,CSCO,120.4132
2026-08-07,CSCO,120.9611
2026-08-10,CSCO,122.0967
2026-08-11,CSCO,119.9649
2026-08-12,CSCO,123.4016
2026-08-13,CSCO,113.0318
2026-08-14,CSCO,111.2487
2026-08-17,CSCO,112.464
2026-08-18,CSCO,111.179
2026-08-19,CSCO,110.1231
2026-08-20,CSCO,109.1668
2026-08-21,CSCO,110.6112
2026-08-24,CSCO,109.8043
2026-08-25,CSCO,110.6809
2026-08-26,CSCO,111.9261
2026-08-27,CSCO,111.7169
2026-08-28,CSCO,109.5055
2026-08-31,CSCO,110.0633
2026-09-01,CSCO,109.3162
2026-09-02,CSCO,109.0373
2026-09-03,CSCO,108.1906
2026-09-04,CSCO,108.7783
2026-09-08,CSCO,108.7484
2026-09-09,CSCO,109.0074
2026-09-10,CSCO,107.0251
2026-09-11,CSCO,111.697
2026-09-14,CSCO,109.635
2026-09-15,CSCO,109.6449
2026-09-16,CSCO,107.3239
2026-09-17,CSCO,109.8143
2026-09-18,CSCO,109.0871
2026-09-21,CSCO,111.0296
2026-09-22,CSCO,106.029
2026-09-23,CSCO,106.019
2026-09-24,CSCO,106.5569
2026-09-25,CSCO,106.2879
2026-09-28,CSCO,106.3278
2026-09-29,CSCO,106.527
2026-09-30,CSCO,107.2144
2026-10-01,CSCO,108.34
2026-10-02,CSCO,112.2
2025-10-03,CVS,75.1061
2025-10-06,CVS,74.4761
2025-10-07,CVS,74.7475
2025-10-08,CVS,74.5634
2025-10-09,CVS,74.3792
2025-10-10,CVS,75.5035
2025-10-13,CVS,76.0269
2025-10-14,CVS,77.2094
2025-10-15,CVS,78.1883
2025-10-16,CVS,78.8668
2025-10-17,CVS,79.9814
2025-10-20,CVS,79.9426
2025-10-21,CVS,80.4854
2025-10-22,CVS,79.4871
2025-10-23,CVS,79.2184
2025-10-24,CVS,80.0587
2025-10-27,CVS,80.5668
2025-10-28,CVS,80.3226
2025-10-29,CVS,78.7591
2025-10-30,CVS,74.9384
2025-10-31,CVS,76.3651
2025-11-03,CVS,76.6484
2025-11-04,CVS,76.2967
2025-11-05,CVS,76.7559
2025-11-06,CVS,76.8634
2025-11-07,CVS,77.1859
2025-11-10,CVS,75.769
2025-11-11,CVS,78.0458
2025-11-12,CVS,78.4269
2025-11-13,CVS,77.4302
2025-11-14,CVS,76.0328
2025-11-17,CVS,76.6191
2025-11-18,CVS,76.1599
2025-11-19,CVS,74.8016
2025-11-20,CVS,74.3033
2025-11-21,CVS,76.2478
2025-11-24,CVS,76.1208
2025-11-25,CVS,76.6777
2025-11-26,CVS,78.036
2025-11-28,CVS,78.5246
2025-12-01,CVS,77.2934
2025-12-02,CVS,75.8472
2025-12-03,CVS,73.287
2025-12-04,CVS,74.997
2025-12-05,CVS,73.9026
2025-12-08,CVS,74.7821
2025-12-09,CVS,76.453
2025-12-10,CVS,77.1663
2025-12-11,CVS,78.9839
2025-12-12,CVS,77.6061
2025-12-15,CVS,77.8699
2025-12-16,CVS,76.5019
2025-12-17,CVS,76.1012
2025-12-18,CVS,76.0133
2025-12-19,CVS,75.9449
2025-12-22,CVS,76.5703
2025-12-23,CVS,76.2576
2025-12-24,CVS,77.3129
2025-12-26,CVS,77.7917
2025-12-29,CVS,78.1924
2025-12-30,CVS,78.0262
2025-12-31,CVS,77.5474
2026-01-02,CVS,78.2998
2026-01-05,CVS,78.5832
2026-01-06,CVS,78.8568
2026-01-07,CVS,77.9676
2026-01-08,CVS,78.7591
2026-01-09,CVS,78.466
2026-01-12,CVS,78.5246
2026-01-13,CVS,78.8373
2026-01-14,CVS,77.5181
2026-01-15,CVS,79.5017
2026-01-16,CVS,76.8048
2026-01-20,CVS,78.2607
2026-01-21,CVS,79.6288
2026-01-22,CVS,81.4563
2026-01-23,CVS,81.7814
2026-01-26,CVS,82.6287
2026-01-27,CVS,70.9344
2026-01-28,CVS,72.9343
2026-01-29,CVS,73.3383
2026-01-30,CVS,73.4171
2026-02-02,CVS,74.3038
2026-02-03,CVS,75.6929
2026-02-04,CVS,74.1264
2026-02-05,CVS,75.2003
2026-02-06,CVS,77.1904
2026-02-09,CVS,74.6486
2026-02-10,CVS,74.5796
2026-02-11,CVS,75.8801
2026-02-12,CVS,76.7766
2026-02-13,CVS,77.3185
2026-02-17,CVS,77.0426
2026-02-18,CVS,76.5993
2026-02-19,CVS,76.1757
2026-02-20,CVS,75.555
2026-02-23,CVS,75.8604
2026-02-24,CVS,73.0821
2026-02-25,CVS,75.0624
2026-02-26,CVS,76.8554
2026-02-27,CVS,78.7175
2026-03-02,CVS,80.4514
2026-03-03,CVS,79.2987
2026-03-04,CVS,79.3776
2026-03-05,CVS,77.5254
2026-03-06,CVS,76.7668
2026-03-09,CVS,77.1017
2026-03-10,CVS,75.1905
2026-03-11,CVS,74.5993
2026-03-12,CVS,74.9442
2026-03-13,CVS,75.0033
2026-03-16,CVS,74.7176
2026-03-17,CVS,73.7028
2026-03-18,CVS,71.9393
2026-03-19,CVS,70.7965
2026-03-20,CVS,70.4221
2026-03-23,CVS,70.2349
2026-03-24,CVS,71.7226
2026-03-25,CVS,71.1117
2026-03-26,CVS,70.1265
2026-03-27,CVS,69.0428
2026-03-30,CVS,69.1019
2026-03-31,CVS,70.757
2026-04-01,CVS,71.4171
2026-04-02,CVS,72.4023
2026-04-06,CVS,72.1954
2026-04-07,CVS,77.0623
2026-04-08,CVS,77.6239
2026-04-09,CVS,77.6732
2026-04-10,CVS,78.1559
2026-04-13,CVS,76.9343
2026-04-14,CVS,76.4712
2026-04-15,CVS,73.8801
2026-04-16,CVS,75.6535
2026-04-17,CVS,76.156
2026-04-20,CVS,75.4466
2026-04-21,CVS,76.2151
2026-04-22,CVS,75.2988
2026-04-23,CVS,78.3748
2026-04-24,CVS,77.4604
2026-04-27,CVS,77.8779
2026-04-28,CVS,80.4817
2026-04-29,CVS,83.3838
2026-04-30,CVS,82.7775
2026-05-01,CVS,81.5849
2026-05-04,CVS,81.5054
2026-05-05,CVS,80.1935
2026-05-06,CVS,86.3256
2026-05-07,CVS,86.8225
2026-05-08,CVS,89.9929
2026-05-11,CVS,91.6526
2026-05-12,CVS,94.5646
2026-05-13,CVS,97.5063
2026-05-14,CVS,96.5523
2026-05-15,CVS,95.3
2026-05-18,CVS,95.3994
2026-05-19,CVS,93.6005
2026-05-20,CVS,92.7061
2026-05-21,CVS,92.7458
2026-05-22,CVS,92.6862
2026-05-26,CVS,90.1718
2026-05-27,CVS,91.5035
2026-05-28,CVS,92.398
2026-05-29,CVS,90.4202
2026-06-01,CVS,90.0624
2026-06-02,CVS,88.9493
2026-06-03,CVS,90.8078
2026-06-04,CVS,94.2366
2026-06-05,CVS,95.3398
2026-06-08,CVS,96.4827
2026-06-09,CVS,96.4628
2026-06-10,CVS,97.4169
2026-06-11,CVS,99.8618
2026-06-12,CVS,101.3326
2026-06-15,CVS,100.0605
2026-06-16,CVS,100.1003
2026-06-17,CVS,98.5499
2026-06-18,CVS,97.715
2026-06-22,CVS,100.6767
2026-06-23,CVS,100.9451
2026-06-24,CVS,101.2432
2026-06-25,CVS,104.016
2026-06-26,CVS,103.698
2026-06-29,CVS,102.9427
2026-06-30,CVS,102.8135
2026-07-01,CVS,104.1651
2026-07-02,CVS,104.0757
2026-07-06,CVS,101.4519
2026-07-07,CVS,103.6881
2026-07-08,CVS,103.8272
2026-07-09,CVS,102.1774
2026-07-10,CVS,103.5092
2026-07-13,CVS,105.2484
2026-07-14,CVS,105.5267
2026-07-15,CVS,105.2584
2026-07-16,CVS,105.8447
2026-07-17,CVS,106.8088
2026-07-20,CVS,106.9479
2026-07-21,CVS,109.9195
2026-07-22,CVS,107.415
2026-07-23,CVS,106.89
2026-07-24,CVS,107.74
2026-07-27,CVS,107.07
2026-07-28,CVS,109.34
2026-07-29,CVS,105.92
2026-07-30,CVS,105.22
2026-07-31,CVS,104.43
2026-08-03,CVS,105.37
2026-08-04,CVS,104.42
2026-08-05,CVS,99.12
2026-08-06,CVS,96.22
2026-08-07,CVS,95.7
2026-08-10,CVS,95.67
2026-08-11,CVS,93.5
2026-08-12,CVS,94.72
2026-08-13,CVS,94.99
2026-08-14,CVS,97.16
2026-08-17,CVS,94.01
2026-08-18,CVS,94.91
2026-08-19,CVS,93.65
2026-08-20,CVS,93.65
2026-08-21,CVS,93.02
2026-08-24,CVS,94.11
2026-08-25,CVS,92.9
2026-08-26,CVS,94.32
2026-08-27,CVS,92.92
2026-08-28,CVS,93.06
2026-08-31,CVS,93.91
2026-09-01,CVS,97.6
2026-09-02,CVS,97.23
2026-09-03,CVS,97.2
2026-09-04,CVS,96.74
2026-09-08,CVS,96.07
2026-09-09,CVS,95.38
2026-09-10,CVS,95.29
2026-09-11,CVS,94.66
2026-09-14,CVS,95.55
2026-09-15,CVS,94.49
2026-09-16,CVS,91.72
2026-09-17,CVS,90.27
2026-09-18,CVS,88.84
2026-09-21,CVS,87.6
2026-09-22,CVS,87.1
2026-09-23,CVS,85.86
2026-09-24,CVS,85.05
2026-09-25,CVS,89.13
2026-09-28,CVS,87.85
2026-09-29,CVS,87.1
2026-09-30,CVS,85.69
2026-10-01,CVS,85.2
2026-10-02,CVS,86.46
2025-10-03,CVX,147.7288
2025-10-06,CVX,148.181
2025-10-07,CVX,149.0372
2025-10-08,CVX,147.9116
2025-10-09,CVX,145.8912
2025-10-10,CVX,143.2551
2025-10-13,CVX,146.1798
2025-10-14,CVX,146.6127
2025-10-15,CVX,146.3434
2025-10-16,CVX,145.9585
2025-10-17,CVX,147.2766
2025-10-20,CVX,148.6235
2025-10-21,CVX,147.9597
2025-10-22,CVX,149.6722
2025-10-23,CVX,150.6246
2025-10-24,CVX,149.6626
2025-10-27,CVX,149.3932
2025-10-28,CVX,148.2868
2025-10-29,CVX,149.22
2025-10-30,CVX,147.6999
2025-10-31,CVX,151.7407
2025-11-03,CVX,148.2002
2025-11-04,CVX,147.5749
2025-11-05,CVX,146.8725
2025-11-06,CVX,147.1419
2025-11-07,CVX,149.1431
2025-11-10,CVX,149.7492
2025-11-11,CVX,150.3168
2025-11-12,CVX,147.5075
2025-11-13,CVX,149.6818
2025-11-14,CVX,151.6445
2025-11-17,CVX,148.9507
2025-11-18,CVX,149.4468
2025-11-19,CVX,147.5789
2025-11-20,CVX,146.2267
2025-11-21,CVX,145.9057
2025-11-24,CVX,145.6819
2025-11-25,CVX,144.4951
2025-11-26,CVX,145.4484
2025-11-28,CVX,147.0244
2025-12-01,CVX,148.3961
2025-12-02,CVX,146.1683
2025-12-03,CVX,147.4719
2025-12-04,CVX,148.1237
2025-12-05,CVX,145.9251
2025-12-08,CVX,144.6702
2025-12-09,CVX,144.4562
2025-12-10,CVX,147.2968
2025-12-11,CVX,146.6256
2025-12-12,CVX,145.9154
2025-12-15,CVX,145.7306
2025-12-16,CVX,142.7634
2025-12-17,CVX,145.4582
2025-12-18,CVX,143.6779
2025-12-19,CVX,143.7362
2025-12-22,CVX,145.7306
2025-12-23,CVX,146.4213
2025-12-24,CVX,146.4115
2025-12-26,CVX,145.9446
2025-12-29,CVX,146.8882
2025-12-30,CVX,148.1724
2025-12-31,CVX,148.2697
2026-01-02,CVX,151.6648
2026-01-05,CVX,159.3989
2026-01-06,CVX,152.2874
2026-01-07,CVX,150.9839
2026-01-08,CVX,154.9238
2026-01-09,CVX,157.7061
2026-01-12,CVX,157.9299
2026-01-13,CVX,159.4183
2026-01-14,CVX,162.6968
2026-01-15,CVX,161.6461
2026-01-16,CVX,161.7434
2026-01-20,CVX,160.8095
2026-01-21,CVX,162.2007
2026-01-22,CVX,162.1325
2026-01-23,CVX,162.1909
2026-01-26,CVX,162.9497
2026-01-27,CVX,164.4576
2026-01-28,CVX,165.3137
2026-01-29,CVX,166.5395
2026-01-30,CVX,172.0944
2026-02-02,CVX,169.3023
2026-02-03,CVX,173.2034
2026-02-04,CVX,176.3067
2026-02-05,CVX,174.3611
2026-02-06,CVX,175.9468
2026-02-09,CVX,177.6395
2026-02-10,CVX,177.3087
2026-02-11,CVX,180.7721
2026-02-12,CVX,177.4449
2026-02-13,CVX,178.7486
2026-02-17,CVX,177.3634
2026-02-18,CVX,180.6248
2026-02-19,CVX,181.5188
2026-02-20,CVX,180.6838
2026-02-23,CVX,181.6465
2026-02-24,CVX,182.0689
2026-02-25,CVX,180.9687
2026-02-26,CVX,180.9097
2026-02-27,CVX,183.4638
2026-03-02,CVX,186.2537
2026-03-03,CVX,185.4384
2026-03-04,CVX,182.7467
2026-03-05,CVX,186.5484
2026-03-06,CVX,186.5877
2026-03-09,CVX,186.0965
2026-03-10,CVX,183.0021
2026-03-11,CVX,188.4051
2026-03-12,CVX,193.4936
2026-03-13,CVX,193.3463
2026-03-16,CVX,193.3659
2026-03-17,CVX,194.476
2026-03-18,CVX,195.1047
2026-03-19,CVX,197.8847
2026-03-20,CVX,198.1696
2026-03-23,CVX,201.5882
2026-03-24,CVX,203.1403
2026-03-25,CVX,201.5293
2026-03-26,CVX,204.1227
2026-03-27,CVX,207.4234
2026-03-30,CVX,206.9911
2026-03-31,CVX,203.2484
2026-04-01,CVX,193.9259
2026-04-02,CVX,195.4583
2026-04-06,CVX,195.3503
2026-04-07,CVX,197.983
2026-04-08,CVX,189.4856
2026-04-09,CVX,187.0003
2026-04-10,CVX,185.2222
2026-04-13,CVX,188.3952
2026-04-14,CVX,183.7192
2026-04-15,CVX,181.6465
2026-04-16,CVX,184.8293
2026-04-17,CVX,180.7427
2026-04-20,CVX,180.0158
2026-04-21,CVX,182.6976
2026-04-22,CVX,183.0316
2026-04-23,CVX,184.289
2026-04-24,CVX,181.9412
2026-04-27,CVX,181.5188
2026-04-28,CVX,185.0356
2026-04-29,CVX,188.8275
2026-04-30,CVX,189.8982
2026-05-01,CVX,187.2655
2026-05-04,CVX,188.8864
2026-05-05,CVX,189.2401
2026-05-06,CVX,181.8921
2026-05-07,CVX,179.279
2026-05-08,CVX,178.4146
2026-05-11,CVX,181.4795
2026-05-12,CVX,182.6681
2026-05-13,CVX,182.7173
2026-05-14,CVX,183.3459
2026-05-15,CVX,187.7272
2026-05-18,CVX,192.6586
2026-05-19,CVX,195.5435
2026-05-20,CVX,189.6747
2026-05-21,CVX,189.3574
2026-05-22,CVX,189.7738
2026-05-26,CVX,183.112
2026-05-27,CVX,180.8219
2026-05-28,CVX,181.4465
2026-05-29,CVX,180.8814
2026-06-01,CVX,184.2223
2026-06-02,CVX,185.9274
2026-06-03,CVX,188.0687
2026-06-04,CVX,186.7205
2026-06-05,CVX,185.6895
2026-06-08,CVX,187.6028
2026-06-09,CVX,185.1442
2026-06-10,CVX,188.1579
2026-06-11,CVX,184.2124
2026-06-12,CVX,185.6002
2026-06-15,CVX,178.8392
2026-06-16,CVX,178.5517
2026-06-17,CVX,176.0436
2026-06-18,CVX,172.1278
2026-06-22,CVX,173.5454
2026-06-23,CVX,174.4575
2026-06-24,CVX,169.9667
2026-06-25,CVX,170.7498
2026-06-26,CVX,169.58
2026-06-29,CVX,167.0125
2026-06-30,CVX,164.3259
2026-07-01,CVX,164.2565
2026-07-02,CVX,167.7361
2026-07-06,CVX,166.6457
2026-07-07,CVX,172.5045
2026-07-08,CVX,174.4476
2026-07-09,CVX,172.5442
2026-07-10,CVX,174.8738
2026-07-13,CVX,180.6237
2026-07-14,CVX,180.1875
2026-07-15,CVX,180.0289
2026-07-16,CVX,182.2693
2026-07-17,CVX,185.7589
2026-07-20,CVX,188.0687
2026-07-21,CVX,189.4169
2026-07-22,CVX,191.3104
2026-07-23,CVX,192.7379
2026-07-24,CVX,193.1047
2026-07-27,CVX,188.3562
2026-07-28,CVX,185.9571
2026-07-29,CVX,190.2001
2026-07-30,CVX,190.6462
2026-07-31,CVX,195.1271
2026-08-03,CVX,191.5087
2026-08-04,CVX,188.7527
2026-08-05,CVX,184.7972
2026-08-06,CVX,187.5928
2026-08-07,CVX,184.9459
2026-08-10,CVX,193.2237
2026-08-11,CVX,194.9586
2026-08-12,CVX,194.8991
2026-08-13,CVX,195.9896
2026-08-14,CVX,198.2697
2026-08-17,CVX,200.9463
2026-08-18,CVX,203.96
2026-08-19,CVX,205.76
2026-08-20,CVX,205.77
2026-08-21,CVX,205.27
2026-08-24,CVX,203.09
2026-08-25,CVX,199.89
2026-08-26,CVX,200.21
2026-08-27,CVX,199.77
2026-08-28,CVX,201.86
2026-08-31,CVX,206.14
2026-09-01,CVX,211.05
2026-09-02,CVX,211.78
2026-09-03,CVX,211.32
2026-09-04,CVX,208.6
2026-09-08,CVX,209.8
2026-09-09,CVX,213.81
2026-09-10,CVX,212.76
2026-09-11,CVX,214.06
2026-09-14,CVX,212.17
2026-09-15,CVX,217.77
2026-09-16,CVX,211.54
2026-09-17,CVX,211.57
2026-09-18,CVX,209.51
2026-09-21,CVX,203.67
2026-09-22,CVX,202.41
2026-09-23,CVX,205.51
2026-09-24,CVX,205.65
2026-09-25,CVX,204.45
2026-09-28,CVX,206.37
2026-09-29,CVX,204.38
2026-09-30,CVX,204.21
2026-10-01,CVX,207.1
2026-10-02,CVX,206.69
2025-10-03,DVN,33.701
2025-10-06,DVN,34.0423
2025-10-07,DVN,34.1203
2025-10-08,DVN,34.1008
2025-10-09,DVN,33.4962
2025-10-10,DVN,31.6922
2025-10-13,DVN,32.3845
2025-10-14,DVN,31.897
2025-10-15,DVN,31.7995
2025-10-16,DVN,31.2339
2025-10-17,DVN,30.9511
2025-10-20,DVN,31.1364
2025-10-21,DVN,31.2631
2025-10-22,DVN,31.6044
2025-10-23,DVN,32.6088
2025-10-24,DVN,32.1505
2025-10-27,DVN,32.1115
2025-10-28,DVN,31.2144
2025-10-29,DVN,31.2534
2025-10-30,DVN,31.2144
2025-10-31,DVN,31.6824
2025-11-03,DVN,32.0042
2025-11-04,DVN,31.741
2025-11-05,DVN,31.5362
2025-11-06,DVN,31.6239
2025-11-07,DVN,32.8624
2025-11-10,DVN,33.0769
2025-11-11,DVN,34.2861
2025-11-12,DVN,34.3446
2025-11-13,DVN,34.1691
2025-11-14,DVN,34.9492
2025-11-17,DVN,34.1983
2025-11-18,DVN,34.9784
2025-11-19,DVN,34.4031
2025-11-20,DVN,34.2861
2025-11-21,DVN,34.7639
2025-11-24,DVN,35.0369
2025-11-25,DVN,34.9297
2025-11-26,DVN,35.4953
2025-11-28,DVN,36.1389
2025-12-01,DVN,36.919
2025-12-02,DVN,36.3339
2025-12-03,DVN,36.7532
2025-12-04,DVN,36.7727
2025-12-05,DVN,36.5387
2025-12-08,DVN,36.6362
2025-12-09,DVN,36.4704
2025-12-10,DVN,37.4553
2025-12-11,DVN,36.6069
2025-12-12,DVN,36.5874
2025-12-15,DVN,35.498
2025-12-16,DVN,34.4381
2025-12-17,DVN,36.2636
2025-12-18,DVN,35.0564
2025-12-19,DVN,35.1742
2025-12-22,DVN,35.7532
2025-12-23,DVN,35.6649
2025-12-24,DVN,35.5275
2025-12-26,DVN,35.0073
2025-12-29,DVN,35.5079
2025-12-30,DVN,36.136
2025-12-31,DVN,35.9495
2026-01-02,DVN,37.1665
2026-01-05,DVN,35.871
2026-01-06,DVN,35.2232
2026-01-07,DVN,33.8296
2026-01-08,DVN,35.4195
2026-01-09,DVN,35.0957
2026-01-12,DVN,35.0564
2026-01-13,DVN,36.1556
2026-01-14,DVN,37.2155
2026-01-15,DVN,35.6453
2026-01-16,DVN,35.5275
2026-01-20,DVN,35.6158
2026-01-21,DVN,37.0487
2026-01-22,DVN,37.2744
2026-01-23,DVN,37.9222
2026-01-26,DVN,37.9123
2026-01-27,DVN,38.7171
2026-01-28,DVN,39.0901
2026-01-29,DVN,39.198
2026-01-30,DVN,39.463
2026-02-02,DVN,39.3943
2026-02-03,DVN,40.3463
2026-02-04,DVN,42.5839
2026-02-05,DVN,42.368
2026-02-06,DVN,42.9961
2026-02-09,DVN,42.6722
2026-02-10,DVN,42.6722
2026-02-11,DVN,44.1247
2026-02-12,DVN,43.1433
2026-02-13,DVN,43.8303
2026-02-17,DVN,43.2218
2026-02-18,DVN,43.6144
2026-02-19,DVN,43.8303
2026-02-20,DVN,43.5653
2026-02-23,DVN,42.8587
2026-02-24,DVN,42.476
2026-02-25,DVN,41.8282
2026-02-26,DVN,41.8675
2026-02-27,DVN,42.7213
2026-03-02,DVN,44.1149
2026-03-03,DVN,43.1826
2026-03-04,DVN,42.6821
2026-03-05,DVN,43.6929
2026-03-06,DVN,43.6537
2026-03-09,DVN,43.9873
2026-03-10,DVN,42.8882
2026-03-11,DVN,44.5173
2026-03-12,DVN,45.3319
2026-03-13,DVN,45.6279
2026-03-16,DVN,46.0225
2026-03-17,DVN,46.7821
2026-03-18,DVN,47.5122
2026-03-19,DVN,48.1337
2026-03-20,DVN,48.0054
2026-03-23,DVN,47.8377
2026-03-24,DVN,49.5938
2026-03-25,DVN,49.7319
2026-03-26,DVN,50.6593
2026-03-27,DVN,51.3696
2026-03-30,DVN,50.827
2026-03-31,DVN,49.6431
2026-04-01,DVN,47.9364
2026-04-02,DVN,48.8243
2026-04-06,DVN,48.9821
2026-04-07,DVN,49.2781
2026-04-08,DVN,47.2655
2026-04-09,DVN,47.2359
2026-04-10,DVN,47.1471
2026-04-13,DVN,46.6341
2026-04-14,DVN,44.6413
2026-04-15,DVN,44.6216
2026-04-16,DVN,45.1642
2026-04-17,DVN,43.635
2026-04-20,DVN,44.3355
2026-04-21,DVN,44.9866
2026-04-22,DVN,46.4862
2026-04-23,DVN,47.5023
2026-04-24,DVN,47.2951
2026-04-27,DVN,47.5516
2026-04-28,DVN,48.8144
2026-04-29,DVN,50.3929
2026-04-30,DVN,50.679
2026-05-01,DVN,49.8799
2026-05-04,DVN,50.5705
2026-05-05,DVN,50.3041
2026-05-06,DVN,45.9731
2026-05-07,DVN,44.7005
2026-05-08,DVN,44.9965
2026-05-11,DVN,46.1014
2026-05-12,DVN,46.1409
2026-05-13,DVN,46.2691
2026-05-14,DVN,46.6045
2026-05-15,DVN,48.8243
2026-05-18,DVN,49.0117
2026-05-19,DVN,49.0216
2026-05-20,DVN,47.8081
2026-05-21,DVN,46.4763
2026-05-22,DVN,46.5848
2026-05-26,DVN,44.5328
2026-05-27,DVN,43.6745
2026-05-28,DVN,43.5166
2026-05-29,DVN,43.8915
2026-06-01,DVN,45.6871
2026-06-02,DVN,45.5983
2026-06-03,DVN,45.5588
2026-06-04,DVN,45.3714
2026-06-05,DVN,43.6844
2026-06-08,DVN,44.4736
2026-06-09,DVN,43.4772
2026-06-10,DVN,45.9731
2026-06-11,DVN,44.0099
2026-06-12,DVN,44.7005
2026-06-15,DVN,43.2499
2026-06-16,DVN,42.614
2026-06-17,DVN,42.306
2026-06-18,DVN,41.849
2026-06-22,DVN,42.773
2026-06-23,DVN,43.1108
2026-06-24,DVN,42.465
2026-06-25,DVN,42.3259
2026-06-26,DVN,41.9384
2026-06-29,DVN,41.7198
2026-06-30,DVN,41.0541
2026-07-01,DVN,39.991
2026-07-02,DVN,40.2096
2026-07-06,DVN,40.1003
2026-07-07,DVN,42.1371
2026-07-08,DVN,43.0313
2026-07-09,DVN,41.7496
2026-07-10,DVN,41.9583
2026-07-13,DVN,43.4486
2026-07-14,DVN,43.1207
2026-07-15,DVN,42.6538
2026-07-16,DVN,42.7531
2026-07-17,DVN,43.548
2026-07-20,DVN,43.4983
2026-07-21,DVN,43.8162
2026-07-22,DVN,44.5912
2026-07-23,DVN,44.9986
2026-07-24,DVN,44.7502
2026-07-27,DVN,42.8823
2026-07-28,DVN,42.3855
2026-07-29,DVN,44.1739
2026-07-30,DVN,43.8858
2026-07-31,DVN,44.8396
2026-08-03,DVN,44.2832
2026-08-04,DVN,43.7665
2026-08-05,DVN,41.8192
2026-08-06,DVN,42.8326
2026-08-07,DVN,42.7034
2026-08-10,DVN,45.0681
2026-08-11,DVN,45.1079
2026-08-12,DVN,44.5713
2026-08-13,DVN,44.1044
2026-08-14,DVN,45.555
2026-08-17,DVN,47.2639
2026-08-18,DVN,47.5222
2026-08-19,DVN,47.8799
2026-08-20,DVN,48.9828
2026-08-21,DVN,48.7841
2026-08-24,DVN,47.9197
2026-08-25,DVN,46.6081
2026-08-26,DVN,46.5287
2026-08-27,DVN,46.8168
2026-08-28,DVN,47.0453
2026-08-31,DVN,48.1978
2026-09-01,DVN,48.7344
2026-09-02,DVN,48.7145
2026-09-03,DVN,48.4761
2026-09-04,DVN,47.7507
2026-09-08,DVN,48.0886
2026-09-09,DVN,48.6648
2026-09-10,DVN,49.6981
2026-09-11,DVN,49.9068
2026-09-14,DVN,49.41
2026-09-15,DVN,51.33
2026-09-16,DVN,48.44
2026-09-17,DVN,48.72
2026-09-18,DVN,48.61
2026-09-21,DVN,47.59
2026-09-22,DVN,46.93
2026-09-23,DVN,48.04
2026-09-24,DVN,48.9
2026-09-25,DVN,47.05
2026-09-28,DVN,46.73
2026-09-29,DVN,46.6
2026-09-30,DVN,46.04
2026-10-01,DVN,47.16
2026-10-02,DVN,47.65
2025-10-03,EOG,107.1067
2025-10-06,EOG,106.7395
2025-10-07,EOG,106.7395
2025-10-08,EOG,106.7878
2025-10-09,EOG,108.1601
2025-10-10,EOG,104.4394
2025-10-13,EOG,106.034
2025-10-14,EOG,105.4542
2025-10-15,EOG,104.9806
2025-10-16,EOG,103.647
2025-10-17,EOG,103.6372
2025-10-20,EOG,103.8128
2025-10-21,EOG,103.4616
2025-10-22,EOG,103.6275
2025-10-23,EOG,105.452
2025-10-24,EOG,103.7933
2025-10-27,EOG,104.1836
2025-10-28,EOG,103.325
2025-10-29,EOG,103.4226
2025-10-30,EOG,102.8957
2025-10-31,EOG,103.2665
2025-11-03,EOG,103.0713
2025-11-04,EOG,102.7006
2025-11-05,EOG,102.6323
2025-11-06,EOG,102.4469
2025-11-07,EOG,102.8469
2025-11-10,EOG,103.9787
2025-11-11,EOG,106.6814
2025-11-12,EOG,106.0959
2025-11-13,EOG,106.5838
2025-11-14,EOG,107.7156
2025-11-17,EOG,106.818
2025-11-18,EOG,106.9058
2025-11-19,EOG,104.4861
2025-11-20,EOG,103.4909
2025-11-21,EOG,104.369
2025-11-24,EOG,103.9982
2025-11-25,EOG,102.9054
2025-11-26,EOG,103.6177
2025-11-28,EOG,105.2276
2025-12-01,EOG,107.0424
2025-12-02,EOG,106.4082
2025-12-03,EOG,108.7986
2025-12-04,EOG,109.4328
2025-12-05,EOG,109.4425
2025-12-08,EOG,107.9302
2025-12-09,EOG,106.7301
2025-12-10,EOG,108.7205
2025-12-11,EOG,106.8472
2025-12-12,EOG,105.3837
2025-12-15,EOG,103.3543
2025-12-16,EOG,99.3052
2025-12-17,EOG,102.1932
2025-12-18,EOG,100.115
2025-12-19,EOG,99.4515
2025-12-22,EOG,100.9053
2025-12-23,EOG,101.4614
2025-12-24,EOG,101.3444
2025-12-26,EOG,100.9834
2025-12-29,EOG,102.0956
2025-12-30,EOG,103.0908
2025-12-31,EOG,102.4566
2026-01-02,EOG,104.6617
2026-01-05,EOG,103.6177
2026-01-06,EOG,102.4469
2026-01-07,EOG,100.0564
2026-01-08,EOG,103.003
2026-01-09,EOG,102.3688
2026-01-12,EOG,102.8762
2026-01-13,EOG,105.413
2026-01-14,EOG,108.0473
2026-01-15,EOG,105.3934
2026-01-16,EOG,103.7387
2026-01-20,EOG,104.6153
2026-01-21,EOG,106.4277
2026-01-22,EOG,104.7237
2026-01-23,EOG,106.7035
2026-01-26,EOG,105.9844
2026-01-27,EOG,106.9596
2026-01-28,EOG,109.3531
2026-01-29,EOG,110.3972
2026-01-30,EOG,110.4464
2026-02-02,EOG,106.7823
2026-02-03,EOG,108.7719
2026-02-04,EOG,112.9483
2026-02-05,EOG,110.801
2026-02-06,EOG,111.9929
2026-02-09,EOG,112.1603
2026-02-10,EOG,111.0079
2026-02-11,EOG,116.445
2026-02-12,EOG,116.0805
2026-02-13,EOG,118.9173
2026-02-17,EOG,117.952
2026-02-18,EOG,120.4342
2026-02-19,EOG,122.0102
2026-02-20,EOG,121.232
2026-02-23,EOG,120.4736
2026-02-24,EOG,121.8427
2026-02-25,EOG,120.6607
2026-02-26,EOG,119.3113
2026-02-27,EOG,122.217
2026-03-02,EOG,126.7184
2026-03-03,EOG,126.088
2026-03-04,EOG,125.9008
2026-03-05,EOG,129.0626
2026-03-06,EOG,129.437
2026-03-09,EOG,129.693
2026-03-10,EOG,125.9698
2026-03-11,EOG,130.5204
2026-03-12,EOG,131.0425
2026-03-13,EOG,131.5941
2026-03-16,EOG,132.4904
2026-03-17,EOG,133.6822
2026-03-18,EOG,135.4552
2026-03-19,EOG,136.7357
2026-03-20,EOG,136.647
2026-03-23,EOG,137.5828
2026-03-24,EOG,140.39
2026-03-25,EOG,141.0598
2026-03-26,EOG,145.2755
2026-03-27,EOG,147.3144
2026-03-30,EOG,147.6395
2026-03-31,EOG,142.3994
2026-04-01,EOG,138.3117
2026-04-02,EOG,140.4983
2026-04-06,EOG,140.9022
2026-04-07,EOG,142.0645
2026-04-08,EOG,136.9622
2026-04-09,EOG,134.5293
2026-04-10,EOG,134.1452
2026-04-13,EOG,134.9036
2026-04-14,EOG,131.5842
2026-04-15,EOG,130.4022
2026-04-16,EOG,133.0823
2026-04-17,EOG,127.4839
2026-04-20,EOG,128.2085
2026-04-21,EOG,131.4544
2026-04-22,EOG,132.0301
2026-04-23,EOG,132.8838
2026-04-24,EOG,132.1493
2026-04-27,EOG,132.2386
2026-04-28,EOG,134.7797
2026-04-29,EOG,138.0951
2026-04-30,EOG,139.5345
2026-05-01,EOG,137.9264
2026-05-04,EOG,140.5668
2026-05-05,EOG,139.7826
2026-05-06,EOG,133.6978
2026-05-07,EOG,129.9258
2026-05-08,EOG,129.0721
2026-05-11,EOG,132.3279
2026-05-12,EOG,133.1419
2026-05-13,EOG,133.936
2026-05-14,EOG,134.9882
2026-05-15,EOG,139.2267
2026-05-18,EOG,141.9366
2026-05-19,EOG,143.237
2026-05-20,EOG,140.5867
2026-05-21,EOG,138.9488
2026-05-22,EOG,140.1797
2026-05-26,EOG,135.1966
2026-05-27,EOG,133.3106
2026-05-28,EOG,133.5886
2026-05-29,EOG,132.3974
2026-06-01,EOG,135.6135
2026-06-02,EOG,137.5591
2026-06-03,EOG,140.4576
2026-06-04,EOG,139.8422
2026-06-05,EOG,136.765
2026-06-08,EOG,139.1175
2026-06-09,EOG,136.3183
2026-06-10,EOG,139.2466
2026-06-11,EOG,135.5242
2026-06-12,EOG,135.6433
2026-06-15,EOG,131.0077
2026-06-16,EOG,131.0772
2026-06-17,EOG,132.2684
2026-06-18,EOG,129.0225
2026-06-22,EOG,131.8515
2026-06-23,EOG,133.9062
2026-06-24,EOG,133.4595
2026-06-25,EOG,132.6059
2026-06-26,EOG,131.6232
2026-06-29,EOG,130.9581
2026-06-30,EOG,128.7743
2026-07-01,EOG,127.6427
2026-07-02,EOG,129.8166
2026-07-06,EOG,128.4368
2026-07-07,EOG,133.5489
2026-07-08,EOG,136.5764
2026-07-09,EOG,132.5562
2026-07-10,EOG,133.1121
2026-07-13,EOG,138.5815
2026-07-14,EOG,136.9933
2026-07-15,EOG,136.4573
2026-07-16,EOG,137.44
2026-07-17,EOG,139.89
2026-07-20,EOG,141.09
2026-07-21,EOG,143.44
2026-07-22,EOG,144.0
2026-07-23,EOG,145.49
2026-07-24,EOG,146.39
2026-07-27,EOG,140.31
2026-07-28,EOG,139.64
2026-07-29,EOG,145.94
2026-07-30,EOG,145.51
2026-07-31,EOG,148.69
2026-08-03,EOG,145.68
2026-08-04,EOG,143.52
2026-08-05,EOG,134.23
2026-08-06,EOG,136.2
2026-08-07,EOG,134.74
2026-08-10,EOG,142.22
2026-08-11,EOG,143.4
2026-08-12,EOG,143.14
2026-08-13,EOG,141.41
2026-08-14,EOG,142.61
2026-08-17,EOG,146.15
2026-08-18,EOG,148.7
2026-08-19,EOG,149.48
2026-08-20,EOG,152.19
2026-08-21,EOG,153.05
2026-08-24,EOG,150.21
2026-08-25,EOG,146.83
2026-08-26,EOG,144.84
2026-08-27,EOG,144.5
2026-08-28,EOG,143.35
2026-08-31,EOG,144.96
2026-09-01,EOG,148.35
2026-09-02,EOG,148.96
2026-09-03,EOG,145.96
2026-09-04,EOG,145.19
2026-09-08,EOG,145.36
2026-09-09,EOG,147.01
2026-09-10,EOG,147.46
2026-09-11,EOG,147.36
2026-09-14,EOG,148.54
2026-09-15,EOG,153.74
2026-09-16,EOG,144.93
2026-09-17,EOG,145.47
2026-09-18,EOG,144.23
2026-09-21,EOG,141.38
2026-09-22,EOG,139.52
2026-09-23,EOG,141.84
2026-09-24,EOG,142.86
2026-09-25,EOG,140.35
2026-09-28,EOG,140.63
2026-09-29,EOG,139.66
2026-09-30,EOG,137.76
2026-10-01,EOG,141.31
2026-10-02,EOG,141.38
2025-10-03,F,12.1056
2025-10-06,F,12.1343
2025-10-07,F,11.389
2025-10-08,F,11.217
2025-10-09,F,10.9877
2025-10-10,F,10.9017
2025-10-13,F,11.0259
2025-10-14,F,11.131
2025-10-15,F,11.2361
2025-10-16,F,11.217
2025-10-17,F,11.389
2025-10-20,F,11.4559
2025-10-21,F,12.0005
2025-10-22,F,11.8763
2025-10-23,F,11.7903
2025-10-24,F,13.2235
2025-10-27,F,12.6693
2025-10-28,F,12.5451
2025-10-29,F,12.6502
2025-10-30,F,12.4782
2025-10-31,F,12.5451
2025-11-03,F,12.4304
2025-11-04,F,12.2203
2025-11-05,F,12.526
2025-11-06,F,12.5355
2025-11-07,F,12.7675
2025-11-10,F,12.7192
2025-11-11,F,12.8545
2025-11-12,F,12.9995
2025-11-13,F,12.8352
2025-11-14,F,12.7482
2025-11-17,F,12.4486
2025-11-18,F,12.5839
2025-11-19,F,12.4679
2025-11-20,F,11.9943
2025-11-21,F,12.4002
2025-11-24,F,12.5259
2025-11-25,F,12.7288
2025-11-26,F,12.7482
2025-11-28,F,12.8352
2025-12-01,F,12.7192
2025-12-02,F,12.5259
2025-12-03,F,12.6515
2025-12-04,F,12.6999
2025-12-05,F,12.5935
2025-12-08,F,12.6999
2025-12-09,F,12.6419
2025-12-10,F,12.9608
2025-12-11,F,13.1734
2025-12-12,F,13.2991
2025-12-15,F,13.1928
2025-12-16,F,13.2121
2025-12-17,F,12.8642
2025-12-18,F,12.8738
2025-12-19,F,13.0188
2025-12-22,F,13.0091
2025-12-23,F,12.8448
2025-12-24,F,12.9125
2025-12-26,F,12.8642
2025-12-29,F,12.8352
2025-12-30,F,12.7868
2025-12-31,F,12.6805
2026-01-02,F,12.8932
2026-01-05,F,13.0188
2026-01-06,F,13.3377
2026-01-07,F,13.2798
2026-01-08,F,13.9176
2026-01-09,F,13.7243
2026-01-12,F,13.56
2026-01-13,F,13.5117
2026-01-14,F,13.3764
2026-01-15,F,13.3474
2026-01-16,F,13.1444
2026-01-20,F,12.8352
2026-01-21,F,13.3088
2026-01-22,F,13.2508
2026-01-23,F,13.1058
2026-01-26,F,12.9898
2026-01-27,F,13.4634
2026-01-28,F,13.3571
2026-01-29,F,13.531
2026-01-30,F,13.4151
2026-02-02,F,13.3474
2026-02-03,F,13.2701
2026-02-04,F,13.3571
2026-02-05,F,13.2604
2026-02-06,F,13.3377
2026-02-09,F,13.1348
2026-02-10,F,13.1154
2026-02-11,F,13.3861
2026-02-12,F,13.531
2026-02-13,F,13.7948
2026-02-17,F,13.8046
2026-02-18,F,13.531
2026-02-19,F,13.4627
2026-02-20,F,13.6874
2026-02-23,F,13.3259
2026-02-24,F,13.873
2026-02-25,F,14.0977
2026-02-26,F,14.0782
2026-02-27,F,13.7655
2026-03-02,F,13.0816
2026-03-03,F,12.4075
2026-03-04,F,12.515
2026-03-05,F,12.0558
2026-03-06,F,11.8702
2026-03-09,F,11.9093
2026-03-10,F,11.9581
2026-03-11,F,11.8311
2026-03-12,F,11.7627
2026-03-13,F,11.4013
2026-03-16,F,11.4403
2026-03-17,F,11.665
2026-03-18,F,11.5185
2026-03-19,F,11.3719
2026-03-20,F,11.2547
2026-03-23,F,11.4892
2026-03-24,F,11.5673
2026-03-25,F,11.4013
2026-03-26,F,11.3329
2026-03-27,F,11.1082
2026-03-30,F,10.9518
2026-03-31,F,11.2742
2026-04-01,F,11.411
2026-04-02,F,11.3329
2026-04-06,F,11.3426
2026-04-07,F,11.2547
2026-04-08,F,11.8995
2026-04-09,F,11.9581
2026-04-10,F,11.8507
2026-04-13,F,11.88
2026-04-14,F,12.4173
2026-04-15,F,12.4173
2026-04-16,F,12.1535
2026-04-17,F,12.5736
2026-04-20,F,12.5736
2026-04-21,F,12.4857
2026-04-22,F,12.3391
2026-04-23,F,12.1926
2026-04-24,F,12.0949
2026-04-27,F,12.2024
2026-04-28,F,12.1144
2026-04-29,F,11.9581
2026-04-30,F,11.8018
2026-05-01,F,11.6064
2026-05-04,F,11.2352
2026-05-05,F,11.4208
2026-05-06,F,11.8897
2026-05-07,F,11.8995
2026-05-08,F,12.0363
2026-05-11,F,11.7725
2026-05-12,F,11.8615
2026-05-13,F,13.4246
2026-05-14,F,14.3249
2026-05-15,F,13.2564
2026-05-18,F,12.8904
2026-05-19,F,12.9201
2026-05-20,F,13.0784
2026-05-21,F,13.5235
2026-05-22,F,14.77
2026-05-26,F,15.1559
2026-05-27,F,15.7099
2026-05-28,F,16.4716
2026-05-29,F,17.2531
2026-06-01,F,16.4518
2026-06-02,F,15.977
2026-06-03,F,15.5417
2026-06-04,F,15.1756
2026-06-05,F,14.7404
2026-06-08,F,14.8393
2026-06-09,F,14.7898
2026-06-10,F,14.1468
2026-06-11,F,14.5524
2026-06-12,F,14.681
2026-06-15,F,14.6118
2026-06-16,F,14.2556
2026-06-17,F,13.8104
2026-06-18,F,13.9094
2026-06-22,F,13.9588
2026-06-23,F,13.85
2026-06-24,F,13.6917
2026-06-25,F,13.9588
2026-06-26,F,13.9786
2026-06-29,F,13.8698
2026-06-30,F,13.7511
2026-07-01,F,13.4939
2026-07-02,F,13.2169
2026-07-06,F,13.6818
2026-07-07,F,13.4147
2026-07-08,F,13.3554
2026-07-09,F,13.4642
2026-07-10,F,13.85
2026-07-13,F,13.7016
2026-07-14,F,13.7906
2026-07-15,F,14.0281
2026-07-16,F,14.038
2026-07-17,F,14.0775
2026-07-20,F,13.8401
2026-07-21,F,14.1171
2026-07-22,F,14.2655
2026-07-23,F,13.9984
2026-07-24,F,14.216
2026-07-27,F,14.5227
2026-07-28,F,14.7997
2026-07-29,F,15.1163
2026-07-30,F,14.7008
2026-07-31,F,14.5227
2026-08-03,F,14.2754
2026-08-04,F,14.0874
2026-08-05,F,13.9786
2026-08-06,F,13.6423
2026-08-07,F,13.8302
2026-08-10,F,13.85
2026-08-11,F,13.98
2026-08-12,F,13.83
2026-08-13,F,13.89
2026-08-14,F,14.37
2026-08-17,F,14.05
2026-08-18,F,13.93
2026-08-19,F,14.5
2026-08-20,F,13.99
2026-08-21,F,14.41
2026-08-24,F,13.93
2026-08-25,F,13.95
2026-08-26,F,13.9
2026-08-27,F,13.95
2026-08-28,F,13.88
2026-08-31,F,13.94
2026-09-01,F,13.84
2026-09-02,F,14.14
2026-09-03,F,14.41
2026-09-04,F,14.62
2026-09-08,F,14.0
2026-09-09,F,13.45
2026-09-10,F,13.88
2026-09-11,F,13.97
2026-09-14,F,13.86
2026-09-15,F,13.5
2026-09-16,F,13.35
2026-09-17,F,13.61
2026-09-18,F,13.21
2026-09-21,F,13.17
2026-09-22,F,13.1
2026-09-23,F,12.94
2026-09-24,F,12.6
2026-09-25,F,12.71
2026-09-28,F,12.38
2026-09-29,F,12.3
2026-09-30,F,12.06
2026-10-01,F,12.27
2026-10-02,F,12.1
2025-10-03,GILD,109.9722
2025-10-06,GILD,110.8407
2025-10-07,GILD,113.9636
2025-10-08,GILD,115.3981
2025-10-09,GILD,113.9245
2025-10-10,GILD,114.3539
2025-10-13,GILD,115.3591
2025-10-14,GILD,115.6226
2025-10-15,GILD,115.4469
2025-10-16,GILD,115.0077
2025-10-17,GILD,119.8481
2025-10-20,GILD,120.1409
2025-10-21,GILD,121.0875
2025-10-22,GILD,118.5307
2025-10-23,GILD,117.828
2025-10-24,GILD,118.0232
2025-10-27,GILD,117.5646
2025-10-28,GILD,115.037
2025-10-29,GILD,115.6421
2025-10-30,GILD,115.5835
2025-10-31,GILD,116.901
2025-11-03,GILD,119.1065
2025-11-04,GILD,120.0335
2025-11-05,GILD,119.6237
2025-11-06,GILD,120.4239
2025-11-07,GILD,115.9739
2025-11-10,GILD,115.3005
2025-11-11,GILD,119.6041
2025-11-12,GILD,120.4239
2025-11-13,GILD,122.1805
2025-11-14,GILD,122.0048
2025-11-17,GILD,121.0972
2025-11-18,GILD,124.1127
2025-11-19,GILD,124.9813
2025-11-20,GILD,121.9755
2025-11-21,GILD,123.5858
2025-11-24,GILD,122.2488
2025-11-25,GILD,124.0542
2025-11-26,GILD,124.4348
2025-11-28,GILD,122.805
2025-12-01,GILD,121.3315
2025-12-02,GILD,120.9216
2025-12-03,GILD,121.9853
2025-12-04,GILD,119.6627
2025-12-05,GILD,118.2965
2025-12-08,GILD,118.2672
2025-12-09,GILD,116.4813
2025-12-10,GILD,118.4136
2025-12-11,GILD,120.2385
2025-12-12,GILD,117.4962
2025-12-15,GILD,117.6632
2025-12-16,GILD,116.6809
2025-12-17,GILD,119.2153
2025-12-18,GILD,119.3234
2025-12-19,GILD,122.0935
2025-12-22,GILD,121.9658
2025-12-23,GILD,122.9776
2025-12-24,GILD,123.4491
2025-12-26,GILD,122.4963
2025-12-29,GILD,122.7026
2025-12-30,GILD,121.0032
2025-12-31,GILD,120.5709
2026-01-02,GILD,119.4511
2026-01-05,GILD,116.2094
2026-01-06,GILD,119.2153
2026-01-07,GILD,122.1525
2026-01-08,GILD,118.5375
2026-01-09,GILD,118.9599
2026-01-12,GILD,120.4334
2026-01-13,GILD,119.6083
2026-01-14,GILD,121.8774
2026-01-15,GILD,119.1171
2026-01-16,GILD,122.7026
2026-01-20,GILD,121.9462
2026-01-21,GILD,126.8284
2026-01-22,GILD,128.8225
2026-01-23,GILD,133.5278
2026-01-26,GILD,135.3451
2026-01-27,GILD,138.4788
2026-01-28,GILD,137.2509
2026-01-29,GILD,137.0839
2026-01-30,GILD,139.4415
2026-02-02,GILD,140.3648
2026-02-03,GILD,140.748
2026-02-04,GILD,143.6458
2026-02-05,GILD,146.7303
2026-02-06,GILD,149.805
2026-02-09,GILD,148.9995
2026-02-10,GILD,144.6281
2026-02-11,GILD,153.0467
2026-02-12,GILD,149.1272
2026-02-13,GILD,152.2412
2026-02-17,GILD,152.5261
2026-02-18,GILD,150.0408
2026-02-19,GILD,148.4494
2026-02-20,GILD,148.7244
2026-02-23,GILD,147.1822
2026-02-24,GILD,145.0309
2026-02-25,GILD,144.5201
2026-02-26,GILD,141.2293
2026-02-27,GILD,146.3177
2026-03-02,GILD,147.3787
2026-03-03,GILD,145.2175
2026-03-04,GILD,145.6006
2026-03-05,GILD,142.5751
2026-03-06,GILD,141.3865
2026-03-09,GILD,144.0388
2026-03-10,GILD,145.9346
2026-03-11,GILD,143.4199
2026-03-12,GILD,142.6438
2026-03-13,GILD,143.2366
2026-03-16,GILD,143.4539
2026-03-17,GILD,142.6537
2026-03-18,GILD,139.5813
2026-03-19,GILD,139.4035
2026-03-20,GILD,135.5507
2026-03-23,GILD,135.6791
2026-03-24,GILD,136.4398
2026-03-25,GILD,136.588
2026-03-26,GILD,135.2247
2026-03-27,GILD,132.6265
2026-03-30,GILD,134.6912
2026-03-31,GILD,137.6846
2026-04-01,GILD,138.6033
2026-04-02,GILD,138.0204
2026-04-06,GILD,138.4354
2026-04-07,GILD,137.1214
2026-04-08,GILD,139.8283
2026-04-09,GILD,140.3716
2026-04-10,GILD,137.3091
2026-04-13,GILD,137.3486
2026-04-14,GILD,138.7515
2026-04-15,GILD,138.0797
2026-04-16,GILD,136.8745
2026-04-17,GILD,135.9755
2026-04-20,GILD,134.2269
2026-04-21,GILD,131.6781
2026-04-22,GILD,131.2928
2026-04-23,GILD,132.0238
2026-04-24,GILD,128.823
2026-04-27,GILD,126.2051
2026-04-28,GILD,127.6968
2026-04-29,GILD,127.2819
2026-04-30,GILD,129.2577
2026-05-01,GILD,130.0579
2026-05-04,GILD,131.0853
2026-05-05,GILD,131.8658
2026-05-06,GILD,134.6517
2026-05-07,GILD,132.4388
2026-05-08,GILD,129.7418
2026-05-11,GILD,131.9053
2026-05-12,GILD,133.3081
2026-05-13,GILD,131.441
2026-05-14,GILD,130.463
2026-05-15,GILD,128.0129
2026-05-18,GILD,128.1019
2026-05-19,GILD,128.9218
2026-05-20,GILD,129.1095
2026-05-21,GILD,128.9218
2026-05-22,GILD,132.7352
2026-05-26,GILD,132.1128
2026-05-27,GILD,132.0733
2026-05-28,GILD,134.5726
2026-05-29,GILD,132.8043
2026-06-01,GILD,129.5146
2026-06-02,GILD,126.0273
2026-06-03,GILD,127.4301
2026-06-04,GILD,127.6178
2026-06-05,GILD,127.598
2026-06-08,GILD,126.5508
2026-06-09,GILD,123.9823
2026-06-10,GILD,120.0109
2026-06-11,GILD,124.3478
2026-06-12,GILD,124.0712
2026-06-15,GILD,123.6038
2026-06-16,GILD,126.5174
2026-06-17,GILD,124.7474
2026-06-18,GILD,123.0669
2026-06-22,GILD,124.1706
2026-06-23,GILD,124.3496
2026-06-24,GILD,124.459
2026-06-25,GILD,123.1464
2026-06-26,GILD,127.1638
2026-06-29,GILD,125.6225
2026-06-30,GILD,125.6324
2026-07-01,GILD,125.2645
2026-07-02,GILD,130.5348
2026-07-06,GILD,128.8841
2026-07-07,GILD,135.5963
2026-07-08,GILD,135.0593
2026-07-09,GILD,134.0848
2026-07-10,GILD,129.1029
2026-07-13,GILD,130.6641
2026-07-14,GILD,129.3117
2026-07-15,GILD,130.9624
2026-07-16,GILD,135.5366
2026-07-17,GILD,133.5279
2026-07-20,GILD,132.4639
2026-07-21,GILD,129.5503
2026-07-22,GILD,129.61
2026-07-23,GILD,130.1271
2026-07-24,GILD,128.5858
2026-07-27,GILD,129.789
2026-07-28,GILD,133.5677
2026-07-29,GILD,131.9866
2026-07-30,GILD,130.5447
2026-07-31,GILD,129.4807
2026-08-03,GILD,130.4155
2026-08-04,GILD,134.4925
2026-08-05,GILD,131.022
2026-08-06,GILD,130.1271
2026-08-07,GILD,132.4639
2026-08-10,GILD,132.3148
2026-08-11,GILD,135.0096
2026-08-12,GILD,135.109
2026-08-13,GILD,137.3663
2026-08-14,GILD,137.5851
2026-08-17,GILD,138.142
2026-08-18,GILD,142.6366
2026-08-19,GILD,146.7733
2026-08-20,GILD,142.6366
2026-08-21,GILD,145.3016
2026-08-24,GILD,145.9182
2026-08-25,GILD,147.9368
2026-08-26,GILD,147.2606
2026-08-27,GILD,148.0263
2026-08-28,GILD,144.8641
2026-08-31,GILD,145.5204
2026-09-01,GILD,149.0803
2026-09-02,GILD,148.7721
2026-09-03,GILD,150.3731
2026-09-04,GILD,150.1543
2026-09-08,GILD,145.8187
2026-09-09,GILD,144.8343
2026-09-10,GILD,143.999
2026-09-11,GILD,142.9151
2026-09-14,GILD,145.59
2026-09-15,GILD,146.3
2026-09-16,GILD,147.68
2026-09-17,GILD,150.89
2026-09-18,GILD,150.11
2026-09-21,GILD,150.56
2026-09-22,GILD,152.67
2026-09-23,GILD,151.37
2026-09-24,GILD,149.69
2026-09-25,GILD,150.93
2026-09-28,GILD,152.21
2026-09-29,GILD,151.28
2026-09-30,GILD,149.05
2026-10-01,GILD,147.5
2026-10-02,GILD,144.74
2025-10-03,GM,59.6157
2025-10-06,GM,57.6923
2025-10-07,GM,56.7702
2025-10-08,GM,55.9176
2025-10-09,GM,55.4417
2025-10-10,GM,54.8766
2025-10-13,GM,55.1442
2025-10-14,GM,56.6612
2025-10-15,GM,57.3056
2025-10-16,GM,56.8495
2025-10-17,GM,57.8806
2025-10-20,GM,57.5039
2025-10-21,GM,66.0502
2025-10-22,GM,66.7343
2025-10-23,GM,66.2782
2025-10-24,GM,69.0642
2025-10-27,GM,68.7865
2025-10-28,GM,69.2724
2025-10-29,GM,68.5387
2025-10-30,GM,68.0826
2025-10-31,GM,68.499
2025-11-03,GM,67.6365
2025-11-04,GM,66.298
2025-11-05,GM,68.1818
2025-11-06,GM,68.2512
2025-11-07,GM,70.1448
2025-11-10,GM,70.4423
2025-11-11,GM,70.6108
2025-11-12,GM,71.2255
2025-11-13,GM,71.2751
2025-11-14,GM,69.9168
2025-11-17,GM,67.3291
2025-11-18,GM,67.349
2025-11-19,GM,67.9141
2025-11-20,GM,67.458
2025-11-21,GM,69.7284
2025-11-24,GM,70.3927
2025-11-25,GM,72.1575
2025-11-26,GM,72.1872
2025-11-28,GM,72.8911
2025-12-01,GM,72.326
2025-12-02,GM,73.0299
2025-12-03,GM,74.0511
2025-12-04,GM,74.646
2025-12-05,GM,75.55
2025-12-08,GM,75.2122
2025-12-09,GM,76.6527
2025-12-10,GM,80.2688
2025-12-11,GM,80.3185
2025-12-12,GM,80.3582
2025-12-15,GM,81.441
2025-12-16,GM,81.2225
2025-12-17,GM,79.9807
2025-12-18,GM,80.6363
2025-12-19,GM,81.8086
2025-12-22,GM,82.4841
2025-12-23,GM,82.206
2025-12-24,GM,82.3351
2025-12-26,GM,82.5139
2025-12-29,GM,82.3848
2025-12-30,GM,81.7887
2025-12-31,GM,80.7854
2026-01-02,GM,80.4476
2026-01-05,GM,82.6033
2026-01-06,GM,81.6397
2026-01-07,GM,81.3715
2026-01-08,GM,84.5703
2026-01-09,GM,82.3252
2026-01-12,GM,82.355
2026-01-13,GM,82.6927
2026-01-14,GM,80.696
2026-01-15,GM,80.3781
2026-01-16,GM,80.2887
2026-01-20,GM,77.2984
2026-01-21,GM,80.3979
2026-01-22,GM,80.6066
2026-01-23,GM,79.1562
2026-01-26,GM,78.9078
2026-01-27,GM,85.8121
2026-01-28,GM,84.3418
2026-01-29,GM,85.6929
2026-01-30,GM,83.4477
2026-02-02,GM,83.716
2026-02-03,GM,85.1465
2026-02-04,GM,85.7227
2026-02-05,GM,82.7523
2026-02-06,GM,83.6862
2026-02-09,GM,80.1496
2026-02-10,GM,79.7423
2026-02-11,GM,79.2952
2026-02-12,GM,79.4045
2026-02-13,GM,80.5469
2026-02-17,GM,80.686
2026-02-18,GM,83.1199
2026-02-19,GM,80.9344
2026-02-20,GM,80.9741
2026-02-23,GM,79.1363
2026-02-24,GM,80.7556
2026-02-25,GM,81.8881
2026-02-26,GM,80.2589
2026-02-27,GM,78.1925
2026-03-02,GM,77.2488
2026-03-03,GM,76.762
2026-03-04,GM,78.0833
2026-03-05,GM,75.699
2026-03-06,GM,74.8924
2026-03-09,GM,74.3746
2026-03-10,GM,74.6136
2026-03-11,GM,74.4742
2026-03-12,GM,73.1399
2026-03-13,GM,72.0844
2026-03-16,GM,72.642
2026-03-17,GM,73.7274
2026-03-18,GM,73.2195
2026-03-19,GM,73.4784
2026-03-20,GM,72.5026
2026-03-23,GM,75.4003
2026-03-24,GM,76.2467
2026-03-25,GM,76.2865
2026-03-26,GM,75.2808
2026-03-27,GM,72.6719
2026-03-30,GM,72.4528
2026-03-31,GM,74.1854
2026-04-01,GM,74.7232
2026-04-02,GM,72.2337
2026-04-06,GM,73.12
2026-04-07,GM,72.4528
2026-04-08,GM,76.416
2026-04-09,GM,76.406
2026-04-10,GM,76.0973
2026-04-13,GM,76.5056
2026-04-14,GM,79.1245
2026-04-15,GM,77.4516
2026-04-16,GM,77.7205
2026-04-17,GM,80.9767
2026-04-20,GM,80.1999
2026-04-21,GM,78.7162
2026-04-22,GM,78.6665
2026-04-23,GM,78.1885
2026-04-24,GM,77.7205
2026-04-27,GM,77.6308
2026-04-28,GM,78.6167
2026-04-29,GM,76.2965
2026-04-30,GM,76.5654
2026-05-01,GM,75.4501
2026-05-04,GM,75.3804
2026-05-05,GM,75.8285
2026-05-06,GM,78.3677
2026-05-07,GM,78.0789
2026-05-08,GM,78.4673
2026-05-11,GM,74.9721
2026-05-12,GM,76.1173
2026-05-13,GM,75.4899
2026-05-14,GM,77.4217
2026-05-15,GM,74.5439
2026-05-18,GM,72.7914
2026-05-19,GM,72.3233
2026-05-20,GM,75.8185
2026-05-21,GM,76.884
2026-05-22,GM,78.4573
2026-05-26,GM,79.4531
2026-05-27,GM,83.7648
2026-05-28,GM,83.9939
2026-05-29,GM,82.8885
2026-06-01,GM,82.3309
2026-06-02,GM,81.3849
2026-06-03,GM,81.355
2026-06-04,GM,82.8686
2026-06-05,GM,81.9405
2026-06-08,GM,83.5971
2026-06-09,GM,83.5871
2026-06-10,GM,79.2361
2026-06-11,GM,80.6831
2026-06-12,GM,81.3318
2026-06-15,GM,83.8965
2026-06-16,GM,82.3397
2026-06-17,GM,79.4158
2026-06-18,GM,79.1264
2026-06-22,GM,80.264
2026-06-23,GM,78.7871
2026-06-24,GM,78.7871
2026-06-25,GM,78.3679
2026-06-26,GM,77.9388
2026-06-29,GM,77.1804
2026-06-30,GM,76.9209
2026-07-01,GM,75.3641
2026-07-02,GM,75.8432
2026-07-06,GM,77.6893
2026-07-07,GM,75.8731
2026-07-08,GM,76.0827
2026-07-09,GM,76.4918
2026-07-10,GM,77.6893
2026-07-13,GM,76.5617
2026-07-14,GM,76.7114
2026-07-15,GM,77.4798
2026-07-16,GM,77.5596
2026-07-17,GM,75.913
2026-07-20,GM,75.6436
2026-07-21,GM,79.3559
2026-07-22,GM,81.9605
2026-07-23,GM,80.5035
2026-07-24,GM,82.4695
2026-07-27,GM,86.8604
2026-07-28,GM,90.1136
2026-07-29,GM,89.2155
2026-07-30,GM,88.2176
2026-07-31,GM,88.6766
2026-08-03,GM,87.4991
2026-08-04,GM,88.1277
2026-08-05,GM,88.976
2026-08-06,GM,86.7606
2026-08-07,GM,87.3993
2026-08-10,GM,87.7785
2026-08-11,GM,89.1656
2026-08-12,GM,86.5809
2026-08-13,GM,86.2117
2026-08-14,GM,86.5909
2026-08-17,GM,84.1959
2026-08-18,GM,83.5372
2026-08-19,GM,84.7847
2026-08-20,GM,85.9722
2026-08-21,GM,87.7485
2026-08-24,GM,86.8005
2026-08-25,GM,85.6329
2026-08-26,GM,86.1518
2026-08-27,GM,86.0021
2026-08-28,GM,86.092
2026-08-31,GM,86.1419
2026-09-01,GM,85.4533
2026-09-02,GM,84.6949
2026-09-03,GM,87.04
2026-09-04,GM,87.76
2026-09-08,GM,85.79
2026-09-09,GM,83.76
2026-09-10,GM,86.12
2026-09-11,GM,85.62
2026-09-14,GM,87.16
2026-09-15,GM,85.37
2026-09-16,GM,84.29
2026-09-17,GM,86.62
2026-09-18,GM,82.2
2026-09-21,GM,83.95
2026-09-22,GM,83.45
2026-09-23,GM,83.77
2026-09-24,GM,80.57
2026-09-25,GM,82.63
2026-09-28,GM,80.64
2026-09-29,GM,80.47
2026-09-30,GM,77.0
2026-10-01,GM,79.31
2026-10-02,GM,78.27
2025-10-03,GOOGL,244.7136
2025-10-06,GOOGL,249.7804
2025-10-07,GOOGL,245.1225
2025-10-08,GOOGL,243.9855
2025-10-09,GOOGL,240.9035
2025-10-10,GOOGL,235.9564
2025-10-13,GOOGL,243.5167
2025-10-14,GOOGL,244.8133
2025-10-15,GOOGL,250.3788
2025-10-16,GOOGL,250.8077
2025-10-17,GOOGL,252.6429
2025-10-20,GOOGL,255.8845
2025-10-21,GOOGL,249.8103
2025-10-22,GOOGL,251.0371
2025-10-23,GOOGL,252.4235
2025-10-24,GOOGL,259.2458
2025-10-27,GOOGL,268.5715
2025-10-28,GOOGL,266.7762
2025-10-29,GOOGL,273.8578
2025-10-30,GOOGL,280.7499
2025-10-31,GOOGL,280.4606
2025-11-03,GOOGL,282.984
2025-11-04,GOOGL,276.8201
2025-11-05,GOOGL,283.5725
2025-11-06,GOOGL,284.0114
2025-11-07,GOOGL,278.1068
2025-11-10,GOOGL,289.3475
2025-11-11,GOOGL,290.5544
2025-11-12,GOOGL,285.9663
2025-11-13,GOOGL,277.8474
2025-11-14,GOOGL,275.693
2025-11-17,GOOGL,284.2807
2025-11-18,GOOGL,283.5426
2025-11-19,GOOGL,292.0505
2025-11-20,GOOGL,288.6992
2025-11-21,GOOGL,298.8827
2025-11-24,GOOGL,317.7536
2025-11-25,GOOGL,322.601
2025-11-26,GOOGL,319.1201
2025-11-28,GOOGL,319.3495
2025-12-01,GOOGL,314.0732
2025-12-02,GOOGL,314.9908
2025-12-03,GOOGL,318.8009
2025-12-04,GOOGL,316.7961
2025-12-05,GOOGL,320.4366
2025-12-08,GOOGL,313.1109
2025-12-09,GOOGL,316.4644
2025-12-10,GOOGL,319.5883
2025-12-11,GOOGL,311.8234
2025-12-12,GOOGL,308.6895
2025-12-15,GOOGL,307.6216
2025-12-16,GOOGL,305.9748
2025-12-17,GOOGL,296.1439
2025-12-18,GOOGL,301.8728
2025-12-19,GOOGL,306.5637
2025-12-22,GOOGL,309.1786
2025-12-23,GOOGL,313.7397
2025-12-24,GOOGL,313.4802
2025-12-26,GOOGL,312.9013
2025-12-29,GOOGL,312.9512
2025-12-30,GOOGL,313.2407
2025-12-31,GOOGL,312.3923
2026-01-02,GOOGL,314.5381
2026-01-05,GOOGL,315.9255
2026-01-06,GOOGL,313.7297
2026-01-07,GOOGL,321.3549
2026-01-08,GOOGL,324.8082
2026-01-09,GOOGL,327.9321
2026-01-12,GOOGL,331.2157
2026-01-13,GOOGL,335.3177
2026-01-14,GOOGL,335.188
2026-01-15,GOOGL,332.1339
2026-01-16,GOOGL,329.3593
2026-01-20,GOOGL,321.3748
2026-01-21,GOOGL,327.7425
2026-01-22,GOOGL,329.8983
2026-01-23,GOOGL,327.2933
2026-01-26,GOOGL,332.613
2026-01-27,GOOGL,333.9005
2026-01-28,GOOGL,335.3576
2026-01-29,GOOGL,337.5933
2026-01-30,GOOGL,337.3438
2026-02-02,GOOGL,343.0227
2026-02-03,GOOGL,339.0504
2026-02-04,GOOGL,332.3934
2026-02-05,GOOGL,330.6068
2026-02-06,GOOGL,322.2332
2026-02-09,GOOGL,323.6903
2026-02-10,GOOGL,317.9615
2026-02-11,GOOGL,310.3563
2026-02-12,GOOGL,308.4001
2026-02-13,GOOGL,305.1264
2026-02-17,GOOGL,301.4336
2026-02-18,GOOGL,302.7411
2026-02-19,GOOGL,302.262
2026-02-20,GOOGL,314.3685
2026-02-23,GOOGL,310.8852
2026-02-24,GOOGL,310.2964
2026-02-25,GOOGL,312.2925
2026-02-26,GOOGL,306.7833
2026-02-27,GOOGL,311.1547
2026-03-02,GOOGL,305.9249
2026-03-03,GOOGL,302.9906
2026-03-04,GOOGL,302.5415
2026-03-05,GOOGL,300.2958
2026-03-06,GOOGL,297.9404
2026-03-09,GOOGL,305.9804
2026-03-10,GOOGL,306.6596
2026-03-11,GOOGL,308.3176
2026-03-12,GOOGL,303.1739
2026-03-13,GOOGL,301.9055
2026-03-16,GOOGL,305.1814
2026-03-17,GOOGL,310.5348
2026-03-18,GOOGL,307.3088
2026-03-19,GOOGL,306.7495
2026-03-20,GOOGL,300.6271
2026-03-23,GOOGL,301.6858
2026-03-24,GOOGL,290.0802
2026-03-25,GOOGL,290.5695
2026-03-26,GOOGL,280.572
2026-03-27,GOOGL,274.0001
2026-03-30,GOOGL,273.1612
2026-03-31,GOOGL,287.2037
2026-04-01,GOOGL,297.0216
2026-04-02,GOOGL,295.4035
2026-04-06,GOOGL,299.6183
2026-04-07,GOOGL,305.0815
2026-04-08,GOOGL,316.9269
2026-04-09,GOOGL,318.0954
2026-04-10,GOOGL,316.847
2026-04-13,GOOGL,320.9119
2026-04-14,GOOGL,332.4976
2026-04-15,GOOGL,336.7023
2026-04-16,GOOGL,335.6037
2026-04-17,GOOGL,341.2567
2026-04-20,GOOGL,337.002
2026-04-21,GOOGL,331.8783
2026-04-22,GOOGL,338.8996
2026-04-23,GOOGL,338.4702
2026-04-24,GOOGL,343.9733
2026-04-27,GOOGL,349.906
2026-04-28,GOOGL,349.3467
2026-04-29,GOOGL,349.5064
2026-04-30,GOOGL,384.3232
2026-05-01,GOOGL,385.2122
2026-05-04,GOOGL,382.7752
2026-05-05,GOOGL,387.9488
2026-05-06,GOOGL,397.5469
2026-05-07,GOOGL,397.4969
2026-05-08,GOOGL,400.3034
2026-05-11,GOOGL,388.1585
2026-05-12,GOOGL,386.8701
2026-05-13,GOOGL,402.1212
2026-05-14,GOOGL,400.5731
2026-05-15,GOOGL,396.2884
2026-05-18,GOOGL,396.4482
2026-05-19,GOOGL,387.1797
2026-05-20,GOOGL,388.4282
2026-05-21,GOOGL,387.1797
2026-05-22,GOOGL,382.4955
2026-05-26,GOOGL,388.3982
2026-05-27,GOOGL,388.3483
2026-05-28,GOOGL,389.6467
2026-05-29,GOOGL,379.8688
2026-06-01,GOOGL,375.9037
2026-06-02,GOOGL,361.4017
2026-06-03,GOOGL,358.5452
2026-06-04,GOOGL,371.7289
2026-06-05,GOOGL,368.0734
2026-06-08,GOOGL,363.0766
2026-06-09,GOOGL,364.026
2026-06-10,GOOGL,356.1511
2026-06-11,GOOGL,357.5402
2026-06-12,GOOGL,359.4489
2026-06-15,GOOGL,369.1128
2026-06-16,GOOGL,373.0103
2026-06-17,GOOGL,363.5563
2026-06-18,GOOGL,367.7936
2026-06-22,GOOGL,349.4554
2026-06-23,GOOGL,345.9077
2026-06-24,GOOGL,345.0682
2026-06-25,GOOGL,343.4892
2026-06-26,GOOGL,337.1733
2026-06-29,GOOGL,353.4228
2026-06-30,GOOGL,357.1404
2026-07-01,GOOGL,360.978
2026-07-02,GOOGL,359.6788
2026-07-06,GOOGL,366.2246
2026-07-07,GOOGL,366.7942
2026-07-08,GOOGL,361.6875
2026-07-09,GOOGL,358.6595
2026-07-10,GOOGL,356.9506
2026-07-13,GOOGL,352.2836
2026-07-14,GOOGL,359.2791
2026-07-15,GOOGL,370.6818
2026-07-16,GOOGL,354.2323
2026-07-17,GOOGL,346.5472
2026-07-20,GOOGL,351.7639
2026-07-21,GOOGL,346.927
2026-07-22,GOOGL,341.8702
2026-07-23,GOOGL,317.4859
2026-07-24,GOOGL,319.5346
2026-07-27,GOOGL,326.3502
2026-07-28,GOOGL,333.4956
2026-07-29,GOOGL,336.4937
2026-07-30,GOOGL,333.4457
2026-07-31,GOOGL,355.9012
2026-08-03,GOOGL,373.2701
2026-08-04,GOOGL,377.4074
2026-08-05,GOOGL,362.1972
2026-08-06,GOOGL,357.5202
2026-08-07,GOOGL,354.0724
2026-08-10,GOOGL,357.2903
2026-08-11,GOOGL,343.5791
2026-08-12,GOOGL,343.3193
2026-08-13,GOOGL,346.1375
2026-08-14,GOOGL,345.6778
2026-08-17,GOOGL,343.779
2026-08-18,GOOGL,343.9789
2026-08-19,GOOGL,344.4986
2026-08-20,GOOGL,340.4512
2026-08-21,GOOGL,344.5985
2026-08-24,GOOGL,347.8364
2026-08-25,GOOGL,346.7371
2026-08-26,GOOGL,341.7803
2026-08-27,GOOGL,340.4312
2026-08-28,GOOGL,346.3674
2026-08-31,GOOGL,339.132
2026-09-01,GOOGL,334.8048
2026-09-02,GOOGL,336.9034
2026-09-03,GOOGL,342.26
2026-09-04,GOOGL,338.46
2026-09-08,GOOGL,338.36
2026-09-09,GOOGL,330.65
2026-09-10,GOOGL,332.6
2026-09-11,GOOGL,338.5
2026-09-14,GOOGL,349.39
2026-09-15,GOOGL,344.98
2026-09-16,GOOGL,342.87
2026-09-17,GOOGL,347.33
2026-09-18,GOOGL,349.54
2026-09-21,GOOGL,354.97
2026-09-22,GOOGL,351.16
2026-09-23,GOOGL,337.83
2026-09-24,GOOGL,342.36
2026-09-25,GOOGL,343.92
2026-09-28,GOOGL,342.75
2026-09-29,GOOGL,340.92
2026-09-30,GOOGL,344.08
2026-10-01,GOOGL,338.24
2026-10-02,GOOGL,343.5
2025-10-03,GS,774.7421
2025-10-06,GS,781.411
2025-10-07,GS,774.4185
2025-10-08,GS,761.532
2025-10-09,GS,764.9154
2025-10-10,GS,749.6163
2025-10-13,GS,771.6038
2025-10-14,GS,755.8929
2025-10-15,GS,753.1174
2025-10-16,GS,743.4673
2025-10-17,GS,736.2885
2025-10-20,GS,748.5964
2025-10-21,GS,744.34
2025-10-22,GS,730.2374
2025-10-23,GS,736.2983
2025-10-24,GS,768.7598
2025-10-27,GS,774.7519
2025-10-28,GS,776.8114
2025-10-29,GS,767.9556
2025-10-30,GS,774.9186
2025-10-31,GS,774.1439
2025-11-03,GS,770.3682
2025-11-04,GS,775.5757
2025-11-05,GS,777.7922
2025-11-06,GS,772.3885
2025-11-07,GS,771.1724
2025-11-10,GS,781.8229
2025-11-11,GS,794.68
2025-11-12,GS,822.7871
2025-11-13,GS,789.9628
2025-11-14,GS,775.6542
2025-11-17,GS,760.6003
2025-11-18,GS,761.326
2025-11-19,GS,770.829
2025-11-20,GS,758.7762
2025-11-21,GS,759.0997
2025-11-24,GS,775.4581
2025-11-25,GS,786.8441
2025-11-26,GS,800.27
2025-11-28,GS,810.1065
2025-12-01,GS,795.2194
2025-12-02,GS,803.4489
2025-12-03,GS,824.5008
2025-12-04,GS,825.7426
2025-12-05,GS,842.2313
2025-12-08,GS,854.1862
2025-12-09,GS,863.9336
2025-12-10,GS,876.4109
2025-12-11,GS,897.8866
2025-12-12,GS,875.1494
2025-12-15,GS,876.7559
2025-12-16,GS,866.4665
2025-12-17,GS,859.7449
2025-12-18,GS,863.6575
2025-12-19,GS,880.5897
2025-12-22,GS,886.03
2025-12-23,GS,888.701
2025-12-24,GS,897.6402
2025-12-26,GS,893.954
2025-12-29,GS,879.3085
2025-12-30,GS,871.6605
2025-12-31,GS,866.3186
2026-01-02,GS,901.1488
2026-01-05,GS,934.7569
2026-01-06,GS,941.6853
2026-01-07,GS,927.4439
2026-01-08,GS,921.3431
2026-01-09,GS,925.4333
2026-01-12,GS,935.8508
2026-01-13,GS,924.6153
2026-01-14,GS,919.2144
2026-01-15,GS,961.7812
2026-01-16,GS,948.1212
2026-01-20,GS,929.7599
2026-01-21,GS,939.2609
2026-01-22,GS,940.8773
2026-01-23,GS,905.6233
2026-01-26,GS,918.4161
2026-01-27,GS,916.3068
2026-01-28,GS,923.2946
2026-01-29,GS,926.5569
2026-01-30,GS,921.9148
2026-02-02,GS,932.6773
2026-02-03,GS,925.4431
2026-02-04,GS,900.1238
2026-02-05,GS,877.564
2026-02-06,GS,915.3509
2026-02-09,GS,930.0063
2026-02-10,GS,935.2989
2026-02-11,GS,930.9624
2026-02-12,GS,891.5
2026-02-13,GS,892.0815
2026-02-17,GS,902.8242
2026-02-18,GS,920.259
2026-02-19,GS,903.4255
2026-02-20,GS,908.9348
2026-02-23,GS,879.4366
2026-02-24,GS,889.2529
2026-02-25,GS,908.0872
2026-02-26,GS,915.5973
2026-02-27,GS,847.1689
2026-03-02,GS,853.7377
2026-03-03,GS,854.6096
2026-03-04,GS,859.2365
2026-03-05,GS,827.7402
2026-03-06,GS,813.8298
2026-03-09,GS,824.3419
2026-03-10,GS,826.1054
2026-03-11,GS,816.1483
2026-03-12,GS,780.2432
2026-03-13,GS,774.9822
2026-03-16,GS,787.4261
2026-03-17,GS,799.5828
2026-03-18,GS,798.0372
2026-03-19,GS,802.02
2026-03-20,GS,806.0128
2026-03-23,GS,823.5889
2026-03-24,GS,827.9977
2026-03-25,GS,834.0613
2026-03-26,GS,815.0386
2026-03-27,GS,795.4711
2026-03-30,GS,800.1376
2026-03-31,GS,838.1729
2026-04-01,GS,852.2615
2026-04-02,GS,855.0653
2026-04-06,GS,858.0475
2026-04-07,GS,856.165
2026-04-08,GS,897.3806
2026-04-09,GS,895.3694
2026-04-10,GS,899.4117
2026-04-13,GS,882.5589
2026-04-14,GS,901.2249
2026-04-15,GS,891.1785
2026-04-16,GS,891.6838
2026-04-17,GS,917.394
2026-04-20,GS,933.0381
2026-04-21,GS,917.9885
2026-04-22,GS,926.2019
2026-04-23,GS,922.6946
2026-04-24,GS,918.3452
2026-04-27,GS,929.1444
2026-04-28,GS,917.9885
2026-04-29,GS,897.232
2026-04-30,GS,915.2342
2026-05-01,GS,915.1747
2026-05-04,GS,894.9236
2026-05-05,GS,910.3992
2026-05-06,GS,928.6887
2026-05-07,GS,917.3148
2026-05-08,GS,927.8267
2026-05-11,GS,936.1292
2026-05-12,GS,937.1597
2026-05-13,GS,946.5917
2026-05-14,GS,960.0066
2026-05-15,GS,939.7059
2026-05-18,GS,937.6154
2026-05-19,GS,920.1583
2026-05-20,GS,973.045
2026-05-21,GS,979.0391
2026-05-22,GS,987.52
2026-05-26,GS,985.3304
2026-05-27,GS,987.2623
2026-05-28,GS,999.0524
2026-05-29,GS,1016.0836
2026-06-01,GS,1043.4695
2026-06-02,GS,1059.3915
2026-06-03,GS,1035.9463
2026-06-04,GS,1087.2849
2026-06-05,GS,1033.6178
2026-06-08,GS,1039.907
2026-06-09,GS,1026.9802
2026-06-10,GS,996.4099
2026-06-11,GS,1030.5925
2026-06-12,GS,1057.5704
2026-06-15,GS,1070.925
2026-06-16,GS,1085.3544
2026-06-17,GS,1093.7831
2026-06-18,GS,1091.2157
2026-06-22,GS,1100.9778
2026-06-23,GS,1089.106
2026-06-24,GS,1071.6615
2026-06-25,GS,1059.8989
2026-06-26,GS,1014.6407
2026-06-29,GS,1015.2378
2026-06-30,GS,1006.4409
2026-07-01,GS,1014.6407
2026-07-02,GS,1016.0239
2026-07-06,GS,1050.1469
2026-07-07,GS,1037.8967
2026-07-08,GS,1024.6218
2026-07-09,GS,1050.8235
2026-07-10,GS,1050.0374
2026-07-13,GS,1040.8125
2026-07-14,GS,1134.444
2026-07-15,GS,1146.4551
2026-07-16,GS,1090.121
2026-07-17,GS,1060.0283
2026-07-20,GS,1049.8881
2026-07-21,GS,1080.2693
2026-07-22,GS,1092.8477
2026-07-23,GS,1069.4821
2026-07-24,GS,1056.0579
2026-07-27,GS,1043.1212
2026-07-28,GS,1028.3037
2026-07-29,GS,975.9701
2026-07-30,GS,1019.8651
2026-07-31,GS,1013.4167
2026-08-03,GS,1022.0544
2026-08-04,GS,1047.848
2026-08-05,GS,1055.2119
2026-08-06,GS,1027.5474
2026-08-07,GS,1034.5432
2026-08-10,GS,1029.468
2026-08-11,GS,1029.3685
2026-08-12,GS,1032.1549
2026-08-13,GS,1037.5485
2026-08-14,GS,1034.3541
2026-08-17,GS,1046.1863
2026-08-18,GS,1035.3989
2026-08-19,GS,1016.6708
2026-08-20,GS,997.0668
2026-08-21,GS,1034.2148
2026-08-24,GS,1031.2295
2026-08-25,GS,1053.7192
2026-08-26,GS,1035.389
2026-08-27,GS,1035.797
2026-08-28,GS,1028.9506
2026-08-31,GS,1020.9
2026-09-01,GS,1002.56
2026-09-02,GS,1004.42
2026-09-03,GS,1037.9301
2026-09-04,GS,1038.61
2026-09-08,GS,1036.53
2026-09-09,GS,1028.78
2026-09-10,GS,1019.77
2026-09-11,GS,1029.1801
2026-09-14,GS,988.45
2026-09-15,GS,976.67
2026-09-16,GS,937.98
2026-09-17,GS,951.47
2026-09-18,GS,942.0
2026-09-21,GS,959.39
2026-09-22,GS,949.49
2026-09-23,GS,936.36
2026-09-24,GS,923.29
2026-09-25,GS,935.45
2026-09-28,GS,916.28
2026-09-29,GS,916.24
2026-09-30,GS,900.36
2026-10-01,GS,896.67
2026-10-02,GS,902.56
2025-10-03,HAL,23.8275
2025-10-06,HAL,23.8765
2025-10-07,HAL,23.7981
2025-10-08,HAL,23.4453
2025-10-09,HAL,22.9356
2025-10-10,HAL,21.534
2025-10-13,HAL,22.0535
2025-10-14,HAL,21.9947
2025-10-15,HAL,21.9456
2025-10-16,HAL,21.387
2025-10-17,HAL,21.828
2025-10-20,HAL,22.1711
2025-10-21,HAL,24.7391
2025-10-22,HAL,25.7878
2025-10-23,HAL,26.6798
2025-10-24,HAL,26.0231
2025-10-27,HAL,26.2681
2025-10-28,HAL,26.0917
2025-10-29,HAL,26.9346
2025-10-30,HAL,26.4249
2025-10-31,HAL,26.3073
2025-11-03,HAL,26.6406
2025-11-04,HAL,26.2779
2025-11-05,HAL,26.5622
2025-11-06,HAL,26.7876
2025-11-07,HAL,27.0228
2025-11-10,HAL,27.1601
2025-11-11,HAL,27.5031
2025-11-12,HAL,26.3955
2025-11-13,HAL,26.4838
2025-11-14,HAL,26.7582
2025-11-17,HAL,26.0917
2025-11-18,HAL,26.2583
2025-11-19,HAL,25.9349
2025-11-20,HAL,25.1115
2025-11-21,HAL,25.3076
2025-11-24,HAL,25.1605
2025-11-25,HAL,25.1802
2025-11-26,HAL,25.2782
2025-11-28,HAL,25.6996
2025-12-01,HAL,26.1015
2025-12-02,HAL,26.3759
2025-12-03,HAL,27.027
2025-12-04,HAL,27.4511
2025-12-05,HAL,28.0627
2025-12-08,HAL,27.6977
2025-12-09,HAL,28.1909
2025-12-10,HAL,28.6446
2025-12-11,HAL,28.7235
2025-12-12,HAL,28.2303
2025-12-15,HAL,28.0232
2025-12-16,HAL,26.8198
2025-12-17,HAL,27.3623
2025-12-18,HAL,27.0861
2025-12-19,HAL,27.3426
2025-12-22,HAL,27.8062
2025-12-23,HAL,27.7865
2025-12-24,HAL,27.6484
2025-12-26,HAL,27.5793
2025-12-29,HAL,27.7667
2025-12-30,HAL,28.1021
2025-12-31,HAL,27.8752
2026-01-02,HAL,29.197
2026-01-05,HAL,31.4854
2026-01-06,HAL,30.4103
2026-01-07,HAL,29.9664
2026-01-08,HAL,31.732
2026-01-09,HAL,32.1857
2026-01-12,HAL,31.4657
2026-01-13,HAL,32.166
2026-01-14,HAL,32.5902
2026-01-15,HAL,32.3337
2026-01-16,HAL,32.1266
2026-01-20,HAL,31.6235
2026-01-21,HAL,32.9058
2026-01-22,HAL,33.2609
2026-01-23,HAL,33.4878
2026-01-26,HAL,33.6949
2026-01-27,HAL,33.7936
2026-01-28,HAL,32.9058
2026-01-29,HAL,32.9354
2026-01-30,HAL,33.0636
2026-02-02,HAL,32.383
2026-02-03,HAL,33.4089
2026-02-04,HAL,33.8725
2026-02-05,HAL,33.3793
2026-02-06,HAL,34.5038
2026-02-09,HAL,34.4248
2026-02-10,HAL,33.5568
2026-02-11,HAL,34.5531
2026-02-12,HAL,33.8231
2026-02-13,HAL,33.4976
2026-02-17,HAL,33.251
2026-02-18,HAL,34.2966
2026-02-19,HAL,34.8884
2026-02-20,HAL,34.632
2026-02-23,HAL,34.7602
2026-02-24,HAL,35.3027
2026-02-25,HAL,34.7898
2026-02-26,HAL,35.2238
2026-02-27,HAL,35.5099
2026-03-02,HAL,35.4803
2026-03-03,HAL,34.7799
2026-03-04,HAL,34.1258
2026-03-05,HAL,33.8582
2026-03-06,HAL,33.7491
2026-03-09,HAL,34.3438
2026-03-10,HAL,35.0277
2026-03-11,HAL,35.6125
2026-03-12,HAL,34.5321
2026-03-13,HAL,33.3923
2026-03-16,HAL,33.8582
2026-03-17,HAL,35.3251
2026-03-18,HAL,35.9
2026-03-19,HAL,36.6037
2026-03-20,HAL,36.2072
2026-03-23,HAL,37.1786
2026-03-24,HAL,37.7733
2026-03-25,HAL,38.2887
2026-03-26,HAL,38.4472
2026-03-27,HAL,40.0628
2026-03-30,HAL,38.9131
2026-03-31,HAL,38.6455
2026-04-01,HAL,37.6642
2026-04-02,HAL,37.8327
2026-04-06,HAL,37.4858
2026-04-07,HAL,38.3779
2026-04-08,HAL,37.466
2026-04-09,HAL,37.357
2026-04-10,HAL,37.2578
2026-04-13,HAL,38.2688
2026-04-14,HAL,37.1786
2026-04-15,HAL,37.2083
2026-04-16,HAL,37.8129
2026-04-17,HAL,36.8217
2026-04-20,HAL,36.3559
2026-04-21,HAL,37.8129
2026-04-22,HAL,38.7644
2026-04-23,HAL,39.2996
2026-04-24,HAL,40.0034
2026-04-27,HAL,39.7754
2026-04-28,HAL,40.4494
2026-04-29,HAL,41.4406
2026-04-30,HAL,41.9262
2026-05-01,HAL,41.2919
2026-05-04,HAL,41.6091
2026-05-05,HAL,41.3514
2026-05-06,HAL,40.043
2026-05-07,HAL,38.7743
2026-05-08,HAL,39.4781
2026-05-11,HAL,39.9043
2026-05-12,HAL,41.3315
2026-05-13,HAL,40.6575
2026-05-14,HAL,40.9252
2026-05-15,HAL,41.391
2026-05-18,HAL,42.402
2026-05-19,HAL,42.6002
2026-05-20,HAL,41.9262
2026-05-21,HAL,41.5892
2026-05-22,HAL,41.1036
2026-05-26,HAL,40.717
2026-05-27,HAL,39.2501
2026-05-28,HAL,38.9825
2026-05-29,HAL,38.5067
2026-06-01,HAL,39.0023
2026-06-02,HAL,39.7754
2026-06-03,HAL,40.8405
2026-06-04,HAL,41.0296
2026-06-05,HAL,38.999
2026-06-08,HAL,40.3129
2026-06-09,HAL,39.437
2026-06-10,HAL,39.5465
2026-06-11,HAL,39.5763
2026-06-12,HAL,39.4171
2026-06-15,HAL,38.0036
2026-06-16,HAL,37.0282
2026-06-17,HAL,36.0626
2026-06-18,HAL,34.7686
2026-06-22,HAL,35.0075
2026-06-23,HAL,34.9478
2026-06-24,HAL,33.7434
2026-06-25,HAL,34.5098
2026-06-26,HAL,34.052
2026-06-29,HAL,33.9325
2026-06-30,HAL,33.7932
2026-07-01,HAL,32.8575
2026-07-02,HAL,32.8077
2026-07-06,HAL,32.8476
2026-07-07,HAL,33.6339
2026-07-08,HAL,34.8085
2026-07-09,HAL,33.9624
2026-07-10,HAL,34.2311
2026-07-13,HAL,35.0473
2026-07-14,HAL,35.2564
2026-07-15,HAL,35.0872
2026-07-16,HAL,34.8781
2026-07-17,HAL,35.0573
2026-07-20,HAL,34.9478
2026-07-21,HAL,33.0367
2026-07-22,HAL,32.8774
2026-07-23,HAL,32.5589
2026-07-24,HAL,33.2059
2026-07-27,HAL,31.9816
2026-07-28,HAL,31.0857
2026-07-29,HAL,31.0459
2026-07-30,HAL,31.4938
2026-07-31,HAL,32.101
2026-08-03,HAL,31.7427
2026-08-04,HAL,32.2105
2026-08-05,HAL,31.673
2026-08-06,HAL,32.3598
2026-08-07,HAL,31.7427
2026-08-10,HAL,33.4846
2026-08-11,HAL,33.6439
2026-08-12,HAL,33.1362
2026-08-13,HAL,32.6883
2026-08-14,HAL,34.261
2026-08-17,HAL,34.5696
2026-08-18,HAL,34.4999
2026-08-19,HAL,34.8582
2026-08-20,HAL,35.5251
2026-08-21,HAL,35.1767
2026-08-24,HAL,34.47
2026-08-25,HAL,33.6439
2026-08-26,HAL,34.2809
2026-08-27,HAL,35.3261
2026-08-28,HAL,36.0129
2026-08-31,HAL,36.6798
2026-09-01,HAL,36.63
2026-09-02,HAL,37.63
2026-09-03,HAL,37.29
2026-09-04,HAL,37.07
2026-09-08,HAL,36.8
2026-09-09,HAL,37.13
2026-09-10,HAL,36.07
2026-09-11,HAL,35.84
2026-09-14,HAL,35.01
2026-09-15,HAL,35.67
2026-09-16,HAL,34.51
2026-09-17,HAL,34.03
2026-09-18,HAL,33.64
2026-09-21,HAL,33.39
2026-09-22,HAL,32.85
2026-09-23,HAL,33.01
2026-09-24,HAL,32.76
2026-09-25,HAL,32.76
2026-09-28,HAL,32.43
2026-09-29,HAL,31.54
2026-09-30,HAL,31.8
2026-10-01,HAL,31.88
2026-10-02,HAL,31.85
2025-10-03,HMC,31.37
2025-10-06,HMC,31.91
2025-10-07,HMC,31.74
2025-10-08,HMC,31.45
2025-10-09,HMC,30.65
2025-10-10,HMC,29.84
2025-10-13,HMC,30.14
2025-10-14,HMC,30.63
2025-10-15,HMC,30.8
2025-10-16,HMC,30.6
2025-10-17,HMC,30.82
2025-10-20,HMC,31.28
2025-10-21,HMC,31.28
2025-10-22,HMC,31.84
2025-10-23,HMC,31.59
2025-10-24,HMC,31.52
2025-10-27,HMC,31.75
2025-10-28,HMC,31.93
2025-10-29,HMC,31.19
2025-10-30,HMC,31.07
2025-10-31,HMC,30.5
2025-11-03,HMC,30.57
2025-11-04,HMC,30.71
2025-11-05,HMC,30.88
2025-11-06,HMC,30.41
2025-11-07,HMC,29.81
2025-11-10,HMC,29.48
2025-11-11,HMC,29.7
2025-11-12,HMC,30.04
2025-11-13,HMC,29.73
2025-11-14,HMC,30.07
2025-11-17,HMC,29.0
2025-11-18,HMC,28.96
2025-11-19,HMC,29.33
2025-11-20,HMC,28.48
2025-11-21,HMC,29.58
2025-11-24,HMC,29.82
2025-11-25,HMC,29.96
2025-11-26,HMC,30.3
2025-11-28,HMC,30.25
2025-12-01,HMC,29.77
2025-12-02,HMC,29.45
2025-12-03,HMC,29.36
2025-12-04,HMC,29.66
2025-12-05,HMC,29.43
2025-12-08,HMC,29.35
2025-12-09,HMC,29.79
2025-12-10,HMC,30.56
2025-12-11,HMC,30.82
2025-12-12,HMC,30.93
2025-12-15,HMC,31.13
2025-12-16,HMC,30.72
2025-12-17,HMC,30.35
2025-12-18,HMC,30.01
2025-12-19,HMC,30.12
2025-12-22,HMC,30.24
2025-12-23,HMC,30.12
2025-12-24,HMC,30.11
2025-12-26,HMC,29.8
2025-12-29,HMC,29.64
2025-12-30,HMC,29.62
2025-12-31,HMC,29.48
2026-01-02,HMC,29.96
2026-01-05,HMC,30.06
2026-01-06,HMC,29.52
2026-01-07,HMC,29.27
2026-01-08,HMC,29.8
2026-01-09,HMC,30.65
2026-01-12,HMC,30.89
2026-01-13,HMC,30.61
2026-01-14,HMC,30.74
2026-01-15,HMC,31.11
2026-01-16,HMC,30.85
2026-01-20,HMC,30.3
2026-01-21,HMC,31.19
2026-01-22,HMC,31.22
2026-01-23,HMC,30.42
2026-01-26,HMC,30.0
2026-01-27,HMC,29.93
2026-01-28,HMC,29.42
2026-01-29,HMC,30.29
2026-01-30,HMC,30.33
2026-02-02,HMC,30.73
2026-02-03,HMC,30.58
2026-02-04,HMC,31.62
2026-02-05,HMC,31.37
2026-02-06,HMC,32.82
2026-02-09,HMC,31.76
2026-02-10,HMC,31.21
2026-02-11,HMC,32.4
2026-02-12,HMC,31.43
2026-02-13,HMC,31.78
2026-02-17,HMC,31.13
2026-02-18,HMC,30.92
2026-02-19,HMC,30.34
2026-02-20,HMC,30.27
2026-02-23,HMC,30.07
2026-02-24,HMC,30.04
2026-02-25,HMC,30.12
2026-02-26,HMC,30.12
2026-02-27,HMC,30.16
2026-03-02,HMC,29.29
2026-03-03,HMC,28.3
2026-03-04,HMC,28.51
2026-03-05,HMC,27.47
2026-03-06,HMC,27.24
2026-03-09,HMC,27.87
2026-03-10,HMC,27.89
2026-03-11,HMC,27.54
2026-03-12,HMC,26.09
2026-03-13,HMC,25.78
2026-03-16,HMC,25.7
2026-03-17,HMC,25.48
2026-03-18,HMC,24.81
2026-03-19,HMC,24.61
2026-03-20,HMC,24.12
2026-03-23,HMC,24.74
2026-03-24,HMC,24.78
2026-03-25,HMC,24.77
2026-03-26,HMC,24.58
2026-03-27,HMC,24.34
2026-03-30,HMC,23.65
2026-03-31,HMC,24.31
2026-04-01,HMC,24.31
2026-04-02,HMC,24.15
2026-04-06,HMC,23.84
2026-04-07,HMC,23.49
2026-04-08,HMC,24.5
2026-04-09,HMC,24.37
2026-04-10,HMC,24.04
2026-04-13,HMC,24.2
2026-04-14,HMC,24.16
2026-04-15,HMC,24.26
2026-04-16,HMC,24.36
2026-04-17,HMC,25.0
2026-04-20,HMC,25.36
2026-04-21,HMC,24.94
2026-04-22,HMC,24.62
2026-04-23,HMC,24.48
2026-04-24,HMC,24.34
2026-04-27,HMC,24.37
2026-04-28,HMC,24.2
2026-04-29,HMC,24.0
2026-04-30,HMC,24.34
2026-05-01,HMC,24.09
2026-05-04,HMC,23.86
2026-05-05,HMC,24.16
2026-05-06,HMC,24.71
2026-05-07,HMC,24.06
2026-05-08,HMC,24.51
2026-05-11,HMC,23.98
2026-05-12,HMC,24.11
2026-05-13,HMC,24.37
2026-05-14,HMC,25.67
2026-05-15,HMC,26.18
2026-05-18,HMC,25.21
2026-05-19,HMC,25.32
2026-05-20,HMC,25.87
2026-05-21,HMC,26.26
2026-05-22,HMC,26.47
2026-05-26,HMC,26.42
2026-05-27,HMC,26.88
2026-05-28,HMC,27.29
2026-05-29,HMC,26.99
2026-06-01,HMC,26.24
2026-06-02,HMC,26.48
2026-06-03,HMC,27.71
2026-06-04,HMC,27.93
2026-06-05,HMC,26.7
2026-06-08,HMC,26.97
2026-06-09,HMC,26.71
2026-06-10,HMC,26.11
2026-06-11,HMC,27.07
2026-06-12,HMC,26.44
2026-06-15,HMC,26.97
2026-06-16,HMC,26.85
2026-06-17,HMC,26.19
2026-06-18,HMC,26.26
2026-06-22,HMC,25.99
2026-06-23,HMC,25.58
2026-06-24,HMC,25.76
2026-06-25,HMC,26.14
2026-06-26,HMC,26.83
2026-06-29,HMC,27.28
2026-06-30,HMC,27.11
2026-07-01,HMC,27.26
2026-07-02,HMC,28.02
2026-07-06,HMC,29.63
2026-07-07,HMC,28.5
2026-07-08,HMC,27.73
2026-07-09,HMC,27.59
2026-07-10,HMC,27.93
2026-07-13,HMC,27.84
2026-07-14,HMC,28.09
2026-07-15,HMC,27.89
2026-07-16,HMC,28.77
2026-07-17,HMC,28.16
2026-07-20,HMC,28.17
2026-07-21,HMC,28.56
2026-07-22,HMC,28.53
2026-07-23,HMC,27.99
2026-07-24,HMC,28.16
2026-07-27,HMC,29.13
2026-07-28,HMC,30.28
2026-07-29,HMC,30.68
2026-07-30,HMC,30.72
2026-07-31,HMC,30.11
2026-08-03,HMC,29.6
2026-08-04,HMC,30.12
2026-08-05,HMC,30.6
2026-08-06,HMC,30.73
2026-08-07,HMC,31.82
2026-08-10,HMC,31.72
2026-08-11,HMC,31.7
2026-08-12,HMC,31.31
2026-08-13,HMC,31.2
2026-08-14,HMC,31.58
2026-08-17,HMC,31.9
2026-08-18,HMC,31.95
2026-08-19,HMC,31.91
2026-08-20,HMC,32.6
2026-08-21,HMC,33.37
2026-08-24,HMC,32.59
2026-08-25,HMC,31.8
2026-08-26,HMC,31.41
2026-08-27,HMC,31.33
2026-08-28,HMC,31.86
2026-08-31,HMC,31.96
2026-09-01,HMC,32.03
2026-09-02,HMC,32.44
2026-09-03,HMC,33.04
2026-09-04,HMC,32.67
2026-09-08,HMC,31.06
2026-09-09,HMC,31.3
2026-09-10,HMC,31.62
2026-09-11,HMC,32.52
2026-09-14,HMC,32.49
2026-09-15,HMC,32.21
2026-09-16,HMC,32.11
2026-09-17,HMC,32.53
2026-09-18,HMC,32.2
2026-09-21,HMC,32.53
2026-09-22,HMC,32.42
2026-09-23,HMC,32.15
2026-09-24,HMC,32.19
2026-09-25,HMC,32.93
2026-09-28,HMC,32.49
2026-09-29,HMC,32.09
2026-09-30,HMC,31.6
2026-10-01,HMC,31.62
2026-10-02,HMC,31.35
2025-10-03,INTC,36.83
2025-10-06,INTC,36.59
2025-10-07,INTC,37.17
2025-10-08,INTC,37.43
2025-10-09,INTC,37.8
2025-10-10,INTC,36.37
2025-10-13,INTC,37.22
2025-10-14,INTC,35.63
2025-10-15,INTC,37.15
2025-10-16,INTC,36.84
2025-10-17,INTC,37.01
2025-10-20,INTC,38.1
2025-10-21,INTC,38.12
2025-10-22,INTC,36.92
2025-10-23,INTC,38.16
2025-10-24,INTC,38.28
2025-10-27,INTC,39.54
2025-10-28,INTC,41.53
2025-10-29,INTC,41.34
2025-10-30,INTC,40.16
2025-10-31,INTC,39.99
2025-11-03,INTC,39.5
2025-11-04,INTC,37.03
2025-11-05,INTC,38.38
2025-11-06,INTC,37.24
2025-11-07,INTC,38.13
2025-11-10,INTC,38.45
2025-11-11,INTC,37.88
2025-11-12,INTC,37.89
2025-11-13,INTC,35.91
2025-11-14,INTC,35.52
2025-11-17,INTC,34.71
2025-11-18,INTC,34.33
2025-11-19,INTC,35.11
2025-11-20,INTC,33.62
2025-11-21,INTC,34.5
2025-11-24,INTC,35.79
2025-11-25,INTC,35.83
2025-11-26,INTC,36.81
2025-11-28,INTC,40.56
2025-12-01,INTC,40.01
2025-12-02,INTC,43.47
2025-12-03,INTC,43.76
2025-12-04,INTC,40.5
2025-12-05,INTC,41.41
2025-12-08,INTC,40.3
2025-12-09,INTC,40.5
2025-12-10,INTC,40.78
2025-12-11,INTC,39.51
2025-12-12,INTC,37.81
2025-12-15,INTC,37.51
2025-12-16,INTC,37.31
2025-12-17,INTC,36.05
2025-12-18,INTC,36.28
2025-12-19,INTC,36.82
2025-12-22,INTC,36.37
2025-12-23,INTC,36.35
2025-12-24,INTC,36.16
2025-12-26,INTC,36.2
2025-12-29,INTC,36.68
2025-12-30,INTC,37.3
2025-12-31,INTC,36.9
2026-01-02,INTC,39.38
2026-01-05,INTC,39.37
2026-01-06,INTC,40.04
2026-01-07,INTC,42.63
2026-01-08,INTC,41.11
2026-01-09,INTC,45.55
2026-01-12,INTC,44.06
2026-01-13,INTC,47.29
2026-01-14,INTC,48.72
2026-01-15,INTC,48.32
2026-01-16,INTC,46.96
2026-01-20,INTC,48.56
2026-01-21,INTC,54.25
2026-01-22,INTC,54.32
2026-01-23,INTC,45.07
2026-01-26,INTC,42.49
2026-01-27,INTC,43.93
2026-01-28,INTC,48.78
2026-01-29,INTC,48.66
2026-01-30,INTC,46.47
2026-02-02,INTC,48.81
2026-02-03,INTC,49.25
2026-02-04,INTC,48.6
2026-02-05,INTC,48.24
2026-02-06,INTC,50.59
2026-02-09,INTC,50.24
2026-02-10,INTC,47.13
2026-02-11,INTC,48.29
2026-02-12,INTC,46.48
2026-02-13,INTC,46.79
2026-02-17,INTC,46.18
2026-02-18,INTC,45.46
2026-02-19,INTC,44.62
2026-02-20,INTC,44.11
2026-02-23,INTC,43.63
2026-02-24,INTC,46.12
2026-02-25,INTC,46.88
2026-02-26,INTC,45.46
2026-02-27,INTC,45.61
2026-03-02,INTC,45.5
2026-03-03,INTC,43.1
2026-03-04,INTC,45.58
2026-03-05,INTC,45.95
2026-03-06,INTC,43.42
2026-03-09,INTC,45.58
2026-03-10,INTC,46.78
2026-03-11,INTC,47.98
2026-03-12,INTC,45.25
2026-03-13,INTC,45.77
2026-03-16,INTC,45.76
2026-03-17,INTC,44.06
2026-03-18,INTC,45.03
2026-03-19,INTC,46.18
2026-03-20,INTC,43.87
2026-03-23,INTC,44.01
2026-03-24,INTC,44.06
2026-03-25,INTC,47.18
2026-03-26,INTC,44.1
2026-03-27,INTC,43.13
2026-03-30,INTC,41.19
2026-03-31,INTC,44.13
2026-04-01,INTC,48.03
2026-04-02,INTC,50.38
2026-04-06,INTC,50.78
2026-04-07,INTC,52.91
2026-04-08,INTC,58.95
2026-04-09,INTC,61.72
2026-04-10,INTC,62.38
2026-04-13,INTC,65.18
2026-04-14,INTC,63.81
2026-04-15,INTC,64.94
2026-04-16,INTC,68.5
2026-04-17,INTC,68.5
2026-04-20,INTC,65.7
2026-04-21,INTC,66.26
2026-04-22,INTC,65.27
2026-04-23,INTC,66.78
2026-04-24,INTC,82.54
2026-04-27,INTC,84.99
2026-04-28,INTC,84.52
2026-04-29,INTC,94.75
2026-04-30,INTC,94.48
2026-05-01,INTC,99.62
2026-05-04,INTC,95.78
2026-05-05,INTC,108.15
2026-05-06,INTC,113.01
2026-05-07,INTC,109.62
2026-05-08,INTC,124.92
2026-05-11,INTC,129.44
2026-05-12,INTC,120.61
2026-05-13,INTC,120.29
2026-05-14,INTC,115.93
2026-05-15,INTC,108.77
2026-05-18,INTC,108.17
2026-05-19,INTC,110.8
2026-05-20,INTC,118.96
2026-05-21,INTC,118.5
2026-05-22,INTC,119.84
2026-05-26,INTC,123.52
2026-05-27,INTC,121.77
2026-05-28,INTC,120.89
2026-05-29,INTC,114.68
2026-06-01,INTC,109.33
2026-06-02,INTC,107.93
2026-06-03,INTC,112.71
2026-06-04,INTC,111.78
2026-06-05,INTC,99.17
2026-06-08,INTC,110.27
2026-06-09,INTC,107.92
2026-06-10,INTC,107.04
2026-06-11,INTC,116.96
2026-06-12,INTC,124.57
2026-06-15,INTC,127.86
2026-06-16,INTC,117.05
2026-06-17,INTC,121.1
2026-06-18,INTC,133.99
2026-06-22,INTC,140.94
2026-06-23,INTC,132.28
2026-06-24,INTC,131.65
2026-06-25,INTC,132.87
2026-06-26,INTC,128.32
2026-06-29,INTC,131.72
2026-06-30,INTC,139.63
2026-07-01,INTC,127.02
2026-07-02,INTC,120.35
2026-07-06,INTC,122.2
2026-07-07,INTC,110.39
2026-07-08,INTC,110.24
2026-07-09,INTC,112.54
2026-07-10,INTC,109.84
2026-07-13,INTC,103.12
2026-07-14,INTC,107.76
2026-07-15,INTC,102.99
2026-07-16,INTC,96.98
2026-07-17,INTC,95.04
2026-07-20,INTC,97.06
2026-07-21,INTC,105.45
2026-07-22,INTC,102.62
2026-07-23,INTC,100.23
2026-07-24,INTC,92.32
2026-07-27,INTC,91.67
2026-07-28,INTC,86.3
2026-07-29,INTC,81.88
2026-07-30,INTC,91.13
2026-07-31,INTC,90.2
2026-08-03,INTC,91.0
2026-08-04,INTC,100.86
2026-08-05,INTC,101.06
2026-08-06,INTC,99.81
2026-08-07,INTC,101.65
2026-08-10,INTC,97.52
2026-08-11,INTC,97.71
2026-08-12,INTC,100.95
2026-08-13,INTC,104.56
2026-08-14,INTC,102.5
2026-08-17,INTC,103.49
2026-08-18,INTC,96.69
2026-08-19,INTC,92.8
2026-08-20,INTC,92.13
2026-08-21,INTC,90.07
2026-08-24,INTC,87.26
2026-08-25,INTC,87.48
2026-08-26,INTC,88.24
2026-08-27,INTC,92.09
2026-08-28,INTC,89.47
2026-08-31,INTC,89.51
2026-09-01,INTC,88.97
2026-09-02,INTC,90.05
2026-09-03,INTC,91.67
2026-09-04,INTC,95.8
2026-09-08,INTC,104.47
2026-09-09,INTC,106.24
2026-09-10,INTC,100.32
2026-09-11,INTC,102.94
2026-09-14,INTC,97.19
2026-09-15,INTC,97.14
2026-09-16,INTC,101.05
2026-09-17,INTC,108.8
2026-09-18,INTC,108.6
2026-09-21,INTC,121.78
2026-09-22,INTC,123.86
2026-09-23,INTC,122.6
2026-09-24,INTC,127.39
2026-09-25,INTC,123.0
2026-09-28,INTC,116.03
2026-09-29,INTC,115.93
2026-09-30,INTC,120.23
2026-10-01,INTC,120.0
2026-10-02,INTC,119.33
2025-10-03,JNJ,184.4825
2025-10-06,JNJ,184.0131
2025-10-07,JNJ,184.727
2025-10-08,JNJ,185.5094
2025-10-09,JNJ,186.8688
2025-10-10,JNJ,186.5167
2025-10-13,JNJ,186.6927
2025-10-14,JNJ,186.6438
2025-10-15,JNJ,186.9568
2025-10-16,JNJ,187.8858
2025-10-17,JNJ,188.9616
2025-10-20,JNJ,189.4506
2025-10-21,JNJ,187.6512
2025-10-22,JNJ,188.6878
2025-10-23,JNJ,188.2281
2025-10-24,JNJ,186.2037
2025-10-27,JNJ,186.106
2025-10-28,JNJ,182.8102
2025-10-29,JNJ,182.4875
2025-10-30,JNJ,184.8835
2025-10-31,JNJ,184.7075
2025-11-03,JNJ,182.155
2025-11-04,JNJ,182.7418
2025-11-05,JNJ,181.9007
2025-11-06,JNJ,182.8494
2025-11-07,JNJ,182.4582
2025-11-10,JNJ,184.2576
2025-11-11,JNJ,189.5582
2025-11-12,JNJ,190.1058
2025-11-13,JNJ,190.9469
2025-11-14,JNJ,191.6119
2025-11-17,JNJ,195.1815
2025-11-18,JNJ,195.5922
2025-11-19,JNJ,198.0469
2025-11-20,JNJ,198.5945
2025-11-21,JNJ,199.4062
2025-11-24,JNJ,201.5088
2025-11-25,JNJ,203.3985
2025-11-26,JNJ,204.2744
2025-11-28,JNJ,203.6445
2025-12-01,JNJ,202.0895
2025-12-02,JNJ,202.1682
2025-12-03,JNJ,202.0797
2025-12-04,JNJ,199.2748
2025-12-05,JNJ,198.7335
2025-12-08,JNJ,198.4284
2025-12-09,JNJ,196.7947
2025-12-10,JNJ,203.2705
2025-12-11,JNJ,206.6856
2025-12-12,JNJ,208.2307
2025-12-15,JNJ,210.7797
2025-12-16,JNJ,205.9868
2025-12-17,JNJ,207.0005
2025-12-18,JNJ,205.0125
2025-12-19,JNJ,203.1032
2025-12-22,JNJ,204.0382
2025-12-23,JNJ,202.5226
2025-12-24,JNJ,204.4909
2025-12-26,JNJ,204.3433
2025-12-29,JNJ,204.2744
2025-12-30,JNJ,203.6346
2025-12-31,JNJ,203.674
2026-01-02,JNJ,204.0677
2026-01-05,JNJ,201.0758
2026-01-06,JNJ,201.5482
2026-01-07,JNJ,204.2055
2026-01-08,JNJ,202.493
2026-01-09,JNJ,201.1546
2026-01-12,JNJ,206.4002
2026-01-13,JNJ,210.268
2026-01-14,JNJ,215.0904
2026-01-15,JNJ,216.0943
2026-01-16,JNJ,215.1987
2026-01-20,JNJ,214.7558
2026-01-21,JNJ,214.5589
2026-01-22,JNJ,215.0314
2026-01-23,JNJ,216.6552
2026-01-26,JNJ,217.9839
2026-01-27,JNJ,220.8872
2026-01-28,JNJ,224.1152
2026-01-29,JNJ,223.692
2026-01-30,JNJ,223.6527
2026-02-02,JNJ,227.0973
2026-02-03,JNJ,229.4101
2026-02-04,JNJ,230.7584
2026-02-05,JNJ,234.0258
2026-02-06,JNJ,236.191
2026-02-09,JNJ,234.8624
2026-02-10,JNJ,234.577
2026-02-11,JNJ,237.0472
2026-02-12,JNJ,240.6788
2026-02-13,JNJ,239.5962
2026-02-17,JNJ,239.4781
2026-02-18,JNJ,241.1119
2026-02-19,JNJ,243.0015
2026-02-20,JNJ,238.6514
2026-02-23,JNJ,241.9484
2026-02-24,JNJ,243.67
2026-02-25,JNJ,242.5717
2026-02-26,JNJ,240.8898
2026-02-27,JNJ,245.7972
2026-03-02,JNJ,245.9258
2026-03-03,JNJ,244.135
2026-03-04,JNJ,242.7004
2026-03-05,JNJ,237.0905
2026-03-06,JNJ,237.8523
2026-03-09,JNJ,240.0191
2026-03-10,JNJ,241.1272
2026-03-11,JNJ,240.4148
2026-03-12,JNJ,239.4749
2026-03-13,JNJ,238.9604
2026-03-16,JNJ,240.6127
2026-03-17,JNJ,235.5865
2026-03-18,JNJ,234.7653
2026-03-19,JNJ,235.082
2026-03-20,JNJ,232.8756
2026-03-23,JNJ,232.925
2026-03-24,JNJ,232.7766
2026-03-25,JNJ,237.3873
2026-03-26,JNJ,236.7046
2026-03-27,JNJ,237.9017
2026-03-30,JNJ,239.9201
2026-03-31,JNJ,241.8495
2026-04-01,JNJ,241.5329
2026-04-02,JNJ,240.4643
2026-04-06,JNJ,238.4162
2026-04-07,JNJ,235.8834
2026-04-08,JNJ,238.7428
2026-04-09,JNJ,238.7526
2026-04-10,JNJ,235.9328
2026-04-13,JNJ,235.4381
2026-04-14,JNJ,237.5555
2026-04-15,JNJ,236.1406
2026-04-16,JNJ,232.0544
2026-04-17,JNJ,231.6982
2026-04-20,JNJ,228.2452
2026-04-21,JNJ,223.7632
2026-04-22,JNJ,223.7038
2026-04-23,JNJ,228.2056
2026-04-24,JNJ,225.089
2026-04-27,JNJ,222.9519
2026-04-28,JNJ,225.3759
2026-04-29,JNJ,224.9406
2026-04-30,JNJ,227.4141
2026-05-01,JNJ,224.7823
2026-05-04,JNJ,221.824
2026-05-05,JNJ,223.1597
2026-05-06,JNJ,222.2395
2026-05-07,JNJ,220.1519
2026-05-08,JNJ,218.9745
2026-05-11,JNJ,219.0833
2026-05-12,JNJ,221.8833
2026-05-13,JNJ,227.978
2026-05-14,JNJ,228.354
2026-05-15,JNJ,224.3074
2026-05-18,JNJ,226.4939
2026-05-19,JNJ,227.5625
2026-05-20,JNJ,226.8897
2026-05-21,JNJ,229.2742
2026-05-22,JNJ,231.8565
2026-05-26,JNJ,229.0503
2026-05-27,JNJ,230.1549
2026-05-28,JNJ,229.6673
2026-05-29,JNJ,224.2241
2026-06-01,JNJ,222.4131
2026-06-02,JNJ,221.7961
2026-06-03,JNJ,222.1444
2026-06-04,JNJ,227.0502
2026-06-05,JNJ,231.6276
2026-06-08,JNJ,231.0206
2026-06-09,JNJ,235.8369
2026-06-10,JNJ,237.3196
2026-06-11,JNJ,237.1603
2026-06-12,JNJ,239.6879
2026-06-15,JNJ,234.5034
2026-06-16,JNJ,234.0258
2026-06-17,JNJ,233.0506
2026-06-18,JNJ,227.2691
2026-06-22,JNJ,230.1549
2026-06-23,JNJ,237.9067
2026-06-24,JNJ,239.8172
2026-06-25,JNJ,243.6782
2026-06-26,JNJ,253.4102
2026-06-29,JNJ,257.2413
2026-06-30,JNJ,252.7236
2026-07-01,JNJ,252.7335
2026-07-02,JNJ,261.7491
2026-07-06,JNJ,258.0573
2026-07-07,JNJ,265.9284
2026-07-08,JNJ,262.1073
2026-07-09,JNJ,257.8284
2026-07-10,JNJ,255.7188
2026-07-13,JNJ,256.5049
2026-07-14,JNJ,252.6042
2026-07-15,JNJ,245.8077
2026-07-16,JNJ,248.7432
2026-07-17,JNJ,251.7981
2026-07-20,JNJ,247.5989
2026-07-21,JNJ,249.3801
2026-07-22,JNJ,254.3754
2026-07-23,JNJ,257.9976
2026-07-24,JNJ,262.1073
2026-07-27,JNJ,264.6448
2026-07-28,JNJ,265.421
2026-07-29,JNJ,264.2268
2026-07-30,JNJ,254.5645
2026-07-31,JNJ,255.0919
2026-08-03,JNJ,253.1614
2026-08-04,JNJ,253.6789
2026-08-05,JNJ,256.3258
2026-08-06,JNJ,255.7188
2026-08-07,JNJ,257.9677
2026-08-10,JNJ,260.5251
2026-08-11,JNJ,258.525
2026-08-12,JNJ,259.5797
2026-08-13,JNJ,260.7938
2026-08-14,JNJ,259.0723
2026-08-17,JNJ,261.0824
2026-08-18,JNJ,269.7794
2026-08-19,JNJ,272.0682
2026-08-20,JNJ,266.0578
2026-08-21,JNJ,268.9137
2026-08-24,JNJ,271.7
2026-08-25,JNJ,273.14
2026-08-26,JNJ,270.0
2026-08-27,JNJ,265.77
2026-08-28,JNJ,268.04
2026-08-31,JNJ,265.85
2026-09-01,JNJ,271.19
2026-09-02,JNJ,275.21
2026-09-03,JNJ,278.43
2026-09-04,JNJ,275.23
2026-09-08,JNJ,269.12
2026-09-09,JNJ,267.08
2026-09-10,JNJ,266.35
2026-09-11,JNJ,265.58
2026-09-14,JNJ,266.32
2026-09-15,JNJ,267.2
2026-09-16,JNJ,267.28
2026-09-17,JNJ,270.22
2026-09-18,JNJ,269.99
2026-09-21,JNJ,269.47
2026-09-22,JNJ,269.19
2026-09-23,JNJ,269.17
2026-09-24,JNJ,270.68
2026-09-25,JNJ,271.22
2026-09-28,JNJ,271.95
2026-09-29,JNJ,267.57
2026-09-30,JNJ,264.74
2026-10-01,JNJ,258.66
2026-10-02,JNJ,256.03
2025-10-03,JPM,304.2102
2025-10-06,JPM,304.8511
2025-10-07,JPM,303.382
2025-10-08,JPM,299.7732
2025-10-09,JPM,301.2522
2025-10-10,JPM,296.6772
2025-10-13,JPM,303.6581
2025-10-14,JPM,297.8505
2025-10-15,JPM,301.41
2025-10-16,JPM,294.3601
2025-10-17,JPM,293.3938
2025-10-20,JPM,298.1266
2025-10-21,JPM,292.9304
2025-10-22,JPM,289.9921
2025-10-23,JPM,290.4161
2025-10-24,JPM,296.2335
2025-10-27,JPM,299.8915
2025-10-28,JPM,301.0846
2025-10-29,JPM,301.2325
2025-10-30,JPM,305.1075
2025-10-31,JPM,306.7639
2025-11-03,JPM,305.0188
2025-11-04,JPM,304.9202
2025-11-05,JPM,307.3161
2025-11-06,JPM,309.0318
2025-11-07,JPM,309.8107
2025-11-10,JPM,312.4532
2025-11-11,JPM,311.201
2025-11-12,JPM,315.9239
2025-11-13,JPM,305.1469
2025-11-14,JPM,299.3591
2025-11-17,JPM,296.1645
2025-11-18,JPM,295.2179
2025-11-19,JPM,299.0239
2025-11-20,JPM,294.2024
2025-11-21,JPM,293.8474
2025-11-24,JPM,293.8277
2025-11-25,JPM,298.7576
2025-11-26,JPM,303.3327
2025-11-28,JPM,308.6965
2025-12-01,JPM,304.5948
2025-12-02,JPM,303.5693
2025-12-03,JPM,307.7598
2025-12-04,JPM,311.6743
2025-12-05,JPM,310.6291
2025-12-08,JPM,310.7967
2025-12-09,JPM,296.3026
2025-12-10,JPM,305.7681
2025-12-11,JPM,312.9363
2025-12-12,JPM,314.0603
2025-12-15,JPM,315.5394
2025-12-16,JPM,311.1319
2025-12-17,JPM,310.5699
2025-12-18,JPM,308.6176
2025-12-19,JPM,312.7687
2025-12-22,JPM,318.5663
2025-12-23,JPM,321.3666
2025-12-24,JPM,324.5612
2025-12-26,JPM,323.3189
2025-12-29,JPM,319.2171
2025-12-30,JPM,318.8918
2025-12-31,JPM,317.7086
2026-01-02,JPM,320.9229
2026-01-05,JPM,329.3631
2026-01-06,JPM,331.4133
2026-01-07,JPM,323.8661
2026-01-08,JPM,326.6393
2026-01-09,JPM,326.0451
2026-01-12,JPM,321.39
2026-01-13,JPM,307.9298
2026-01-14,JPM,304.9287
2026-01-15,JPM,306.3055
2026-01-16,JPM,309.4848
2026-01-20,JPM,299.8477
2026-01-21,JPM,299.1545
2026-01-22,JPM,300.7292
2026-01-23,JPM,294.8757
2026-01-26,JPM,298.164
2026-01-27,JPM,297.441
2026-01-28,JPM,297.8965
2026-01-29,JPM,303.4926
2026-01-30,JPM,302.9677
2026-02-02,JPM,305.1962
2026-02-03,JPM,311.8421
2026-02-04,JPM,314.2389
2026-02-05,JPM,307.1969
2026-02-06,JPM,319.3199
2026-02-09,JPM,319.0228
2026-02-10,JPM,315.2393
2026-02-11,JPM,307.8506
2026-02-12,JPM,299.7487
2026-02-13,JPM,299.6595
2026-02-17,JPM,304.1958
2026-02-18,JPM,305.83
2026-02-19,JPM,305.107
2026-02-20,JPM,307.8209
2026-02-23,JPM,294.8262
2026-02-24,JPM,294.4597
2026-02-25,JPM,300.4024
2026-02-26,JPM,303.2054
2026-02-27,JPM,297.4311
2026-03-02,JPM,294.7173
2026-03-03,JPM,297.3914
2026-03-04,JPM,296.5298
2026-03-05,JPM,290.7455
2026-03-06,JPM,286.7144
2026-03-09,JPM,287.1503
2026-03-10,JPM,285.9716
2026-03-11,JPM,284.7732
2026-03-12,JPM,280.1874
2026-03-13,JPM,280.7321
2026-03-16,JPM,283.4261
2026-03-17,JPM,284.1492
2026-03-18,JPM,284.991
2026-03-19,JPM,285.2189
2026-03-20,JPM,283.8223
2026-03-23,JPM,287.1403
2026-03-24,JPM,289.6065
2026-03-25,JPM,292.5977
2026-03-26,JPM,288.8736
2026-03-27,JPM,280.1379
2026-03-30,JPM,281.059
2026-03-31,JPM,291.3497
2026-04-01,JPM,292.5581
2026-04-02,JPM,291.7855
2026-04-06,JPM,294.125
2026-04-07,JPM,296.0663
2026-04-08,JPM,306.5888
2026-04-09,JPM,308.9382
2026-04-10,JPM,308.4803
2026-04-13,JPM,312.2732
2026-04-14,JPM,309.7247
2026-04-15,JPM,304.558
2026-04-16,JPM,308.56
2026-04-17,JPM,308.8984
2026-04-20,JPM,315.5684
2026-04-21,JPM,311.5963
2026-04-22,JPM,311.6162
2026-04-23,JPM,310.2922
2026-04-24,JPM,306.8975
2026-04-27,JPM,310.2324
2026-04-28,JPM,310.0533
2026-04-29,JPM,307.8631
2026-04-30,JPM,311.8253
2026-05-01,JPM,311.0687
2026-05-04,JPM,306.2703
2026-05-05,JPM,308.0124
2026-05-06,JPM,313.4878
2026-05-07,JPM,304.8965
2026-05-08,JPM,300.7452
2026-05-11,JPM,298.6546
2026-05-12,JPM,303.5127
2026-05-13,JPM,298.9035
2026-05-14,JPM,298.565
2026-05-15,JPM,296.4744
2026-05-18,JPM,299.3813
2026-05-19,JPM,294.3739
2026-05-20,JPM,300.6257
2026-05-21,JPM,301.6411
2026-05-22,JPM,305.006
2026-05-26,JPM,305.3643
2026-05-27,JPM,297.9378
2026-05-28,JPM,295.3993
2026-05-29,JPM,297.9677
2026-06-01,JPM,295.2499
2026-06-02,JPM,299.6103
2026-06-03,JPM,299.5008
2026-06-04,JPM,309.4958
2026-06-05,JPM,310.9691
2026-06-08,JPM,309.7148
2026-06-09,JPM,311.2976
2026-06-10,JPM,307.7536
2026-06-11,JPM,312.0841
2026-06-12,JPM,319.2817
2026-06-15,JPM,317.9676
2026-06-16,JPM,329.6549
2026-06-17,JPM,331.9645
2026-06-18,JPM,323.7615
2026-06-22,JPM,329.9934
2026-06-23,JPM,332.6415
2026-06-24,JPM,331.9546
2026-06-25,JPM,333.6171
2026-06-26,JPM,327.5743
2026-06-29,JPM,327.9128
2026-06-30,JPM,325.862
2026-07-01,JPM,332.5718
2026-07-02,JPM,332.97
2026-07-06,JPM,337.72
2026-07-07,JPM,339.22
2026-07-08,JPM,330.62
2026-07-09,JPM,335.47
2026-07-10,JPM,336.47
2026-07-13,JPM,334.53
2026-07-14,JPM,342.89
2026-07-15,JPM,346.91
2026-07-16,JPM,343.15
2026-07-17,JPM,341.1
2026-07-20,JPM,338.87
2026-07-21,JPM,345.23
2026-07-22,JPM,348.21
2026-07-23,JPM,349.9
2026-07-24,JPM,353.21
2026-07-27,JPM,356.2
2026-07-28,JPM,357.31
2026-07-29,JPM,344.71
2026-07-30,JPM,350.85
2026-07-31,JPM,351.79
2026-08-03,JPM,352.64
2026-08-04,JPM,357.52
2026-08-05,JPM,359.24
2026-08-06,JPM,356.3
2026-08-07,JPM,357.52
2026-08-10,JPM,359.79
2026-08-11,JPM,362.04
2026-08-12,JPM,365.18
2026-08-13,JPM,363.11
2026-08-14,JPM,362.84
2026-08-17,JPM,360.96
2026-08-18,JPM,363.25
2026-08-19,JPM,357.26
2026-08-20,JPM,351.55
2026-08-21,JPM,351.58
2026-08-24,JPM,356.39
2026-08-25,JPM,356.69
2026-08-26,JPM,356.5
2026-08-27,JPM,354.22
2026-08-28,JPM,357.62
2026-08-31,JPM,356.02
2026-09-01,JPM,354.95
2026-09-02,JPM,356.22
2026-09-03,JPM,362.06
2026-09-04,JPM,358.64
2026-09-08,JPM,353.51
2026-09-09,JPM,354.71
2026-09-10,JPM,353.56
2026-09-11,JPM,356.23
2026-09-14,JPM,350.13
2026-09-15,JPM,352.49
2026-09-16,JPM,348.92
2026-09-17,JPM,349.31
2026-09-18,JPM,349.67
2026-09-21,JPM,352.04
2026-09-22,JPM,340.0
2026-09-23,JPM,337.53
2026-09-24,JPM,338.56
2026-09-25,JPM,343.06
2026-09-28,JPM,336.59
2026-09-29,JPM,334.98
2026-09-30,JPM,330.83
2026-10-01,JPM,333.18
2026-10-02,JPM,332.38
2025-10-03,LCID,24.77
2025-10-06,LCID,24.02
2025-10-07,LCID,22.01
2025-10-08,LCID,22.52
2025-10-09,LCID,21.69
2025-10-10,LCID,20.98
2025-10-13,LCID,21.39
2025-10-14,LCID,21.92
2025-10-15,LCID,21.67
2025-10-16,LCID,20.53
2025-10-17,LCID,19.63
2025-10-20,LCID,19.89
2025-10-21,LCID,19.69
2025-10-22,LCID,18.5
2025-10-23,LCID,18.65
2025-10-24,LCID,18.48
2025-10-27,LCID,18.1
2025-10-28,LCID,18.11
2025-10-29,LCID,18.02
2025-10-30,LCID,17.53
2025-10-31,LCID,17.75
2025-11-03,LCID,16.64
2025-11-04,LCID,16.36
2025-11-05,LCID,17.24
2025-11-06,LCID,17.96
2025-11-07,LCID,17.28
2025-11-10,LCID,17.18
2025-11-11,LCID,16.99
2025-11-12,LCID,16.59
2025-11-13,LCID,15.17
2025-11-14,LCID,14.2
2025-11-17,LCID,12.91
2025-11-18,LCID,12.965
2025-11-19,LCID,12.47
2025-11-20,LCID,11.72
2025-11-21,LCID,12.3
2025-11-24,LCID,12.67
2025-11-25,LCID,13.13
2025-11-26,LCID,13.38
2025-11-28,LCID,13.63
2025-12-01,LCID,12.58
2025-12-02,LCID,12.88
2025-12-03,LCID,13.56
2025-12-04,LCID,14.15
2025-12-05,LCID,13.42
2025-12-08,LCID,12.76
2025-12-09,LCID,12.45
2025-12-10,LCID,12.98
2025-12-11,LCID,12.83
2025-12-12,LCID,12.54
2025-12-15,LCID,11.81
2025-12-16,LCID,11.52
2025-12-17,LCID,11.13
2025-12-18,LCID,11.45
2025-12-19,LCID,11.82
2025-12-22,LCID,12.3
2025-12-23,LCID,11.63
2025-12-24,LCID,11.81
2025-12-26,LCID,11.41
2025-12-29,LCID,11.11
2025-12-30,LCID,10.9
2025-12-31,LCID,10.57
2026-01-02,LCID,11.15
2026-01-05,LCID,11.69
2026-01-06,LCID,11.6
2026-01-07,LCID,11.0
2026-01-08,LCID,11.24
2026-01-09,LCID,11.33
2026-01-12,LCID,11.26
2026-01-13,LCID,10.94
2026-01-14,LCID,10.84
2026-01-15,LCID,10.05
2026-01-16,LCID,10.12
2026-01-20,LCID,9.73
2026-01-21,LCID,11.47
2026-01-22,LCID,11.47
2026-01-23,LCID,11.06
2026-01-26,LCID,10.64
2026-01-27,LCID,11.0
2026-01-28,LCID,10.91
2026-01-29,LCID,11.33
2026-01-30,LCID,11.07
2026-02-02,LCID,10.29
2026-02-03,LCID,10.5
2026-02-04,LCID,10.38
2026-02-05,LCID,9.53
2026-02-06,LCID,10.86
2026-02-09,LCID,11.09
2026-02-10,LCID,10.92
2026-02-11,LCID,10.05
2026-02-12,LCID,9.92
2026-02-13,LCID,10.28
2026-02-17,LCID,9.92
2026-02-18,LCID,9.8
2026-02-19,LCID,9.75
2026-02-20,LCID,9.55
2026-02-23,LCID,9.44
2026-02-24,LCID,9.92
2026-02-25,LCID,10.28
2026-02-26,LCID,10.59
2026-02-27,LCID,10.0
2026-03-02,LCID,10.03
2026-03-03,LCID,10.11
2026-03-04,LCID,10.27
2026-03-05,LCID,9.84
2026-03-06,LCID,9.77
2026-03-09,LCID,10.4
2026-03-10,LCID,10.24
2026-03-11,LCID,10.68
2026-03-12,LCID,9.84
2026-03-13,LCID,9.9
2026-03-16,LCID,9.89
2026-03-17,LCID,10.32
2026-03-18,LCID,9.95
2026-03-19,LCID,10.3
2026-03-20,LCID,10.06
2026-03-23,LCID,10.31
2026-03-24,LCID,10.36
2026-03-25,LCID,10.68
2026-03-26,LCID,9.91
2026-03-27,LCID,9.4
2026-03-30,LCID,9.15
2026-03-31,LCID,9.53
2026-04-01,LCID,9.56
2026-04-02,LCID,9.96
2026-04-06,LCID,9.33
2026-04-07,LCID,8.83
2026-04-08,LCID,8.82
2026-04-09,LCID,8.77
2026-04-10,LCID,8.58
2026-04-13,LCID,9.24
2026-04-14,LCID,8.8
2026-04-15,LCID,8.21
2026-04-16,LCID,7.7
2026-04-17,LCID,7.3
2026-04-20,LCID,6.75
2026-04-21,LCID,7.11
2026-04-22,LCID,6.91
2026-04-23,LCID,6.27
2026-04-24,LCID,6.25
2026-04-27,LCID,5.93
2026-04-28,LCID,5.87
2026-04-29,LCID,5.76
2026-04-30,LCID,6.37
2026-05-01,LCID,6.54
2026-05-04,LCID,6.69
2026-05-05,LCID,6.25
2026-05-06,LCID,6.19
2026-05-07,LCID,6.05
2026-05-08,LCID,6.34
2026-05-11,LCID,6.03
2026-05-12,LCID,6.01
2026-05-13,LCID,6.39
2026-05-14,LCID,6.27
2026-05-15,LCID,6.04
2026-05-18,LCID,5.73
2026-05-19,LCID,5.61
2026-05-20,LCID,5.68
2026-05-21,LCID,5.84
2026-05-22,LCID,5.84
2026-05-26,LCID,5.97
2026-05-27,LCID,6.26
2026-05-28,LCID,6.46
2026-05-29,LCID,6.55
2026-06-01,LCID,6.65
2026-06-02,LCID,6.17
2026-06-03,LCID,5.72
2026-06-04,LCID,5.68
2026-06-05,LCID,5.115
2026-06-08,LCID,5.095
2026-06-09,LCID,5.15
2026-06-10,LCID,4.7
2026-06-11,LCID,5.17
2026-06-12,LCID,5.2
2026-06-15,LCID,5.25
2026-06-16,LCID,5.02
2026-06-17,LCID,5.14
2026-06-18,LCID,5.36
2026-06-22,LCID,5.16
2026-06-23,LCID,5.19
2026-06-24,LCID,5.15
2026-06-25,LCID,5.12
2026-06-26,LCID,5.92
2026-06-29,LCID,6.51
2026-06-30,LCID,6.69
2026-07-01,LCID,6.63
2026-07-02,LCID,6.08
2026-07-06,LCID,6.66
2026-07-07,LCID,5.995
2026-07-08,LCID,5.82
2026-07-09,LCID,5.83
2026-07-10,LCID,5.55
2026-07-13,LCID,5.51
2026-07-14,LCID,4.62
2026-07-15,LCID,5.95
2026-07-16,LCID,6.46
2026-07-17,LCID,7.36
2026-07-20,LCID,7.11
2026-07-21,LCID,7.32
2026-07-22,LCID,6.78
2026-07-23,LCID,6.45
2026-07-24,LCID,6.3
2026-07-27,LCID,6.5
2026-07-28,LCID,7.9
2026-07-29,LCID,7.96
2026-07-30,LCID,8.12
2026-07-31,LCID,7.38
2026-08-03,LCID,7.7
2026-08-04,LCID,7.78
2026-08-05,LCID,6.7
2026-08-06,LCID,6.98
2026-08-07,LCID,7.04
2026-08-10,LCID,6.61
2026-08-11,LCID,6.7
2026-08-12,LCID,6.54
2026-08-13,LCID,6.44
2026-08-14,LCID,6.22
2026-08-17,LCID,6.22
2026-08-18,LCID,5.77
2026-08-19,LCID,5.92
2026-08-20,LCID,5.625
2026-08-21,LCID,5.51
2026-08-24,LCID,5.09
2026-08-25,LCID,5.26
2026-08-26,LCID,4.95
2026-08-27,LCID,5.09
2026-08-28,LCID,5.01
2026-08-31,LCID,4.85
2026-09-01,LCID,4.55
2026-09-02,LCID,4.71
2026-09-03,LCID,4.6
2026-09-04,LCID,4.68
2026-09-08,LCID,4.63
2026-09-09,LCID,4.27
2026-09-10,LCID,4.18
2026-09-11,LCID,4.22
2026-09-14,LCID,4.16
2026-09-15,LCID,4.12
2026-09-16,LCID,4.04
2026-09-17,LCID,4.28
2026-09-18,LCID,4.09
2026-09-21,LCID,4.3
2026-09-22,LCID,4.32
2026-09-23,LCID,4.16
2026-09-24,LCID,4.15
2026-09-25,LCID,4.07
2026-09-28,LCID,3.9
2026-09-29,LCID,4.07
2026-09-30,LCID,4.07
2026-10-01,LCID,4.19
2026-10-02,LCID,4.13
2025-10-03,LI,24.8
2025-10-06,LI,24.89
2025-10-07,LI,24.29
2025-10-08,LI,24.64
2025-10-09,LI,23.61
2025-10-10,LI,22.8
2025-10-13,LI,23.13
2025-10-14,LI,22.79
2025-10-15,LI,22.72
2025-10-16,LI,22.57
2025-10-17,LI,22.51
2025-10-20,LI,22.53
2025-10-21,LI,22.0
2025-10-22,LI,21.86
2025-10-23,LI,22.23
2025-10-24,LI,21.92
2025-10-27,LI,21.56
2025-10-28,LI,21.33
2025-10-29,LI,20.98
2025-10-30,LI,20.49
2025-10-31,LI,20.85
2025-11-03,LI,20.48
2025-11-04,LI,19.81
2025-11-05,LI,20.07
2025-11-06,LI,20.17
2025-11-07,LI,19.99
2025-11-10,LI,20.18
2025-11-11,LI,20.42
2025-11-12,LI,20.02
2025-11-13,LI,19.93
2025-11-14,LI,19.77
2025-11-17,LI,18.83
2025-11-18,LI,18.68
2025-11-19,LI,18.07
2025-11-20,LI,17.65
2025-11-21,LI,18.02
2025-11-24,LI,18.12
2025-11-25,LI,18.32
2025-11-26,LI,18.43
2025-11-28,LI,18.39
2025-12-01,LI,17.94
2025-12-02,LI,18.1
2025-12-03,LI,17.44
2025-12-04,LI,17.59
2025-12-05,LI,17.8
2025-12-08,LI,17.95
2025-12-09,LI,17.39
2025-12-10,LI,17.21
2025-12-11,LI,17.01
2025-12-12,LI,17.08
2025-12-15,LI,16.64
2025-12-16,LI,16.68
2025-12-17,LI,16.15
2025-12-18,LI,16.18
2025-12-19,LI,17.0
2025-12-22,LI,16.98
2025-12-23,LI,16.69
2025-12-24,LI,16.78
2025-12-26,LI,17.44
2025-12-29,LI,17.16
2025-12-30,LI,17.27
2025-12-31,LI,16.93
2026-01-02,LI,17.25
2026-01-05,LI,17.36
2026-01-06,LI,16.99
2026-01-07,LI,16.94
2026-01-08,LI,16.82
2026-01-09,LI,16.66
2026-01-12,LI,17.04
2026-01-13,LI,16.64
2026-01-14,LI,16.21
2026-01-15,LI,16.39
2026-01-16,LI,16.19
2026-01-20,LI,15.73
2026-01-21,LI,16.12
2026-01-22,LI,16.69
2026-01-23,LI,16.71
2026-01-26,LI,16.94
2026-01-27,LI,16.75
2026-01-28,LI,17.15
2026-01-29,LI,17.26
2026-01-30,LI,16.63
2026-02-02,LI,16.54
2026-02-03,LI,17.02
2026-02-04,LI,17.34
2026-02-05,LI,17.79
2026-02-06,LI,18.97
2026-02-09,LI,18.35
2026-02-10,LI,18.89
2026-02-11,LI,19.2
2026-02-12,LI,18.8
2026-02-13,LI,18.46
2026-02-17,LI,18.4
2026-02-18,LI,18.32
2026-02-19,LI,18.32
2026-02-20,LI,18.28
2026-02-23,LI,18.43
2026-02-24,LI,18.67
2026-02-25,LI,18.45
2026-02-26,LI,17.9
2026-02-27,LI,17.59
2026-03-02,LI,17.57
2026-03-03,LI,17.06
2026-03-04,LI,17.23
2026-03-05,LI,16.88
2026-03-06,LI,17.16
2026-03-09,LI,17.83
2026-03-10,LI,17.76
2026-03-11,LI,18.29
2026-03-12,LI,17.83
2026-03-13,LI,17.33
2026-03-16,LI,18.24
2026-03-17,LI,17.97
2026-03-18,LI,17.05
2026-03-19,LI,17.1
2026-03-20,LI,16.7
2026-03-23,LI,17.13
2026-03-24,LI,17.75
2026-03-25,LI,18.08
2026-03-26,LI,17.58
2026-03-27,LI,17.46
2026-03-30,LI,17.55
2026-03-31,LI,17.83
2026-04-01,LI,18.38
2026-04-02,LI,18.47
2026-04-06,LI,18.46
2026-04-07,LI,18.42
2026-04-08,LI,18.63
2026-04-09,LI,18.29
2026-04-10,LI,19.21
2026-04-13,LI,18.78
2026-04-14,LI,18.74
2026-04-15,LI,18.16
2026-04-16,LI,18.52
2026-04-17,LI,18.39
2026-04-20,LI,18.71
2026-04-21,LI,18.5
2026-04-22,LI,18.65
2026-04-23,LI,18.65
2026-04-24,LI,18.13
2026-04-27,LI,17.95
2026-04-28,LI,17.78
2026-04-29,LI,17.75
2026-04-30,LI,17.83
2026-05-01,LI,17.57
2026-05-04,LI,17.88
2026-05-05,LI,17.78
2026-05-06,LI,17.72
2026-05-07,LI,17.6
2026-05-08,LI,18.0
2026-05-11,LI,18.87
2026-05-12,LI,18.74
2026-05-13,LI,20.02
2026-05-14,LI,19.27
2026-05-15,LI,18.51
2026-05-18,LI,16.69
2026-05-19,LI,16.18
2026-05-20,LI,16.18
2026-05-21,LI,16.2
2026-05-22,LI,15.89
2026-05-26,LI,15.88
2026-05-27,LI,15.78
2026-05-28,LI,15.54
2026-05-29,LI,15.01
2026-06-01,LI,14.54
2026-06-02,LI,15.43
2026-06-03,LI,14.99
2026-06-04,LI,14.57
2026-06-05,LI,14.2
2026-06-08,LI,14.53
2026-06-09,LI,14.11
2026-06-10,LI,13.69
2026-06-11,LI,13.78
2026-06-12,LI,14.3
2026-06-15,LI,14.38
2026-06-16,LI,14.04
2026-06-17,LI,13.58
2026-06-18,LI,13.21
2026-06-22,LI,12.82
2026-06-23,LI,12.63
2026-06-24,LI,12.39
2026-06-25,LI,11.83
2026-06-26,LI,12.04
2026-06-29,LI,11.89
2026-06-30,LI,11.74
2026-07-01,LI,12.23
2026-07-02,LI,12.02
2026-07-06,LI,12.02
2026-07-07,LI,12.05
2026-07-08,LI,12.12
2026-07-09,LI,11.91
2026-07-10,LI,12.1
2026-07-13,LI,12.18
2026-07-14,LI,12.47
2026-07-15,LI,12.73
2026-07-16,LI,12.86
2026-07-17,LI,12.39
2026-07-20,LI,12.37
2026-07-21,LI,12.21
2026-07-22,LI,12.12
2026-07-23,LI,12.37
2026-07-24,LI,12.12
2026-07-27,LI,12.62
2026-07-28,LI,13.21
2026-07-29,LI,13.8
2026-07-30,LI,13.49
2026-07-31,LI,13.63
2026-08-03,LI,13.12
2026-08-04,LI,12.86
2026-08-05,LI,12.81
2026-08-06,LI,12.69
2026-08-07,LI,12.95
2026-08-10,LI,12.84
2026-08-11,LI,12.68
2026-08-12,LI,12.47
2026-08-13,LI,12.27
2026-08-14,LI,12.26
2026-08-17,LI,12.41
2026-08-18,LI,12.12
2026-08-19,LI,12.71
2026-08-20,LI,12.92
2026-08-21,LI,13.05
2026-08-24,LI,12.48
2026-08-25,LI,12.27
2026-08-26,LI,12.14
2026-08-27,LI,12.18
2026-08-28,LI,12.23
2026-08-31,LI,12.1
2026-09-01,LI,11.9
2026-09-02,LI,12.01
2026-09-03,LI,12.06
2026-09-04,LI,12.37
2026-09-08,LI,12.46
2026-09-09,LI,11.91
2026-09-10,LI,11.65
2026-09-11,LI,11.81
2026-09-14,LI,12.17
2026-09-15,LI,11.76
2026-09-16,LI,12.03
2026-09-17,LI,11.97
2026-09-18,LI,12.14
2026-09-21,LI,11.52
2026-09-22,LI,11.66
2026-09-23,LI,11.7
2026-09-24,LI,11.78
2026-09-25,LI,11.5
2026-09-28,LI,11.71
2026-09-29,LI,11.23
2026-09-30,LI,11.36
2026-10-01,LI,11.12
2026-10-02,LI,10.69
2025-10-03,LLY,834.6063
2025-10-06,LLY,839.7537
2025-10-07,LLY,838.3427
2025-10-08,LLY,840.4196
2025-10-09,LLY,849.9893
2025-10-10,LLY,828.2662
2025-10-13,LLY,814.2646
2025-10-14,LLY,807.2587
2025-10-15,LLY,821.3896
2025-10-16,LLY,814.2447
2025-10-17,LLY,797.7985
2025-10-20,LLY,803.89
2025-10-21,LLY,794.5588
2025-10-22,LLY,807.3383
2025-10-23,LLY,815.8942
2025-10-24,LLY,820.2766
2025-10-27,LLY,821.2306
2025-10-28,LLY,814.9601
2025-10-29,LLY,808.4314
2025-10-30,LLY,839.2072
2025-10-31,LLY,857.4521
2025-11-03,LLY,890.9112
2025-11-04,LLY,901.1764
2025-11-05,LLY,920.0076
2025-11-06,LLY,931.5648
2025-11-07,LLY,918.5767
2025-11-10,LLY,960.5817
2025-11-11,LLY,982.424
2025-11-12,LLY,1011.4013
2025-11-13,LLY,1016.4594
2025-11-14,LLY,1020.3505
2025-11-17,LLY,1016.7878
2025-11-18,LLY,1025.0975
2025-11-19,LLY,1044.5536
2025-11-20,LLY,1038.2739
2025-11-21,LLY,1054.605
2025-11-24,LLY,1065.0148
2025-11-25,LLY,1104.6034
2025-11-26,LLY,1099.0304
2025-11-28,LLY,1070.2992
2025-12-01,LLY,1052.8037
2025-12-02,LLY,1041.0905
2025-12-03,LLY,1028.5907
2025-12-04,LLY,1009.6124
2025-12-05,LLY,1005.4525
2025-12-08,LLY,992.7936
2025-12-09,LLY,977.4975
2025-12-10,LLY,988.8627
2025-12-11,LLY,1004.527
2025-12-12,LLY,1022.5698
2025-12-15,LLY,1057.083
2025-12-16,LLY,1049.2211
2025-12-17,LLY,1036.7811
2025-12-18,LLY,1051.7986
2025-12-19,LLY,1066.2886
2025-12-22,LLY,1071.3043
2025-12-23,LLY,1066.4877
2025-12-24,LLY,1071.8019
2025-12-26,LLY,1072.5682
2025-12-29,LLY,1073.5435
2025-12-30,LLY,1074.5587
2025-12-31,LLY,1069.5131
2026-01-02,LLY,1075.1656
2026-01-05,LLY,1036.5024
2026-01-06,LLY,1058.9242
2026-01-07,LLY,1102.7625
2026-01-08,LLY,1079.9724
2026-01-09,LLY,1058.4467
2026-01-12,LLY,1075.8025
2026-01-13,LLY,1072.0109
2026-01-14,LLY,1068.1298
2026-01-15,LLY,1028.0034
2026-01-16,LLY,1033.4075
2026-01-20,LLY,1036.2836
2026-01-21,LLY,1073.3345
2026-01-22,LLY,1082.152
2026-01-23,LLY,1059.173
2026-01-26,LLY,1057.6404
2026-01-27,LLY,1034.5122
2026-01-28,LLY,1018.8776
2026-01-29,LLY,1019.216
2026-01-30,LLY,1032.1635
2026-02-02,LLY,1039.11
2026-02-03,LLY,998.6354
2026-02-04,LLY,1101.797
2026-02-05,LLY,1015.9319
2026-02-06,LLY,1053.0924
2026-02-09,LLY,1039.6473
2026-02-10,LLY,1020.0719
2026-02-11,LLY,1010.329
2026-02-12,LLY,1033.2781
2026-02-13,LLY,1036.7272
2026-02-17,LLY,1032.7897
2026-02-18,LLY,1017.3484
2026-02-19,LLY,1020.0
2026-02-20,LLY,1006.3431
2026-02-23,LLY,1055.2289
2026-02-24,LLY,1038.8705
2026-02-25,LLY,1025.5924
2026-02-26,LLY,1018.8038
2026-02-27,LLY,1048.6794
2026-03-02,LLY,1014.7665
2026-03-03,LLY,1004.5587
2026-03-04,LLY,1000.4118
2026-03-05,LLY,980.1658
2026-03-06,LLY,987.2135
2026-03-09,LLY,1005.2167
2026-03-10,LLY,998.1988
2026-03-11,LLY,996.6936
2026-03-12,LLY,974.1746
2026-03-13,LLY,981.98
2026-03-16,LLY,986.0073
2026-03-17,LLY,927.4222
2026-03-18,LLY,915.1609
2026-03-19,LLY,914.6127
2026-03-20,LLY,903.8467
2026-03-23,LLY,907.6845
2026-03-24,LLY,900.1783
2026-03-25,LLY,913.4265
2026-03-26,LLY,894.1772
2026-03-27,LLY,875.4763
2026-03-30,LLY,883.8398
2026-03-31,LLY,916.8756
2026-04-01,LLY,951.5162
2026-04-02,LLY,932.6358
2026-04-06,LLY,924.1426
2026-04-07,LLY,928.16
2026-04-08,LLY,950.3
2026-04-09,LLY,952.1841
2026-04-10,LLY,936.5135
2026-04-13,LLY,926.6248
2026-04-14,LLY,919.597
2026-04-15,LLY,902.182
2026-04-16,LLY,901.1452
2026-04-17,LLY,924.1127
2026-04-20,LLY,917.0052
2026-04-21,LLY,900.1783
2026-04-22,LLY,918.5801
2026-04-23,LLY,914.7622
2026-04-24,LLY,881.1783
2026-04-27,LLY,865.5377
2026-04-28,LLY,871.2496
2026-04-29,LLY,848.5313
2026-04-30,LLY,931.6589
2026-05-01,LLY,960.2985
2026-05-04,LLY,964.884
2026-05-05,LLY,985.7581
2026-05-06,LLY,983.9438
2026-05-07,LLY,971.8919
2026-05-08,LLY,945.4653
2026-05-11,LLY,963.947
2026-05-12,LLY,986.7549
2026-05-13,LLY,1012.5535
2026-05-14,LLY,1003.532
2026-05-15,LLY,1003.482
2026-05-18,LLY,986.6761
2026-05-19,LLY,1019.9484
2026-05-20,LLY,1017.412
2026-05-21,LLY,1040.1595
2026-05-22,LLY,1063.4761
2026-05-26,LLY,1063.2164
2026-05-27,LLY,1081.3705
2026-05-28,LLY,1125.1876
2026-05-29,LLY,1103.4188
2026-06-01,LLY,1080.6514
2026-06-02,LLY,1062.6273
2026-06-03,LLY,1077.2363
2026-06-04,LLY,1123.6598
2026-06-05,LLY,1129.801
2026-06-08,LLY,1147.5056
2026-06-09,LLY,1143.0421
2026-06-10,LLY,1134.7439
2026-06-11,LLY,1159.2887
2026-06-12,LLY,1131.3788
2026-06-15,LLY,1127.734
2026-06-16,LLY,1120.8938
2026-06-17,LLY,1110.4088
2026-06-18,LLY,1096.9979
2026-06-22,LLY,1100.5029
2026-06-23,LLY,1105.4958
2026-06-24,LLY,1115.6613
2026-06-25,LLY,1126.0763
2026-06-26,LLY,1206.3912
2026-06-29,LLY,1228.1702
2026-06-30,LLY,1197.7137
2026-07-01,LLY,1190.0347
2026-07-02,LLY,1212.173
2026-07-06,LLY,1198.3429
2026-07-07,LLY,1233.7921
2026-07-08,LLY,1214.0902
2026-07-09,LLY,1215.2086
2026-07-10,LLY,1186.8792
2026-07-13,LLY,1180.1788
2026-07-14,LLY,1150.8909
2026-07-15,LLY,1154.975
2026-07-16,LLY,1167.4971
2026-07-17,LLY,1177.4227
2026-07-20,LLY,1145.2589
2026-07-21,LLY,1173.7281
2026-07-22,LLY,1161.3458
2026-07-23,LLY,1184.1731
2026-07-24,LLY,1194.3186
2026-07-27,LLY,1195.8164
2026-07-28,LLY,1218.9133
2026-07-29,LLY,1208.2886
2026-07-30,LLY,1153.3173
2026-07-31,LLY,1147.196
2026-08-03,LLY,1119.7554
2026-08-04,LLY,1114.0836
2026-08-05,LLY,1168.186
2026-08-06,LLY,1190.2344
2026-08-07,LLY,1184.0133
2026-08-10,LLY,1230.1771
2026-08-11,LLY,1213.2814
2026-08-12,LLY,1218.5339
2026-08-13,LLY,1207.27
2026-08-14,LLY,1180.16
2026-08-17,LLY,1183.16
2026-08-18,LLY,1225.73
2026-08-19,LLY,1280.34
2026-08-20,LLY,1244.4
2026-08-21,LLY,1255.4
2026-08-24,LLY,1246.9301
2026-08-25,LLY,1233.66
2026-08-26,LLY,1189.41
2026-08-27,LLY,1176.1
2026-08-28,LLY,1174.61
2026-08-31,LLY,1156.73
2026-09-01,LLY,1160.0
2026-09-02,LLY,1160.08
2026-09-03,LLY,1159.6
2026-09-04,LLY,1149.36
2026-09-08,LLY,1123.91
2026-09-09,LLY,1124.21
2026-09-10,LLY,1123.0
2026-09-11,LLY,1115.7
2026-09-14,LLY,1138.28
2026-09-15,LLY,1136.11
2026-09-16,LLY,1137.8199
2026-09-17,LLY,1152.4399
2026-09-18,LLY,1152.9301
2026-09-21,LLY,1164.89
2026-09-22,LLY,1170.14
2026-09-23,LLY,1150.99
2026-09-24,LLY,1181.89
2026-09-25,LLY,1183.46
2026-09-28,LLY,1184.78
2026-09-29,LLY,1184.63
2026-09-30,LLY,1157.08
2026-10-01,LLY,1149.85
2026-10-02,LLY,1142.85
2025-10-03,META,708.1579
2025-10-06,META,713.2406
2025-10-07,META,710.6694
2025-10-08,META,715.4133
2025-10-09,META,731.0303
2025-10-10,META,702.9157
2025-10-13,META,713.2805
2025-10-14,META,706.2544
2025-10-15,META,715.1242
2025-10-16,META,709.6628
2025-10-17,META,714.4963
2025-10-20,META,729.6948
2025-10-21,META,730.7911
2025-10-22,META,730.9306
2025-10-23,META,731.5187
2025-10-24,META,735.8639
2025-10-27,META,748.2817
2025-10-28,META,748.8997
2025-10-29,META,749.1289
2025-10-30,META,664.2169
2025-10-31,META,646.1581
2025-11-03,META,635.5541
2025-11-04,META,625.1993
2025-11-05,META,633.8002
2025-11-06,META,616.8476
2025-11-07,META,619.6083
2025-11-10,META,629.6243
2025-11-11,META,624.9601
2025-11-12,META,606.9512
2025-11-13,META,607.8282
2025-11-14,META,607.3997
2025-11-17,META,599.9749
2025-11-18,META,595.6694
2025-11-19,META,588.3244
2025-11-20,META,587.1583
2025-11-21,META,592.2411
2025-11-24,META,610.9774
2025-11-25,META,634.0692
2025-11-26,META,631.468
2025-11-28,META,645.7596
2025-12-01,META,638.7034
2025-12-02,META,644.9124
2025-12-03,META,637.4377
2025-12-04,META,659.2937
2025-12-05,META,671.1434
2025-12-08,META,664.5458
2025-12-09,META,654.7391
2025-12-10,META,647.9322
2025-12-11,META,650.5035
2025-12-12,META,642.0521
2025-12-15,META,645.8474
2025-12-16,META,655.4626
2025-12-17,META,647.8323
2025-12-18,META,662.7438
2025-12-19,META,657.0784
2025-12-22,META,659.8014
2025-12-23,META,663.2326
2025-12-24,META,665.8358
2025-12-26,META,661.5868
2025-12-29,META,656.9987
2025-12-30,META,664.2401
2025-12-31,META,658.3951
2026-01-02,META,648.7399
2026-01-05,META,657.0983
2026-01-06,META,658.9236
2026-01-07,META,647.0243
2026-01-08,META,644.4011
2026-01-09,META,651.3831
2026-01-12,META,640.3215
2026-01-13,META,629.4695
2026-01-14,META,613.9395
2026-01-15,META,619.2059
2026-01-16,META,618.6573
2026-01-20,META,602.5688
2026-01-21,META,611.3861
2026-01-22,META,645.967
2026-01-23,META,657.0684
2026-01-26,META,670.6335
2026-01-27,META,671.2419
2026-01-28,META,667.0128
2026-01-29,META,736.4142
2026-01-30,META,714.6602
2026-02-02,META,704.5961
2026-02-03,META,689.9239
2026-02-04,META,667.2722
2026-02-05,META,668.4891
2026-02-06,META,659.7616
2026-02-09,META,675.481
2026-02-10,META,668.9977
2026-02-11,META,666.973
2026-02-12,META,648.1415
2026-02-13,META,638.1272
2026-02-17,META,637.6484
2026-02-18,META,641.5684
2026-02-19,META,643.1243
2026-02-20,META,653.9764
2026-02-23,META,635.6137
2026-02-24,META,637.6584
2026-02-25,META,652.0114
2026-02-26,META,655.3229
2026-02-27,META,646.5157
2026-03-02,META,651.8818
2026-03-03,META,653.3979
2026-03-04,META,666.0154
2026-03-05,META,658.8738
2026-03-06,META,643.2041
2026-03-09,META,645.7277
2026-03-10,META,652.3904
2026-03-11,META,653.1785
2026-03-12,META,636.5413
2026-03-13,META,612.1342
2026-03-16,META,626.3747
2026-03-17,META,621.5928
2026-03-18,META,614.6248
2026-03-19,META,605.6602
2026-03-20,META,592.6426
2026-03-23,META,603.0248
2026-03-24,META,591.9039
2026-03-25,META,593.8705
2026-03-26,META,546.6016
2026-03-27,META,524.819
2026-03-30,META,535.4608
2026-03-31,META,571.1495
2026-04-01,META,578.2372
2026-04-02,META,573.4755
2026-04-06,META,572.038
2026-04-07,META,574.0645
2026-04-08,META,611.3704
2026-04-09,META,627.313
2026-04-10,META,628.7805
2026-04-13,META,633.4426
2026-04-14,META,661.3546
2026-04-15,META,670.4291
2026-04-16,META,675.71
2026-04-17,META,687.3699
2026-04-20,META,669.7602
2026-04-21,META,667.6938
2026-04-22,META,673.5637
2026-04-23,META,658.0204
2026-04-24,META,673.8732
2026-04-27,META,677.457
2026-04-28,META,670.1895
2026-04-29,META,667.9733
2026-04-30,META,610.8613
2026-05-01,META,607.7067
2026-05-04,META,609.3639
2026-05-05,META,603.9232
2026-05-06,META,611.8297
2026-05-07,META,615.7529
2026-05-08,META,608.5853
2026-05-11,META,597.8337
2026-05-12,META,601.9666
2026-05-13,META,615.5732
2026-05-14,META,617.3701
2026-05-15,META,613.1773
2026-05-18,META,610.1625
2026-05-19,META,601.5772
2026-05-20,META,604.0231
2026-05-21,META,606.3391
2026-05-22,META,609.2141
2026-05-26,META,611.2906
2026-05-27,META,634.1713
2026-05-28,META,634.2012
2026-05-29,META,631.426
2026-06-01,META,599.4409
2026-06-02,META,596.6058
2026-06-03,META,621.9123
2026-06-04,META,626.4945
2026-06-05,META,591.9837
2026-06-08,META,584.3868
2026-06-09,META,583.5881
2026-06-10,META,570.0015
2026-06-11,META,567.4558
2026-06-12,META,566.0083
2026-06-15,META,593.012
2026-06-16,META,599.7367
2026-06-17,META,567.1324
2026-06-18,META,576.7648
2026-06-22,META,563.4053
2026-06-23,META,561.7567
2026-06-24,META,557.2302
2026-06-25,META,542.4419
2026-06-26,META,549.8161
2026-06-29,META,562.1563
2026-06-30,META,562.8458
2026-07-01,META,612.4266
2026-07-02,META,582.4404
2026-07-06,META,599.8166
2026-07-07,META,615.0946
2026-07-08,META,602.6444
2026-07-09,META,630.982
2026-07-10,META,668.6823
2026-07-13,META,656.2121
2026-07-14,META,660.5187
2026-07-15,META,680.7728
2026-07-16,META,664.0159
2026-07-17,META,645.5006
2026-07-20,META,645.3407
2026-07-21,META,643.3023
2026-07-22,META,626.6754
2026-07-23,META,605.622
2026-07-24,META,594.7206
2026-07-27,META,593.4017
2026-07-28,META,592.942
2026-07-29,META,585.1482
2026-07-30,META,538.605
2026-07-31,META,556.271
2026-08-03,META,589.7745
2026-08-04,META,587.4764
2026-08-05,META,588.3057
2026-08-06,META,589.4349
2026-08-07,META,591.6331
2026-08-10,META,594.4509
2026-08-11,META,598.6475
2026-08-12,META,578.3935
2026-08-13,META,594.5008
2026-08-14,META,589.3848
2026-08-17,META,568.5213
2026-08-18,META,543.2413
2026-08-19,META,545.5994
2026-08-20,META,545.3996
2026-08-21,META,549.4664
2026-08-24,META,558.5792
2026-08-25,META,569.6005
2026-08-26,META,575.6857
2026-08-27,META,570.6496
2026-08-28,META,577.5642
2026-08-31,META,571.8887
2026-09-01,META,578.0837
2026-09-02,META,592.3824
2026-09-03,META,610.1984
2026-09-04,META,616.2836
2026-09-08,META,612.9962
2026-09-09,META,653.1745
2026-09-10,META,643.8719
2026-09-11,META,647.519
2026-09-14,META,665.0751
2026-09-15,META,669.7115
2026-09-16,META,672.7791
2026-09-17,META,681.772
2026-09-18,META,665.225
2026-09-21,META,741.25
2026-09-22,META,736.6
2026-09-23,META,744.1
2026-09-24,META,777.59
2026-09-25,META,751.66
2026-09-28,META,715.62
2026-09-29,META,738.79
2026-09-30,META,725.18
2026-10-01,META,725.93
2026-10-02,META,728.08
2025-10-03,MPC,189.967
2025-10-06,MPC,190.3407
2025-10-07,MPC,188.3933
2025-10-08,MPC,185.6098
2025-10-09,MPC,184.4787
2025-10-10,MPC,177.9182
2025-10-13,MPC,180.387
2025-10-14,MPC,180.1116
2025-10-15,MPC,180.8099
2025-10-16,MPC,178.174
2025-10-17,MPC,181.4394
2025-10-20,MPC,183.2099
2025-10-21,MPC,179.8657
2025-10-22,MPC,185.4425
2025-10-23,MPC,192.7407
2025-10-24,MPC,192.9964
2025-10-27,MPC,193.0062
2025-10-28,MPC,189.0523
2025-10-29,MPC,192.5341
2025-10-30,MPC,192.4161
2025-10-31,MPC,191.7079
2025-11-03,MPC,192.5734
2025-11-04,MPC,180.7607
2025-11-05,MPC,183.1213
2025-11-06,MPC,189.5539
2025-11-07,MPC,190.5768
2025-11-10,MPC,193.1341
2025-11-11,MPC,196.8421
2025-11-12,MPC,193.6652
2025-11-13,MPC,191.3833
2025-11-14,MPC,196.6946
2025-11-17,MPC,192.7505
2025-11-18,MPC,196.3307
2025-11-19,MPC,193.2762
2025-11-20,MPC,185.7139
2025-11-21,MPC,188.4324
2025-11-24,MPC,187.9974
2025-11-25,MPC,187.8195
2025-11-26,MPC,189.5396
2025-11-28,MPC,191.5067
2025-12-01,MPC,193.889
2025-12-02,MPC,190.4885
2025-12-03,MPC,187.256
2025-12-04,MPC,187.9678
2025-12-05,MPC,188.3434
2025-12-08,MPC,187.4834
2025-12-09,MPC,188.5411
2025-12-10,MPC,189.1046
2025-12-11,MPC,184.9627
2025-12-12,MPC,183.6381
2025-12-15,MPC,183.381
2025-12-16,MPC,174.7611
2025-12-17,MPC,172.4974
2025-12-18,MPC,166.1807
2025-12-19,MPC,166.3883
2025-12-22,MPC,162.8791
2025-12-23,MPC,164.4903
2025-12-24,MPC,163.828
2025-12-26,MPC,161.8115
2025-12-29,MPC,161.7225
2025-12-30,MPC,161.94
2025-12-31,MPC,160.7636
2026-01-02,MPC,163.2448
2026-01-05,MPC,172.9323
2026-01-06,MPC,168.4642
2026-01-07,MPC,170.5302
2026-01-08,MPC,175.0379
2026-01-09,MPC,174.1482
2026-01-12,MPC,173.5255
2026-01-13,MPC,173.8319
2026-01-14,MPC,179.0117
2026-01-15,MPC,175.5519
2026-01-16,MPC,173.6144
2026-01-20,MPC,172.873
2026-01-21,MPC,175.4432
2026-01-22,MPC,173.7429
2026-01-23,MPC,173.3673
2026-01-26,MPC,170.5599
2026-01-27,MPC,169.8185
2026-01-28,MPC,170.036
2026-01-29,MPC,173.7232
2026-01-30,MPC,174.168
2026-02-02,MPC,174.8797
2026-02-03,MPC,185.4273
2026-02-04,MPC,193.6716
2026-02-05,MPC,193.5826
2026-02-06,MPC,200.6703
2026-02-09,MPC,201.9158
2026-02-10,MPC,201.8071
2026-02-11,MPC,206.2456
2026-02-12,MPC,195.7475
2026-02-13,MPC,200.9273
2026-02-17,MPC,198.2385
2026-02-18,MPC,198.2684
2026-02-19,MPC,195.1886
2026-02-20,MPC,195.4767
2026-02-23,MPC,191.5624
2026-02-24,MPC,194.0163
2026-02-25,MPC,194.4931
2026-02-26,MPC,199.7586
2026-02-27,MPC,196.9172
2026-03-02,MPC,208.4515
2026-03-03,MPC,210.5974
2026-03-04,MPC,219.3301
2026-03-05,MPC,215.9423
2026-03-06,MPC,219.8367
2026-03-09,MPC,214.2931
2026-03-10,MPC,213.8262
2026-03-11,MPC,225.2611
2026-03-12,MPC,228.5694
2026-03-13,MPC,224.7048
2026-03-16,MPC,227.4468
2026-03-17,MPC,231.7386
2026-03-18,MPC,234.6992
2026-03-19,MPC,234.2422
2026-03-20,MPC,231.0134
2026-03-23,MPC,231.0134
2026-03-24,MPC,242.3192
2026-03-25,MPC,239.6765
2026-03-26,MPC,246.6904
2026-03-27,MPC,250.267
2026-03-30,MPC,243.561
2026-03-31,MPC,242.5874
2026-04-01,MPC,236.6067
2026-04-02,MPC,240.1534
2026-04-06,MPC,239.8255
2026-04-07,MPC,243.8193
2026-04-08,MPC,230.467
2026-04-09,MPC,222.0621
2026-04-10,MPC,221.168
2026-04-13,MPC,223.8206
2026-04-14,MPC,222.4695
2026-04-15,MPC,221.5753
2026-04-16,MPC,224.7644
2026-04-17,MPC,212.2963
2026-04-20,MPC,212.7234
2026-04-21,MPC,218.9128
2026-04-22,MPC,220.6216
2026-04-23,MPC,219.6579
2026-04-24,MPC,222.6781
2026-04-27,MPC,225.7281
2026-04-28,MPC,231.073
2026-04-29,MPC,240.2328
2026-04-30,MPC,246.6706
2026-05-01,MPC,244.5445
2026-05-04,MPC,250.8929
2026-05-05,MPC,258.8109
2026-05-06,MPC,244.177
2026-05-07,MPC,240.6799
2026-05-08,MPC,243.2729
2026-05-11,MPC,250.8333
2026-05-12,MPC,250.3465
2026-05-13,MPC,247.4654
2026-05-14,MPC,247.1971
2026-05-15,MPC,253.3666
2026-05-18,MPC,257.8373
2026-05-19,MPC,261.3045
2026-05-20,MPC,257.6645
2026-05-21,MPC,247.7516
2026-05-22,MPC,253.9546
2026-05-26,MPC,247.3727
2026-05-27,MPC,246.3754
2026-05-28,MPC,250.6437
2026-05-29,MPC,248.0907
2026-06-01,MPC,257.9537
2026-06-02,MPC,262.3417
2026-06-03,MPC,266.4803
2026-06-04,MPC,266.3208
2026-06-05,MPC,261.2946
2026-06-08,MPC,265.4432
2026-06-09,MPC,257.4451
2026-06-10,MPC,262.5611
2026-06-11,MPC,260.0978
2026-06-12,MPC,262.8602
2026-06-15,MPC,250.175
2026-06-16,MPC,249.7861
2026-06-17,MPC,243.942
2026-06-18,MPC,242.2467
2026-06-22,MPC,246.6147
2026-06-23,MPC,247.8414
2026-06-24,MPC,245.8369
2026-06-25,MPC,252.8676
2026-06-26,MPC,253.3662
2026-06-29,MPC,258.5121
2026-06-30,MPC,254.9718
2026-07-01,MPC,264.1467
2026-07-02,MPC,265.6227
2026-07-06,MPC,268.2555
2026-07-07,MPC,265.6027
2026-07-08,MPC,279.9135
2026-07-09,MPC,282.5264
2026-07-10,MPC,282.9652
2026-07-13,MPC,296.0693
2026-07-14,MPC,302.5715
2026-07-15,MPC,298.363
2026-07-16,MPC,305.0148
2026-07-17,MPC,311.7464
2026-07-20,MPC,314.449
2026-07-21,MPC,318.8868
2026-07-22,MPC,314.9576
2026-07-23,MPC,311.4173
2026-07-24,MPC,308.3956
2026-07-27,MPC,311.4971
2026-07-28,MPC,305.2143
2026-07-29,MPC,307.877
2026-07-30,MPC,313.2224
2026-07-31,MPC,315.6058
2026-08-03,MPC,306.1916
2026-08-04,MPC,311.7563
2026-08-05,MPC,296.937
2026-08-06,MPC,298.4329
2026-08-07,MPC,297.3857
2026-08-10,MPC,319.4453
2026-08-11,MPC,335.5014
2026-08-12,MPC,347.299
2026-08-13,MPC,355.3969
2026-08-14,MPC,354.4495
2026-08-17,MPC,357.2019
2026-08-18,MPC,365.21
2026-08-19,MPC,360.75
2026-08-20,MPC,358.23
2026-08-21,MPC,360.72
2026-08-24,MPC,362.52
2026-08-25,MPC,354.88
2026-08-26,MPC,362.27
2026-08-27,MPC,363.54
2026-08-28,MPC,368.83
2026-08-31,MPC,373.32
2026-09-01,MPC,383.0
2026-09-02,MPC,387.0
2026-09-03,MPC,387.71
2026-09-04,MPC,388.9
2026-09-08,MPC,397.77
2026-09-09,MPC,399.44
2026-09-10,MPC,392.42
2026-09-11,MPC,395.93
2026-09-14,MPC,396.45
2026-09-15,MPC,410.84
2026-09-16,MPC,413.92
2026-09-17,MPC,421.96
2026-09-18,MPC,424.89
2026-09-21,MPC,402.38
2026-09-22,MPC,389.68
2026-09-23,MPC,388.38
2026-09-24,MPC,390.95
2026-09-25,MPC,393.52
2026-09-28,MPC,389.44
2026-09-29,MPC,392.03
2026-09-30,MPC,395.42
2026-10-01,MPC,420.15
2026-10-02,MPC,422.33
2025-10-03,MRK,86.6457
2025-10-06,MRK,86.2669
2025-10-07,MRK,85.1108
2025-10-08,MRK,83.9353
2025-10-09,MRK,85.0039
2025-10-10,MRK,83.537
2025-10-13,MRK,83.2553
2025-10-14,MRK,82.2838
2025-10-15,MRK,81.7107
2025-10-16,MRK,81.5261
2025-10-17,MRK,82.3713
2025-10-20,MRK,83.8576
2025-10-21,MRK,85.1205
2025-10-22,MRK,85.1108
2025-10-23,MRK,84.6931
2025-10-24,MRK,84.9942
2025-10-27,MRK,85.4897
2025-10-28,MRK,84.5474
2025-10-29,MRK,84.1102
2025-10-30,MRK,83.8188
2025-10-31,MRK,83.5273
2025-11-03,MRK,80.1369
2025-11-04,MRK,81.4678
2025-11-05,MRK,81.9827
2025-11-06,MRK,83.333
2025-11-07,MRK,83.8188
2025-11-10,MRK,84.2753
2025-11-11,MRK,88.3555
2025-11-12,MRK,88.8413
2025-11-13,MRK,90.2791
2025-11-14,MRK,90.2693
2025-11-17,MRK,90.2111
2025-11-18,MRK,93.6792
2025-11-19,MRK,92.3386
2025-11-20,MRK,92.2609
2025-11-21,MRK,94.9713
2025-11-24,MRK,97.536
2025-11-25,MRK,102.6459
2025-11-26,MRK,101.6453
2025-11-28,MRK,101.8396
2025-12-01,MRK,98.9252
2025-12-02,MRK,98.148
2025-12-03,MRK,99.3526
2025-12-04,MRK,98.012
2025-12-05,MRK,96.8754
2025-12-08,MRK,96.1079
2025-12-09,MRK,94.1261
2025-12-10,MRK,94.8353
2025-12-11,MRK,96.1856
2025-12-12,MRK,97.4388
2025-12-15,MRK,98.2324
2025-12-16,MRK,96.2827
2025-12-17,MRK,97.1743
2025-12-18,MRK,98.6537
2025-12-19,MRK,99.0457
2025-12-22,MRK,102.6022
2025-12-23,MRK,102.9158
2025-12-24,MRK,104.2972
2025-12-26,MRK,104.6206
2025-12-29,MRK,104.4638
2025-12-30,MRK,103.9151
2025-12-31,MRK,103.1313
2026-01-02,MRK,104.2972
2026-01-05,MRK,105.2672
2026-01-06,MRK,106.6683
2026-01-07,MRK,106.4038
2026-01-08,MRK,108.7454
2026-01-09,MRK,108.2947
2026-01-12,MRK,106.9818
2026-01-13,MRK,106.0706
2026-01-14,MRK,108.765
2026-01-15,MRK,108.7258
2026-01-16,MRK,106.6291
2026-01-20,MRK,107.2366
2026-01-21,MRK,108.863
2026-01-22,MRK,106.972
2026-01-23,MRK,105.9923
2026-01-26,MRK,105.228
2026-01-27,MRK,105.7375
2026-01-28,MRK,104.7382
2026-01-29,MRK,106.149
2026-01-30,MRK,108.04
2026-02-02,MRK,111.0773
2026-02-03,MRK,113.4974
2026-02-04,MRK,115.937
2026-02-05,MRK,117.3283
2026-02-06,MRK,119.4642
2026-02-09,MRK,115.2708
2026-02-10,MRK,114.7809
2026-02-11,MRK,116.8972
2026-02-12,MRK,116.8286
2026-02-13,MRK,118.9547
2026-02-17,MRK,119.1115
2026-02-18,MRK,119.1997
2026-02-19,MRK,119.3956
2026-02-20,MRK,119.7875
2026-02-23,MRK,121.316
2026-02-24,MRK,121.4238
2026-02-25,MRK,119.9835
2026-02-26,MRK,116.8874
2026-02-27,MRK,121.316
2026-03-02,MRK,118.9547
2026-03-03,MRK,117.4067
2026-03-04,MRK,117.8476
2026-03-05,MRK,113.7227
2026-03-06,MRK,113.4484
2026-03-09,MRK,114.7417
2026-03-10,MRK,114.7221
2026-03-11,MRK,113.8599
2026-03-12,MRK,113.5659
2026-03-13,MRK,113.272
2026-03-16,MRK,113.9333
2026-03-17,MRK,114.3676
2026-03-18,MRK,113.0154
2026-03-19,MRK,112.7193
2026-03-20,MRK,112.6995
2026-03-23,MRK,114.1801
2026-03-24,MRK,114.8611
2026-03-25,MRK,117.8222
2026-03-26,MRK,117.3879
2026-03-27,MRK,118.0789
2026-03-30,MRK,116.5687
2026-03-31,MRK,118.7303
2026-04-01,MRK,119.2732
2026-04-02,MRK,119.3028
2026-04-06,MRK,119.283
2026-04-07,MRK,117.7334
2026-04-08,MRK,121.5828
2026-04-09,MRK,121.0893
2026-04-10,MRK,119.8457
2026-04-13,MRK,118.5921
2026-04-14,MRK,118.4046
2026-04-15,MRK,116.3713
2026-04-16,MRK,113.9629
2026-04-17,MRK,117.5261
2026-04-20,MRK,115.5817
2026-04-21,MRK,111.1005
2026-04-22,MRK,111.4263
2026-04-23,MRK,113.1338
2026-04-24,MRK,110.4491
2026-04-27,MRK,108.8008
2026-04-28,MRK,108.6033
2026-04-29,MRK,109.5114
2026-04-30,MRK,107.7644
2026-05-01,MRK,110.7057
2026-05-04,MRK,111.6434
2026-05-05,MRK,111.6829
2026-05-06,MRK,112.0876
2026-05-07,MRK,110.8439
2026-05-08,MRK,109.9358
2026-05-11,MRK,109.8371
2026-05-12,MRK,110.913
2026-05-13,MRK,111.979
2026-05-14,MRK,111.9395
2026-05-15,MRK,109.9358
2026-05-18,MRK,111.1005
2026-05-19,MRK,112.7588
2026-05-20,MRK,111.5348
2026-05-21,MRK,114.3775
2026-05-22,MRK,120.8228
2026-05-26,MRK,118.1677
2026-05-27,MRK,118.681
2026-05-28,MRK,118.3355
2026-05-29,MRK,117.1807
2026-06-01,MRK,113.6767
2026-06-02,MRK,114.1505
2026-06-03,MRK,113.2128
2026-06-04,MRK,118.7007
2026-06-05,MRK,119.2238
2026-06-08,MRK,117.9703
2026-06-09,MRK,118.0493
2026-06-10,MRK,117.5459
2026-06-11,MRK,119.1942
2026-06-12,MRK,117.5064
2026-06-15,MRK,114.2258
2026-06-16,MRK,114.4942
2026-06-17,MRK,114.7626
2026-06-18,MRK,113.2018
2026-06-22,MRK,114.8024
2026-06-23,MRK,118.8982
2026-06-24,MRK,119.8923
2026-06-25,MRK,124.7138
2026-06-26,MRK,127.905
2026-06-29,MRK,128.6208
2026-06-30,MRK,127.7459
2026-07-01,MRK,124.6343
2026-07-02,MRK,128.7997
2026-07-06,MRK,126.036
2026-07-07,MRK,128.1038
2026-07-08,MRK,125.2507
2026-07-09,MRK,124.3361
2026-07-10,MRK,122.815
2026-07-13,MRK,123.3022
2026-07-14,MRK,120.0712
2026-07-15,MRK,122.8846
2026-07-16,MRK,126.8811
2026-07-17,MRK,126.7518
2026-07-20,MRK,123.67
2026-07-21,MRK,125.5191
2026-07-22,MRK,126.722
2026-07-23,MRK,129.7143
2026-07-24,MRK,130.3009
2026-07-27,MRK,129.9927
2026-07-28,MRK,131.0465
2026-07-29,MRK,129.595
2026-07-30,MRK,129.0284
2026-07-31,MRK,129.436
2026-08-03,MRK,127.0202
2026-08-04,MRK,127.2489
2026-08-05,MRK,127.5769
2026-08-06,MRK,127.6167
2026-08-07,MRK,127.8255
2026-08-10,MRK,130.1517
2026-08-11,MRK,129.6547
2026-08-12,MRK,132.14
2026-08-13,MRK,134.7546
2026-08-14,MRK,135.0429
2026-08-17,MRK,135.1721
2026-08-18,MRK,134.3768
2026-08-19,MRK,151.3069
2026-08-20,MRK,148.1157
2026-08-21,MRK,151.6548
2026-08-24,MRK,149.7759
2026-08-25,MRK,155.5319
2026-08-26,MRK,152.2016
2026-08-27,MRK,148.6625
2026-08-28,MRK,147.4795
2026-08-31,MRK,146.8929
2026-09-01,MRK,148.9806
2026-09-02,MRK,150.7502
2026-09-03,MRK,151.446
2026-09-04,MRK,149.4478
2026-09-08,MRK,147.5888
2026-09-09,MRK,146.6643
2026-09-10,MRK,143.8608
2026-09-11,MRK,143.0854
2026-09-14,MRK,144.0
2026-09-15,MRK,143.79
2026-09-16,MRK,144.91
2026-09-17,MRK,147.15
2026-09-18,MRK,146.87
2026-09-21,MRK,149.5
2026-09-22,MRK,150.91
2026-09-23,MRK,148.08
2026-09-24,MRK,147.98
2026-09-25,MRK,148.78
2026-09-28,MRK,148.69
2026-09-29,MRK,149.28
2026-09-30,MRK,145.31
2026-10-01,MRK,143.81
2026-10-02,MRK,144.3
2025-10-03,MS,154.0967
2025-10-06,MS,154.5856
2025-10-07,MS,152.5126
2025-10-08,MS,152.1997
2025-10-09,MS,152.806
2025-10-10,MS,148.4937
2025-10-13,MS,151.6912
2025-10-14,MS,151.8966
2025-10-15,MS,159.0446
2025-10-16,MS,156.4729
2025-10-17,MS,155.1528
2025-10-20,MS,158.3796
2025-10-21,MS,155.7004
2025-10-22,MS,154.615
2025-10-23,MS,155.7786
2025-10-24,MS,160.2277
2025-10-27,MS,162.3399
2025-10-28,MS,161.5478
2025-10-29,MS,160.394
2025-10-30,MS,161.5967
2025-10-31,MS,161.3409
2025-11-03,MS,160.9966
2025-11-04,MS,161.3508
2025-11-05,MS,162.5018
2025-11-06,MS,160.7703
2025-11-07,MS,159.7275
2025-11-10,MS,162.3739
2025-11-11,MS,163.8004
2025-11-12,MS,167.1649
2025-11-13,MS,162.9248
2025-11-14,MS,161.2032
2025-11-17,MS,156.8647
2025-11-18,MS,157.2385
2025-11-19,MS,159.6586
2025-11-20,MS,156.1268
2025-11-21,MS,155.6054
2025-11-24,MS,160.1899
2025-11-25,MS,162.7477
2025-11-26,MS,165.217
2025-11-28,MS,166.9091
2025-12-01,MS,165.7384
2025-12-02,MS,166.3484
2025-12-03,MS,170.9033
2025-12-04,MS,172.0544
2025-12-05,MS,173.6481
2025-12-08,MS,173.9629
2025-12-09,MS,175.9305
2025-12-10,MS,176.7962
2025-12-11,MS,177.3668
2025-12-12,MS,175.5173
2025-12-15,MS,174.9073
2025-12-16,MS,173.6481
2025-12-17,MS,171.9658
2025-12-18,MS,170.1557
2025-12-19,MS,174.1105
2025-12-22,MS,176.8454
2025-12-23,MS,176.5896
2025-12-24,MS,178.7047
2025-12-26,MS,178.9212
2025-12-29,MS,177.0225
2025-12-30,MS,176.1764
2025-12-31,MS,174.6515
2026-01-02,MS,178.9507
2026-01-05,MS,183.5154
2026-01-06,MS,184.7058
2026-01-07,MS,181.7938
2026-01-08,MS,181.6856
2026-01-09,MS,183.299
2026-01-12,MS,183.545
2026-01-13,MS,179.7967
2026-01-14,MS,177.8488
2026-01-15,MS,188.1294
2026-01-16,MS,186.0241
2026-01-20,MS,179.1474
2026-01-21,MS,180.3477
2026-01-22,MS,180.082
2026-01-23,MS,176.0977
2026-01-26,MS,178.931
2026-01-27,MS,179.6984
2026-01-28,MS,179.3836
2026-01-29,MS,179.4426
2026-01-30,MS,180.8275
2026-02-02,MS,183.1027
2026-02-03,MS,180.9363
2026-02-04,MS,178.1368
2026-02-05,MS,173.9426
2026-02-06,MS,178.0181
2026-02-09,MS,180.3823
2026-02-10,MS,175.9705
2026-02-11,MS,174.7735
2026-02-12,MS,166.2465
2026-02-13,MS,169.3032
2026-02-17,MS,169.689
2026-02-18,MS,174.6845
2026-02-19,MS,172.4884
2026-02-20,MS,173.5172
2026-02-23,MS,165.0001
2026-02-24,MS,166.9686
2026-02-25,MS,171.8553
2026-02-26,MS,175.5748
2026-02-27,MS,164.7132
2026-03-02,MS,165.198
2026-03-03,MS,164.1593
2026-03-04,MS,165.7717
2026-03-05,MS,160.796
2026-03-06,MS,158.5406
2026-03-09,MS,158.7186
2026-03-10,MS,159.0154
2026-03-11,MS,159.1539
2026-03-12,MS,152.7042
2026-03-13,MS,153.1989
2026-03-16,MS,154.0199
2026-03-17,MS,156.1269
2026-03-18,MS,157.215
2026-03-19,MS,156.8392
2026-03-20,MS,159.7276
2026-03-23,MS,162.5469
2026-03-24,MS,164.0801
2026-03-25,MS,163.8625
2026-03-26,MS,161.4686
2026-03-27,MS,156.6809
2026-03-30,MS,156.6611
2026-03-31,MS,162.7942
2026-04-01,MS,164.3769
2026-04-02,MS,164.0208
2026-04-06,MS,164.7528
2026-04-07,MS,166.6125
2026-04-08,MS,174.1206
2026-04-09,MS,176.2375
2026-04-10,MS,175.7231
2026-04-13,MS,179.1854
2026-04-14,MS,181.3616
2026-04-15,MS,189.5523
2026-04-16,MS,185.2987
2026-04-17,MS,186.7825
2026-04-20,MS,188.6422
2026-04-21,MS,187.2672
2026-04-22,MS,188.9884
2026-04-23,MS,186.6143
2026-04-24,MS,186.0406
2026-04-27,MS,188.1278
2026-04-28,MS,188.3059
2026-04-29,MS,185.0613
2026-04-30,MS,189.5466
2026-05-01,MS,189.1289
2026-05-04,MS,186.9807
2026-05-05,MS,188.2139
2026-05-06,MS,192.2915
2026-05-07,MS,189.1289
2026-05-08,MS,192.0329
2026-05-11,MS,190.0538
2026-05-12,MS,190.8295
2026-05-13,MS,192.7689
2026-05-14,MS,193.465
2026-05-15,MS,191.4561
2026-05-18,MS,191.6351
2026-05-19,MS,188.5421
2026-05-20,MS,196.6873
2026-05-21,MS,199.4123
2026-05-22,MS,199.9294
2026-05-26,MS,200.6554
2026-05-27,MS,200.5063
2026-05-28,MS,202.6743
2026-05-29,MS,206.8613
2026-06-01,MS,209.8548
2026-06-02,MS,213.8031
2026-06-03,MS,208.9896
2026-06-04,MS,217.0751
2026-06-05,MS,210.7698
2026-06-08,MS,211.0781
2026-06-09,MS,209.099
2026-06-10,MS,205.5286
2026-06-11,MS,211.4958
2026-06-12,MS,212.8682
2026-06-15,MS,216.7866
2026-06-16,MS,219.621
2026-06-17,MS,223.7284
2026-06-18,MS,221.9482
2026-06-22,MS,225.8468
2026-06-23,MS,224.7926
2026-06-24,MS,218.6563
2026-06-25,MS,219.8299
2026-06-26,MS,210.8692
2026-06-29,MS,210.5609
2026-06-30,MS,207.8956
2026-07-01,MS,210.7001
2026-07-02,MS,212.7588
2026-07-06,MS,220.8841
2026-07-07,MS,220.8244
2026-07-08,MS,216.8762
2026-07-09,MS,220.9139
2026-07-10,MS,221.0631
2026-07-13,MS,219.8796
2026-07-14,MS,226.4236
2026-07-15,MS,227.2988
2026-07-16,MS,217.1745
2026-07-17,MS,214.3202
2026-07-20,MS,209.7852
2026-07-21,MS,215.2153
2026-07-22,MS,217.3038
2026-07-23,MS,214.002
2026-07-24,MS,213.3058
2026-07-27,MS,213.3854
2026-07-28,MS,210.4217
2026-07-29,MS,202.0179
2026-07-30,MS,208.91
2026-07-31,MS,210.42
2026-08-03,MS,211.23
2026-08-04,MS,217.04
2026-08-05,MS,218.27
2026-08-06,MS,213.75
2026-08-07,MS,216.33
2026-08-10,MS,215.33
2026-08-11,MS,215.07
2026-08-12,MS,217.64
2026-08-13,MS,218.38
2026-08-14,MS,217.36
2026-08-17,MS,218.21
2026-08-18,MS,217.55
2026-08-19,MS,214.23
2026-08-20,MS,207.45
2026-08-21,MS,214.2
2026-08-24,MS,214.08
2026-08-25,MS,216.77
2026-08-26,MS,214.08
2026-08-27,MS,214.86
2026-08-28,MS,214.77
2026-08-31,MS,213.32
2026-09-01,MS,211.04
2026-09-02,MS,211.82
2026-09-03,MS,217.15
2026-09-04,MS,217.72
2026-09-08,MS,216.24
2026-09-09,MS,215.35
2026-09-10,MS,212.66
2026-09-11,MS,214.38
2026-09-14,MS,206.58
2026-09-15,MS,206.28
2026-09-16,MS,202.42
2026-09-17,MS,203.52
2026-09-18,MS,202.58
2026-09-21,MS,206.12
2026-09-22,MS,200.18
2026-09-23,MS,198.39
2026-09-24,MS,196.32
2026-09-25,MS,196.31
2026-09-28,MS,193.64
2026-09-29,MS,192.76
2026-09-30,MS,188.08
2026-10-01,MS,188.01
2026-10-02,MS,190.31
2025-10-03,MSFT,513.1281
2025-10-06,MSFT,524.2566
2025-10-07,MSFT,519.704
2025-10-08,MSFT,520.5669
2025-10-09,MSFT,518.1369
2025-10-10,MSFT,506.7903
2025-10-13,MSFT,509.8551
2025-10-14,MSFT,509.3789
2025-10-15,MSFT,509.2401
2025-10-16,MSFT,507.4349
2025-10-17,MSFT,509.3889
2025-10-20,MSFT,512.5726
2025-10-21,MSFT,513.4356
2025-10-22,MSFT,516.2921
2025-10-23,MSFT,516.312
2025-10-24,MSFT,519.337
2025-10-27,MSFT,527.1826
2025-10-28,MSFT,537.6464
2025-10-29,MSFT,537.1306
2025-10-30,MSFT,521.4695
2025-10-31,MSFT,513.5844
2025-11-03,MSFT,512.8107
2025-11-04,MSFT,510.1328
2025-11-05,MSFT,503.0213
2025-11-06,MSFT,493.0434
2025-11-07,MSFT,492.7657
2025-11-10,MSFT,501.8708
2025-11-11,MSFT,504.5289
2025-11-12,MSFT,506.9688
2025-11-13,MSFT,499.1829
2025-11-14,MSFT,506.0167
2025-11-17,MSFT,503.3486
2025-11-18,MSFT,489.7604
2025-11-19,MSFT,483.1448
2025-11-20,MSFT,475.4139
2025-11-21,MSFT,469.1437
2025-11-24,MSFT,471.0118
2025-11-25,MSFT,473.9829
2025-11-26,MSFT,482.4393
2025-11-28,MSFT,488.9083
2025-12-01,MSFT,483.6715
2025-12-02,MSFT,486.9109
2025-12-03,MSFT,474.7183
2025-12-04,MSFT,477.8087
2025-12-05,MSFT,480.114
2025-12-08,MSFT,487.9245
2025-12-09,MSFT,488.9182
2025-12-10,MSFT,475.5431
2025-12-11,MSFT,480.4221
2025-12-12,MSFT,475.5133
2025-12-15,MSFT,471.8267
2025-12-16,MSFT,473.3867
2025-12-17,MSFT,473.1184
2025-12-18,MSFT,480.9289
2025-12-19,MSFT,482.8567
2025-12-22,MSFT,481.863
2025-12-23,MSFT,483.7808
2025-12-24,MSFT,484.9434
2025-12-26,MSFT,484.6354
2025-12-29,MSFT,484.0292
2025-12-30,MSFT,484.4069
2025-12-31,MSFT,480.5712
2026-01-02,MSFT,469.9585
2026-01-05,MSFT,469.8691
2026-01-06,MSFT,475.4934
2026-01-07,MSFT,480.4221
2026-01-08,MSFT,475.0959
2026-01-09,MSFT,476.2585
2026-01-12,MSFT,474.1718
2026-01-13,MSFT,467.7028
2026-01-14,MSFT,456.484
2026-01-15,MSFT,453.7811
2026-01-16,MSFT,456.961
2026-01-20,MSFT,451.6546
2026-01-21,MSFT,441.3102
2026-01-22,MSFT,448.2959
2026-01-23,MSFT,463.0126
2026-01-26,MSFT,467.3153
2026-01-27,MSFT,477.5503
2026-01-28,MSFT,478.5937
2026-01-29,MSFT,430.7672
2026-01-30,MSFT,427.5774
2026-02-02,MSFT,420.701
2026-02-03,MSFT,408.6176
2026-02-04,MSFT,411.5789
2026-02-05,MSFT,391.1883
2026-02-06,MSFT,398.6111
2026-02-09,MSFT,410.9926
2026-02-10,MSFT,410.6646
2026-02-11,MSFT,401.8208
2026-02-12,MSFT,399.3067
2026-02-13,MSFT,398.79
2026-02-17,MSFT,394.3581
2026-02-18,MSFT,397.0808
2026-02-19,MSFT,396.8518
2026-02-20,MSFT,395.6267
2026-02-23,MSFT,382.9182
2026-02-24,MSFT,387.4299
2026-02-25,MSFT,398.9831
2026-02-26,MSFT,400.0986
2026-02-27,MSFT,391.1548
2026-03-02,MSFT,396.9414
2026-03-03,MSFT,402.2997
2026-03-04,MSFT,403.5646
2026-03-05,MSFT,409.0224
2026-03-06,MSFT,407.3094
2026-03-09,MSFT,407.7576
2026-03-10,MSFT,404.1223
2026-03-11,MSFT,403.2458
2026-03-12,MSFT,400.238
2026-03-13,MSFT,393.9535
2026-03-16,MSFT,398.3358
2026-03-17,MSFT,397.7979
2026-03-18,MSFT,390.2087
2026-03-19,MSFT,387.4499
2026-03-20,MSFT,380.3287
2026-03-23,MSFT,381.4542
2026-03-24,MSFT,371.2356
2026-03-25,MSFT,369.5424
2026-03-26,MSFT,364.4929
2026-03-27,MSFT,355.33
2026-03-30,MSFT,357.5112
2026-03-31,MSFT,368.676
2026-04-01,MSFT,367.8792
2026-04-02,MSFT,371.9527
2026-04-06,MSFT,371.375
2026-04-07,MSFT,370.7874
2026-04-08,MSFT,372.8191
2026-04-09,MSFT,371.5642
2026-04-10,MSFT,369.3731
2026-04-13,MSFT,382.8186
2026-04-14,MSFT,391.5233
2026-04-15,MSFT,409.5603
2026-04-16,MSFT,418.5638
2026-04-17,MSFT,421.0836
2026-04-20,MSFT,416.3826
2026-04-21,MSFT,422.448
2026-04-22,MSFT,431.1727
2026-04-23,MSFT,414.072
2026-04-24,MSFT,422.9062
2026-04-27,MSFT,423.1054
2026-04-28,MSFT,427.5175
2026-04-29,MSFT,422.7468
2026-04-30,MSFT,406.1342
2026-05-01,MSFT,412.7673
2026-05-04,MSFT,411.9506
2026-05-05,MSFT,409.7196
2026-05-06,MSFT,412.2892
2026-05-07,MSFT,419.0717
2026-05-08,MSFT,413.4445
2026-05-11,MSFT,410.9944
2026-05-12,MSFT,406.1242
2026-05-13,MSFT,403.5745
2026-05-14,MSFT,407.7775
2026-05-15,MSFT,420.2171
2026-05-18,MSFT,421.8306
2026-05-19,MSFT,415.7353
2026-05-20,MSFT,419.3605
2026-05-21,MSFT,418.3025
2026-05-22,MSFT,417.7835
2026-05-26,MSFT,415.2483
2026-05-27,MSFT,411.8946
2026-05-28,MSFT,426.1877
2026-05-29,MSFT,449.394
2026-06-01,MSFT,459.6547
2026-06-02,MSFT,440.4808
2026-06-03,MSFT,426.537
2026-06-04,MSFT,427.2457
2026-06-05,MSFT,415.8871
2026-06-08,MSFT,410.9663
2026-06-09,MSFT,402.652
2026-06-10,MSFT,396.6133
2026-06-11,MSFT,389.6066
2026-06-12,MSFT,390.0058
2026-06-15,MSFT,399.0089
2026-06-16,MSFT,393.09
2026-06-17,MSFT,378.198
2026-06-18,MSFT,378.6871
2026-06-22,MSFT,366.6498
2026-06-23,MSFT,373.2374
2026-06-24,MSFT,364.7733
2026-06-25,MSFT,352.167
2026-06-26,MSFT,372.2692
2026-06-29,MSFT,367.8775
2026-06-30,MSFT,372.3191
2026-07-01,MSFT,383.558
2026-07-02,MSFT,389.7563
2026-07-06,MSFT,386.0133
2026-07-07,MSFT,388.1094
2026-07-08,MSFT,382.6197
2026-07-09,MSFT,383.6378
2026-07-10,MSFT,384.3764
2026-07-13,MSFT,390.2553
2026-07-14,MSFT,384.2067
2026-07-15,MSFT,394.8866
2026-07-16,MSFT,400.3463
2026-07-17,MSFT,393.08
2026-07-20,MSFT,401.5341
2026-07-21,MSFT,397.0026
2026-07-22,MSFT,389.6066
2026-07-23,MSFT,380.863
2026-07-24,MSFT,380.9828
2026-07-27,MSFT,388.3689
2026-07-28,MSFT,392.6109
2026-07-29,MSFT,389.8062
2026-07-30,MSFT,450.2524
2026-07-31,MSFT,463.8468
2026-08-03,MSFT,486.7337
2026-08-04,MSFT,491.884
2026-08-05,MSFT,486.5441
2026-08-06,MSFT,498.9207
2026-08-07,MSFT,499.0505
2026-08-10,MSFT,505.1091
2026-08-11,MSFT,502.8633
2026-08-12,MSFT,491.5047
2026-08-13,MSFT,495.9464
2026-08-14,MSFT,494.4691
2026-08-17,MSFT,479.4474
2026-08-18,MSFT,480.725
2026-08-19,MSFT,483.4
2026-08-20,MSFT,481.15
2026-08-21,MSFT,483.24
2026-08-24,MSFT,487.31
2026-08-25,MSFT,491.71
2026-08-26,MSFT,496.37
2026-08-27,MSFT,505.06
2026-08-28,MSFT,513.53
2026-08-31,MSFT,507.29
2026-09-01,MSFT,501.02
2026-09-02,MSFT,496.82
2026-09-03,MSFT,510.12
2026-09-04,MSFT,499.7
2026-09-08,MSFT,493.95
2026-09-09,MSFT,491.65
2026-09-10,MSFT,492.44
2026-09-11,MSFT,495.63
2026-09-14,MSFT,505.41
2026-09-15,MSFT,497.12
2026-09-16,MSFT,490.3
2026-09-17,MSFT,497.75
2026-09-18,MSFT,493.78
2026-09-21,MSFT,501.61
2026-09-22,MSFT,498.0
2026-09-23,MSFT,500.59
2026-09-24,MSFT,497.93
2026-09-25,MSFT,516.17
2026-09-28,MSFT,509.22
2026-09-29,MSFT,508.96
2026-09-30,MSFT,512.9
2026-10-01,MSFT,512.8
2026-10-02,MSFT,517.53
2025-10-03,NIO,7.7
2025-10-06,NIO,7.59
2025-10-07,NIO,7.5
2025-10-08,NIO,7.85
2025-10-09,NIO,7.46
2025-10-10,NIO,6.71
2025-10-13,NIO,7.18
2025-10-14,NIO,6.8
2025-10-15,NIO,6.82
2025-10-16,NIO,6.83
2025-10-17,NIO,6.75
2025-10-20,NIO,7.06
2025-10-21,NIO,6.8
2025-10-22,NIO,6.84
2025-10-23,NIO,6.89
2025-10-24,NIO,6.9
2025-10-27,NIO,7.04
2025-10-28,NIO,7.09
2025-10-29,NIO,7.14
2025-10-30,NIO,7.01
2025-10-31,NIO,7.25
2025-11-03,NIO,7.42
2025-11-04,NIO,7.16
2025-11-05,NIO,7.29
2025-11-06,NIO,7.16
2025-11-07,NIO,6.86
2025-11-10,NIO,6.71
2025-11-11,NIO,6.63
2025-11-12,NIO,6.45
2025-11-13,NIO,6.24
2025-11-14,NIO,6.16
2025-11-17,NIO,6.08
2025-11-18,NIO,5.98
2025-11-19,NIO,5.75
2025-11-20,NIO,5.4
2025-11-21,NIO,5.58
2025-11-24,NIO,5.75
2025-11-25,NIO,5.5
2025-11-26,NIO,5.46
2025-11-28,NIO,5.5
2025-12-01,NIO,5.18
2025-12-02,NIO,5.03
2025-12-03,NIO,4.79
2025-12-04,NIO,5.01
2025-12-05,NIO,5.04
2025-12-08,NIO,5.1
2025-12-09,NIO,5.03
2025-12-10,NIO,5.03
2025-12-11,NIO,5.13
2025-12-12,NIO,5.03
2025-12-15,NIO,4.99
2025-12-16,NIO,5.03
2025-12-17,NIO,4.86
2025-12-18,NIO,4.93
2025-12-19,NIO,4.99
2025-12-22,NIO,5.0
2025-12-23,NIO,4.89
2025-12-24,NIO,4.91
2025-12-26,NIO,5.1
2025-12-29,NIO,5.34
2025-12-30,NIO,5.5
2025-12-31,NIO,5.1
2026-01-02,NIO,5.14
2026-01-05,NIO,4.86
2026-01-06,NIO,4.78
2026-01-07,NIO,4.79
2026-01-08,NIO,4.73
2026-01-09,NIO,4.64
2026-01-12,NIO,4.85
2026-01-13,NIO,4.68
2026-01-14,NIO,4.56
2026-01-15,NIO,4.64
2026-01-16,NIO,4.71
2026-01-20,NIO,4.56
2026-01-21,NIO,4.67
2026-01-22,NIO,4.77
2026-01-23,NIO,4.64
2026-01-26,NIO,4.61
2026-01-27,NIO,4.64
2026-01-28,NIO,4.59
2026-01-29,NIO,4.77
2026-01-30,NIO,4.7
2026-02-02,NIO,4.52
2026-02-03,NIO,4.55
2026-02-04,NIO,4.44
2026-02-05,NIO,4.7
2026-02-06,NIO,5.04
2026-02-09,NIO,4.89
2026-02-10,NIO,4.96
2026-02-11,NIO,5.07
2026-02-12,NIO,4.95
2026-02-13,NIO,4.95
2026-02-17,NIO,4.92
2026-02-18,NIO,4.91
2026-02-19,NIO,4.93
2026-02-20,NIO,5.07
2026-02-23,NIO,5.29
2026-02-24,NIO,5.3
2026-02-25,NIO,5.19
2026-02-26,NIO,5.09
2026-02-27,NIO,4.87
2026-03-02,NIO,4.72
2026-03-03,NIO,4.59
2026-03-04,NIO,4.84
2026-03-05,NIO,4.72
2026-03-06,NIO,4.78
2026-03-09,NIO,4.94
2026-03-10,NIO,5.7
2026-03-11,NIO,5.47
2026-03-12,NIO,5.55
2026-03-13,NIO,5.86
2026-03-16,NIO,6.03
2026-03-17,NIO,5.96
2026-03-18,NIO,5.82
2026-03-19,NIO,5.89
2026-03-20,NIO,5.43
2026-03-23,NIO,5.82
2026-03-24,NIO,5.73
2026-03-25,NIO,5.78
2026-03-26,NIO,5.56
2026-03-27,NIO,5.31
2026-03-30,NIO,5.51
2026-03-31,NIO,6.03
2026-04-01,NIO,6.2
2026-04-02,NIO,6.3
2026-04-06,NIO,6.24
2026-04-07,NIO,6.14
2026-04-08,NIO,6.38
2026-04-09,NIO,6.07
2026-04-10,NIO,6.5
2026-04-13,NIO,6.47
2026-04-14,NIO,6.58
2026-04-15,NIO,6.43
2026-04-16,NIO,6.87
2026-04-17,NIO,6.83
2026-04-20,NIO,6.66
2026-04-21,NIO,6.43
2026-04-22,NIO,6.48
2026-04-23,NIO,6.28
2026-04-24,NIO,6.21
2026-04-27,NIO,6.23
2026-04-28,NIO,6.36
2026-04-29,NIO,6.39
2026-04-30,NIO,6.39
2026-05-01,NIO,5.91
2026-05-04,NIO,6.07
2026-05-05,NIO,5.9
2026-05-06,NIO,5.9
2026-05-07,NIO,5.87
2026-05-08,NIO,5.85
2026-05-11,NIO,6.07
2026-05-12,NIO,6.08
2026-05-13,NIO,6.54
2026-05-14,NIO,6.25
2026-05-15,NIO,6.1
2026-05-18,NIO,5.88
2026-05-19,NIO,5.74
2026-05-20,NIO,5.59
2026-05-21,NIO,5.6
2026-05-22,NIO,5.2
2026-05-26,NIO,5.26
2026-05-27,NIO,5.75
2026-05-28,NIO,5.55
2026-05-29,NIO,5.6
2026-06-01,NIO,5.98
2026-06-02,NIO,6.01
2026-06-03,NIO,5.75
2026-06-04,NIO,5.69
2026-06-05,NIO,5.36
2026-06-08,NIO,5.45
2026-06-09,NIO,5.28
2026-06-10,NIO,5.18
2026-06-11,NIO,5.23
2026-06-12,NIO,5.21
2026-06-15,NIO,5.2
2026-06-16,NIO,5.01
2026-06-17,NIO,5.05
2026-06-18,NIO,5.02
2026-06-22,NIO,5.05
2026-06-23,NIO,5.09
2026-06-24,NIO,4.9
2026-06-25,NIO,4.73
2026-06-26,NIO,4.86
2026-06-29,NIO,4.95
2026-06-30,NIO,5.06
2026-07-01,NIO,4.97
2026-07-02,NIO,4.79
2026-07-06,NIO,5.02
2026-07-07,NIO,4.88
2026-07-08,NIO,4.9
2026-07-09,NIO,4.78
2026-07-10,NIO,4.78
2026-07-13,NIO,4.93
2026-07-14,NIO,5.01
2026-07-15,NIO,5.03
2026-07-16,NIO,4.99
2026-07-17,NIO,4.88
2026-07-20,NIO,4.81
2026-07-21,NIO,4.79
2026-07-22,NIO,4.67
2026-07-23,NIO,4.64
2026-07-24,NIO,4.49
2026-07-27,NIO,4.62
2026-07-28,NIO,4.68
2026-07-29,NIO,4.76
2026-07-30,NIO,4.84
2026-07-31,NIO,4.88
2026-08-03,NIO,4.81
2026-08-04,NIO,4.76
2026-08-05,NIO,4.65
2026-08-06,NIO,4.6
2026-08-07,NIO,4.74
2026-08-10,NIO,4.82
2026-08-11,NIO,4.62
2026-08-12,NIO,4.54
2026-08-13,NIO,4.5
2026-08-14,NIO,4.52
2026-08-17,NIO,4.6
2026-08-18,NIO,4.53
2026-08-19,NIO,4.58
2026-08-20,NIO,4.53
2026-08-21,NIO,4.63
2026-08-24,NIO,4.36
2026-08-25,NIO,4.45
2026-08-26,NIO,4.37
2026-08-27,NIO,4.36
2026-08-28,NIO,4.37
2026-08-31,NIO,4.23
2026-09-01,NIO,4.06
2026-09-02,NIO,3.86
2026-09-03,NIO,3.86
2026-09-04,NIO,3.8
2026-09-08,NIO,3.79
2026-09-09,NIO,3.7
2026-09-10,NIO,3.58
2026-09-11,NIO,3.69
2026-09-14,NIO,3.67
2026-09-15,NIO,3.6
2026-09-16,NIO,3.58
2026-09-17,NIO,3.62
2026-09-18,NIO,3.66
2026-09-21,NIO,3.67
2026-09-22,NIO,3.72
2026-09-23,NIO,3.67
2026-09-24,NIO,3.63
2026-09-25,NIO,3.58
2026-09-28,NIO,3.59
2026-09-29,NIO,3.4
2026-09-30,NIO,3.43
2026-10-01,NIO,3.4
2026-10-02,NIO,3.37
2025-10-03,NVDA,187.1716
2025-10-06,NVDA,185.0965
2025-10-07,NVDA,184.5977
2025-10-08,NVDA,188.658
2025-10-09,NVDA,192.1098
2025-10-10,NVDA,182.7222
2025-10-13,NVDA,187.8699
2025-10-14,NVDA,179.5997
2025-10-15,NVDA,179.4002
2025-10-16,NVDA,181.3754
2025-10-17,NVDA,182.7821
2025-10-20,NVDA,182.2035
2025-10-21,NVDA,180.727
2025-10-22,NVDA,179.8491
2025-10-23,NVDA,181.7246
2025-10-24,NVDA,185.8148
2025-10-27,NVDA,191.0323
2025-10-28,NVDA,200.5495
2025-10-29,NVDA,206.5451
2025-10-30,NVDA,202.4051
2025-10-31,NVDA,202.006
2025-11-03,NVDA,206.3855
2025-11-04,NVDA,198.2151
2025-11-05,NVDA,194.7434
2025-11-06,NVDA,187.6305
2025-11-07,NVDA,187.7003
2025-11-10,NVDA,198.5743
2025-11-11,NVDA,192.6983
2025-11-12,NVDA,193.3368
2025-11-13,NVDA,186.4134
2025-11-14,NVDA,189.7155
2025-11-17,NVDA,186.154
2025-11-18,NVDA,180.9265
2025-11-19,NVDA,186.0742
2025-11-20,NVDA,180.2083
2025-11-21,NVDA,178.4525
2025-11-24,NVDA,182.1137
2025-11-25,NVDA,177.395
2025-11-26,NVDA,179.8292
2025-11-28,NVDA,176.577
2025-12-01,NVDA,179.49
2025-12-02,NVDA,181.0263
2025-12-03,NVDA,179.1608
2025-12-04,NVDA,182.9519
2025-12-05,NVDA,181.9841
2025-12-08,NVDA,185.1168
2025-12-09,NVDA,184.5382
2025-12-10,NVDA,183.351
2025-12-11,NVDA,180.5076
2025-12-12,NVDA,174.6114
2025-12-15,NVDA,175.8784
2025-12-16,NVDA,177.3051
2025-12-17,NVDA,170.5409
2025-12-18,NVDA,173.7335
2025-12-19,NVDA,180.5675
2025-12-22,NVDA,183.2612
2025-12-23,NVDA,188.7683
2025-12-24,NVDA,188.1697
2025-12-26,NVDA,190.0852
2025-12-29,NVDA,187.7806
2025-12-30,NVDA,187.1022
2025-12-31,NVDA,186.0646
2026-01-02,NVDA,188.4091
2026-01-05,NVDA,187.6808
2026-01-06,NVDA,186.8029
2026-01-07,NVDA,188.6685
2026-01-08,NVDA,184.608
2026-01-09,NVDA,184.4284
2026-01-12,NVDA,184.5083
2026-01-13,NVDA,185.3762
2026-01-14,NVDA,182.7124
2026-01-15,NVDA,186.6133
2026-01-16,NVDA,185.7952
2026-01-20,NVDA,177.6543
2026-01-21,NVDA,182.892
2026-01-22,NVDA,184.4085
2026-01-23,NVDA,187.2319
2026-01-26,NVDA,186.0347
2026-01-27,NVDA,188.0799
2026-01-28,NVDA,191.0729
2026-01-29,NVDA,192.0606
2026-01-30,NVDA,190.6838
2026-02-02,NVDA,185.1767
2026-02-03,NVDA,179.919
2026-02-04,NVDA,173.7834
2026-02-05,NVDA,171.4787
2026-02-06,NVDA,184.9772
2026-02-09,NVDA,189.5963
2026-02-10,NVDA,188.0998
2026-02-11,NVDA,189.6063
2026-02-12,NVDA,186.5036
2026-02-13,NVDA,182.3832
2026-02-17,NVDA,184.5382
2026-02-18,NVDA,187.5411
2026-02-19,NVDA,187.4613
2026-02-20,NVDA,189.3769
2026-02-23,NVDA,191.1028
2026-02-24,NVDA,192.3998
2026-02-25,NVDA,195.1035
2026-02-26,NVDA,184.4584
2026-02-27,NVDA,176.7764
2026-03-02,NVDA,182.054
2026-03-03,NVDA,179.6297
2026-03-04,NVDA,182.6127
2026-03-05,NVDA,182.912
2026-03-06,NVDA,177.4049
2026-03-09,NVDA,182.2236
2026-03-10,NVDA,184.3387
2026-03-11,NVDA,185.6057
2026-03-12,NVDA,182.7223
2026-03-13,NVDA,179.8389
2026-03-16,NVDA,182.8022
2026-03-17,NVDA,181.5151
2026-03-18,NVDA,179.9886
2026-03-19,NVDA,178.1528
2026-03-20,NVDA,172.3062
2026-03-23,NVDA,175.2394
2026-03-24,NVDA,174.8004
2026-03-25,NVDA,178.2725
2026-03-26,NVDA,170.8495
2026-03-27,NVDA,167.138
2026-03-30,NVDA,164.7933
2026-03-31,NVDA,174.0023
2026-04-01,NVDA,175.3492
2026-04-02,NVDA,176.9855
2026-04-06,NVDA,177.2349
2026-04-07,NVDA,177.6938
2026-04-08,NVDA,181.6648
2026-04-09,NVDA,183.4906
2026-04-10,NVDA,188.1998
2026-04-13,NVDA,188.8783
2026-04-14,NVDA,196.0618
2026-04-15,NVDA,198.4165
2026-04-16,NVDA,197.8977
2026-04-17,NVDA,201.22
2026-04-20,NVDA,201.5992
2026-04-21,NVDA,199.4242
2026-04-22,NVDA,202.0382
2026-04-23,NVDA,199.1847
2026-04-24,NVDA,207.795
2026-04-27,NVDA,216.116
2026-04-28,NVDA,212.6839
2026-04-29,NVDA,208.7728
2026-04-30,NVDA,199.1149
2026-05-01,NVDA,197.9974
2026-05-04,NVDA,198.0273
2026-05-05,NVDA,196.0519
2026-05-06,NVDA,207.356
2026-05-07,NVDA,211.0177
2026-05-08,NVDA,214.7092
2026-05-11,NVDA,218.9396
2026-05-12,NVDA,220.2765
2026-05-13,NVDA,225.315
2026-05-14,NVDA,235.2024
2026-05-15,NVDA,224.8062
2026-05-18,NVDA,221.813
2026-05-19,NVDA,220.1069
2026-05-20,NVDA,222.9604
2026-05-21,NVDA,219.0094
2026-05-22,NVDA,214.8389
2026-05-26,NVDA,214.37
2026-05-27,NVDA,212.1152
2026-05-28,NVDA,213.7614
2026-05-29,NVDA,210.6585
2026-06-01,NVDA,223.8483
2026-06-02,NVDA,222.3118
2026-06-03,NVDA,214.2603
2026-06-04,NVDA,218.4156
2026-06-05,NVDA,204.8708
2026-06-08,NVDA,208.4068
2026-06-09,NVDA,207.9573
2026-06-10,NVDA,200.196
2026-06-11,NVDA,204.641
2026-06-12,NVDA,204.9607
2026-06-15,NVDA,212.2125
2026-06-16,NVDA,207.1782
2026-06-17,NVDA,204.4212
2026-06-18,NVDA,210.4545
2026-06-22,NVDA,208.4168
2026-06-23,NVDA,199.8164
2026-06-24,NVDA,198.7776
2026-06-25,NVDA,195.5212
2026-06-26,NVDA,192.3148
2026-06-29,NVDA,194.7521
2026-06-30,NVDA,199.8663
2026-07-01,NVDA,197.3592
2026-07-02,NVDA,194.6122
2026-07-06,NVDA,195.3314
2026-07-07,NVDA,196.7099
2026-07-08,NVDA,203.8918
2026-07-09,NVDA,202.5533
2026-07-10,NVDA,210.7242
2026-07-13,NVDA,203.3025
2026-07-14,NVDA,211.5633
2026-07-15,NVDA,212.2625
2026-07-16,NVDA,207.1682
2026-07-17,NVDA,202.5833
2026-07-20,NVDA,203.0528
2026-07-21,NVDA,207.0583
2026-07-22,NVDA,211.823
2026-07-23,NVDA,208.5267
2026-07-24,NVDA,206.6088
2026-07-27,NVDA,196.2904
2026-07-28,NVDA,196.7898
2026-07-29,NVDA,189.7976
2026-07-30,NVDA,194.822
2026-07-31,NVDA,200.5256
2026-08-03,NVDA,206.409
2026-08-04,NVDA,211.7031
2026-08-05,NVDA,218.975
2026-08-06,NVDA,218.7452
2026-08-07,NVDA,223.7097
2026-08-10,NVDA,217.3068
2026-08-11,NVDA,217.2569
2026-08-12,NVDA,223.8395
2026-08-13,NVDA,225.0482
2026-08-14,NVDA,224.9083
2026-08-17,NVDA,224.7585
2026-08-18,NVDA,219.4944
2026-08-19,NVDA,217.3168
2026-08-20,NVDA,216.6076
2026-08-21,NVDA,214.48
2026-08-24,NVDA,208.247
2026-08-25,NVDA,212.8119
2026-08-26,NVDA,209.4257
2026-08-27,NVDA,227.7252
2026-08-28,NVDA,217.3068
2026-08-31,NVDA,220.5332
2026-09-01,NVDA,217.197
2026-09-02,NVDA,224.1592
2026-09-03,NVDA,228.1947
2026-09-04,NVDA,230.1025
2026-09-08,NVDA,225.4777
2026-09-09,NVDA,223.42
2026-09-10,NVDA,218.36
2026-09-11,NVDA,218.29
2026-09-14,NVDA,210.96
2026-09-15,NVDA,212.17
2026-09-16,NVDA,213.9
2026-09-17,NVDA,219.34
2026-09-18,NVDA,222.27
2026-09-21,NVDA,227.38
2026-09-22,NVDA,228.87
2026-09-23,NVDA,225.51
2026-09-24,NVDA,224.58
2026-09-25,NVDA,225.07
2026-09-28,NVDA,228.86
2026-09-29,NVDA,227.21
2026-09-30,NVDA,228.38
2026-10-01,NVDA,230.86
2026-10-02,NVDA,233.95
2025-10-03,ORCL,282.9154
2025-10-06,ORCL,288.304
2025-10-07,ORCL,281.0368
2025-10-08,ORCL,285.3773
2025-10-09,ORCL,294.123
2025-10-10,ORCL,290.1612
2025-10-13,ORCL,305.0675
2025-10-14,ORCL,296.1435
2025-10-15,ORCL,300.7194
2025-10-16,ORCL,310.0098
2025-10-17,ORCL,288.527
2025-10-20,ORCL,274.532
2025-10-21,ORCL,272.5214
2025-10-22,ORCL,270.0552
2025-10-23,ORCL,277.3944
2025-10-24,ORCL,280.6232
2025-10-27,ORCL,278.7117
2025-10-28,ORCL,278.1471
2025-10-29,ORCL,272.67
2025-10-30,ORCL,254.4358
2025-10-31,ORCL,260.1012
2025-11-03,ORCL,255.3867
2025-11-04,ORCL,245.7991
2025-11-05,ORCL,247.9187
2025-11-06,ORCL,241.4709
2025-11-07,ORCL,236.9742
2025-11-10,ORCL,238.5293
2025-11-11,ORCL,233.894
2025-11-12,ORCL,224.8215
2025-11-13,ORCL,215.4915
2025-11-14,ORCL,220.721
2025-11-17,ORCL,217.7596
2025-11-18,ORCL,218.3836
2025-11-19,ORCL,223.3754
2025-11-20,ORCL,208.6772
2025-11-21,ORCL,196.8612
2025-11-24,ORCL,198.3666
2025-11-25,ORCL,195.1477
2025-11-26,ORCL,203.0019
2025-11-28,ORCL,200.0207
2025-12-01,ORCL,199.0203
2025-12-02,ORCL,199.1788
2025-12-03,ORCL,205.7455
2025-12-04,ORCL,212.2824
2025-12-05,ORCL,215.5014
2025-12-08,ORCL,218.4331
2025-12-09,ORCL,219.4136
2025-12-10,ORCL,220.8795
2025-12-11,ORCL,196.9503
2025-12-12,ORCL,188.1551
2025-12-15,ORCL,183.1534
2025-12-16,ORCL,186.8477
2025-12-17,ORCL,176.7551
2025-12-18,ORCL,178.3101
2025-12-19,ORCL,190.136
2025-12-22,ORCL,196.4848
2025-12-23,ORCL,193.4738
2025-12-24,ORCL,195.6033
2025-12-26,ORCL,196.0985
2025-12-29,ORCL,193.5135
2025-12-30,ORCL,195.326
2025-12-31,ORCL,193.0479
2026-01-02,ORCL,193.8403
2026-01-05,ORCL,190.7501
2026-01-06,ORCL,191.899
2026-01-07,ORCL,190.9977
2026-01-08,ORCL,187.8382
2026-01-09,ORCL,197.1432
2026-01-12,ORCL,203.2605
2026-01-13,ORCL,200.8871
2026-01-14,ORCL,192.2673
2026-01-15,ORCL,188.5333
2026-01-16,ORCL,189.7647
2026-01-20,ORCL,178.6722
2026-01-21,ORCL,172.6741
2026-01-22,ORCL,176.9443
2026-01-23,ORCL,175.9314
2026-01-26,ORCL,181.1747
2026-01-27,ORCL,173.687
2026-01-28,ORCL,171.6016
2026-01-29,ORCL,167.8379
2026-01-30,ORCL,163.4386
2026-02-02,ORCL,158.9499
2026-02-03,ORCL,153.5973
2026-02-04,ORCL,145.6528
2026-02-05,ORCL,135.5335
2026-02-06,ORCL,141.8295
2026-02-09,ORCL,155.504
2026-02-10,ORCL,158.7811
2026-02-11,ORCL,156.0701
2026-02-12,ORCL,155.3948
2026-02-13,ORCL,159.0294
2026-02-17,ORCL,152.9022
2026-02-18,ORCL,155.0869
2026-02-19,ORCL,155.4543
2026-02-20,ORCL,147.053
2026-02-23,ORCL,140.33
2026-02-24,ORCL,145.1265
2026-02-25,ORCL,146.8643
2026-02-26,ORCL,149.2675
2026-02-27,ORCL,144.3916
2026-03-02,ORCL,148.2149
2026-03-03,ORCL,147.9766
2026-03-04,ORCL,151.3133
2026-03-05,ORCL,153.7165
2026-03-06,ORCL,151.8992
2026-03-09,ORCL,150.5089
2026-03-10,ORCL,148.3639
2026-03-11,ORCL,161.9887
2026-03-12,ORCL,158.0562
2026-03-13,ORCL,154.0343
2026-03-16,ORCL,154.8883
2026-03-17,ORCL,153.6172
2026-03-18,ORCL,151.8396
2026-03-19,ORCL,154.4414
2026-03-20,ORCL,148.6419
2026-03-23,ORCL,153.2696
2026-03-24,ORCL,146.0699
2026-03-25,ORCL,145.0073
2026-03-26,ORCL,141.8196
2026-03-27,ORCL,138.6914
2026-03-30,ORCL,137.8374
2026-03-31,ORCL,146.0898
2026-04-01,ORCL,144.2228
2026-04-02,ORCL,145.3648
2026-04-06,ORCL,144.5306
2026-04-07,ORCL,142.1771
2026-04-08,ORCL,142.6637
2026-04-09,ORCL,137.382
2026-04-10,ORCL,137.6113
2026-04-13,ORCL,155.0805
2026-04-14,ORCL,162.4349
2026-04-15,ORCL,169.2213
2026-04-16,ORCL,177.7217
2026-04-17,ORCL,174.4531
2026-04-20,ORCL,176.9644
2026-04-21,ORCL,180.5419
2026-04-22,ORCL,186.85
2026-04-23,ORCL,175.6689
2026-04-24,ORCL,172.6793
2026-04-27,ORCL,172.3604
2026-04-28,ORCL,165.3846
2026-04-29,ORCL,163.262
2026-04-30,ORCL,160.8305
2026-05-01,ORCL,171.2343
2026-05-04,ORCL,179.6649
2026-05-05,ORCL,184.7074
2026-05-06,ORCL,193.3573
2026-05-07,ORCL,193.9154
2026-05-08,ORCL,195.2707
2026-05-11,ORCL,193.168
2026-05-12,ORCL,186.1823
2026-05-13,ORCL,189.1021
2026-05-14,ORCL,194.9318
2026-05-15,ORCL,192.2811
2026-05-18,ORCL,185.963
2026-05-19,ORCL,180.8309
2026-05-20,ORCL,187.5077
2026-05-21,ORCL,189.1121
2026-05-22,ORCL,191.4141
2026-05-26,ORCL,192.3907
2026-05-27,ORCL,190.298
2026-05-28,ORCL,202.9938
2026-05-29,ORCL,224.9972
2026-06-01,ORCL,247.2897
2026-06-02,ORCL,243.7321
2026-06-03,ORCL,229.5315
2026-06-04,ORCL,235.5206
2026-06-05,ORCL,212.9392
2026-06-08,ORCL,211.0856
2026-06-09,ORCL,205.0965
2026-06-10,ORCL,200.5622
2026-06-11,ORCL,183.4617
2026-06-12,ORCL,183.4916
2026-06-15,ORCL,191.9721
2026-06-16,ORCL,187.6771
2026-06-17,ORCL,182.8937
2026-06-18,ORCL,183.6511
2026-06-22,ORCL,174.4631
2026-06-23,ORCL,164.5874
2026-06-24,ORCL,156.9839
2026-06-25,ORCL,151.9314
2026-06-26,ORCL,148.0151
2026-06-29,ORCL,147.2477
2026-06-30,ORCL,146.0419
2026-07-01,ORCL,142.006
2026-07-02,ORCL,139.7837
2026-07-06,ORCL,143.2616
2026-07-07,ORCL,141.1091
2026-07-08,ORCL,140.0029
2026-07-09,ORCL,143.72
2026-07-10,ORCL,140.64
2026-07-13,ORCL,131.54
2026-07-14,ORCL,127.94
2026-07-15,ORCL,132.49
2026-07-16,ORCL,124.21
2026-07-17,ORCL,126.41
2026-07-20,ORCL,121.38
2026-07-21,ORCL,127.05
2026-07-22,ORCL,125.84
2026-07-23,ORCL,120.04
2026-07-24,ORCL,114.99
2026-07-27,ORCL,119.9
2026-07-28,ORCL,119.96
2026-07-29,ORCL,117.74
2026-07-30,ORCL,127.56
2026-07-31,ORCL,129.87
2026-08-03,ORCL,141.85
2026-08-04,ORCL,145.74
2026-08-05,ORCL,144.39
2026-08-06,ORCL,143.47
2026-08-07,ORCL,147.02
2026-08-10,ORCL,151.05
2026-08-11,ORCL,145.48
2026-08-12,ORCL,153.28
2026-08-13,ORCL,156.22
2026-08-14,ORCL,150.52
2026-08-17,ORCL,146.65
2026-08-18,ORCL,142.79
2026-08-19,ORCL,143.81
2026-08-20,ORCL,142.07
2026-08-21,ORCL,146.47
2026-08-24,ORCL,142.45
2026-08-25,ORCL,144.76
2026-08-26,ORCL,148.87
2026-08-27,ORCL,151.94
2026-08-28,ORCL,150.85
2026-08-31,ORCL,149.12
2026-09-01,ORCL,141.32
2026-09-02,ORCL,145.75
2026-09-03,ORCL,154.04
2026-09-04,ORCL,158.78
2026-09-08,ORCL,162.52
2026-09-09,ORCL,161.63
2026-09-10,ORCL,152.94
2026-09-11,ORCL,150.28
2026-09-14,ORCL,144.79
2026-09-15,ORCL,140.35
2026-09-16,ORCL,143.16
2026-09-17,ORCL,150.59
2026-09-18,ORCL,147.61
2026-09-21,ORCL,148.56
2026-09-22,ORCL,149.2
2026-09-23,ORCL,144.56
2026-09-24,ORCL,139.54
2026-09-25,ORCL,137.1
2026-09-28,ORCL,132.6
2026-09-29,ORCL,137.79
2026-09-30,ORCL,137.3
2026-10-01,ORCL,138.07
2026-10-02,ORCL,142.3
2025-10-03,OXY,43.9744
2025-10-06,OXY,44.5137
2025-10-07,OXY,44.445
2025-10-08,OXY,44.1607
2025-10-09,OXY,43.6508
2025-10-10,OXY,41.3271
2025-10-13,OXY,41.5918
2025-10-14,OXY,41.4546
2025-10-15,OXY,41.0624
2025-10-16,OXY,40.2388
2025-10-17,OXY,40.1015
2025-10-20,OXY,40.229
2025-10-21,OXY,40.1113
2025-10-22,OXY,40.9153
2025-10-23,OXY,42.0428
2025-10-24,OXY,41.7389
2025-10-27,OXY,41.4742
2025-10-28,OXY,40.0329
2025-10-29,OXY,39.7878
2025-10-30,OXY,39.9054
2025-10-31,OXY,40.3956
2025-11-03,OXY,40.1211
2025-11-04,OXY,39.2975
2025-11-05,OXY,38.974
2025-11-06,OXY,39.5132
2025-11-07,OXY,40.5035
2025-11-10,OXY,40.9839
2025-11-11,OXY,41.033
2025-11-12,OXY,41.1114
2025-11-13,OXY,41.1996
2025-11-14,OXY,41.9252
2025-11-17,OXY,40.8761
2025-11-18,OXY,41.6899
2025-11-19,OXY,40.6408
2025-11-20,OXY,40.4055
2025-11-21,OXY,40.631
2025-11-24,OXY,40.6212
2025-11-25,OXY,40.6015
2025-11-26,OXY,40.6114
2025-11-28,OXY,41.18
2025-12-01,OXY,41.5134
2025-12-02,OXY,41.1604
2025-12-03,OXY,41.6212
2025-12-04,OXY,41.8369
2025-12-05,OXY,41.6016
2025-12-08,OXY,40.5525
2025-12-09,OXY,40.7388
2025-12-10,OXY,41.1727
2025-12-11,OXY,40.6303
2025-12-12,OXY,40.5021
2025-12-15,OXY,39.6343
2025-12-16,OXY,38.3819
2025-12-17,OXY,40.0682
2025-12-18,OXY,39.1807
2025-12-19,OXY,39.0722
2025-12-22,OXY,39.7132
2025-12-23,OXY,39.5455
2025-12-24,OXY,39.4469
2025-12-26,OXY,39.299
2025-12-29,OXY,39.8513
2025-12-30,OXY,40.8867
2025-12-31,OXY,40.5514
2026-01-02,OXY,41.794
2026-01-05,OXY,40.6599
2026-01-06,OXY,41.1629
2026-01-07,OXY,40.4232
2026-01-08,OXY,42.6323
2026-01-09,OXY,42.2674
2026-01-12,OXY,42.1293
2026-01-13,OXY,42.7112
2026-01-14,OXY,43.7072
2026-01-15,OXY,42.5731
2026-01-16,OXY,42.1096
2026-01-20,OXY,41.656
2026-01-21,OXY,42.9084
2026-01-22,OXY,42.5534
2026-01-23,OXY,43.4902
2026-01-26,OXY,43.3127
2026-01-27,OXY,43.934
2026-01-28,OXY,44.2101
2026-01-29,OXY,44.792
2026-01-30,OXY,44.7624
2026-02-02,OXY,43.1944
2026-02-03,OXY,44.6342
2026-02-04,OXY,46.0444
2026-02-05,OXY,44.4666
2026-02-06,OXY,45.6697
2026-02-09,OXY,46.0148
2026-02-10,OXY,45.6302
2026-02-11,OXY,46.5868
2026-02-12,OXY,44.861
2026-02-13,OXY,45.433
2026-02-17,OXY,45.3048
2026-02-18,OXY,46.4586
2026-02-19,OXY,50.8175
2026-02-20,OXY,51.1232
2026-02-23,OXY,51.7051
2026-02-24,OXY,51.2317
2026-02-25,OXY,50.2357
2026-02-26,OXY,50.7189
2026-02-27,OXY,52.3461
2026-03-02,OXY,53.4604
2026-03-03,OXY,52.9378
2026-03-04,OXY,52.8687
2026-03-05,OXY,52.5039
2026-03-06,OXY,53.4407
2026-03-09,OXY,54.2593
2026-03-10,OXY,52.6342
2026-03-11,OXY,55.0718
2026-03-12,OXY,57.8759
2026-03-13,OXY,57.3507
2026-03-16,OXY,56.7265
2026-03-17,OXY,57.2021
2026-03-18,OXY,57.8462
2026-03-19,OXY,59.0352
2026-03-20,OXY,60.1548
2026-03-23,OXY,59.7585
2026-03-24,OXY,60.6899
2026-03-25,OXY,61.2844
2026-03-26,OXY,63.7715
2026-03-27,OXY,64.7227
2026-03-30,OXY,65.6343
2026-03-31,OXY,64.4056
2026-04-01,OXY,61.6609
2026-04-02,OXY,62.3942
2026-04-06,OXY,62.3843
2026-04-07,OXY,62.3645
2026-04-08,OXY,59.2234
2026-04-09,OXY,57.9948
2026-04-10,OXY,57.4399
2026-04-13,OXY,57.5291
2026-04-14,OXY,54.8736
2026-04-15,OXY,55.3195
2026-04-16,OXY,56.35
2026-04-17,OXY,53.2981
2026-04-20,OXY,53.9818
2026-04-21,OXY,55.8149
2026-04-22,OXY,56.5283
2026-04-23,OXY,57.3012
2026-04-24,OXY,56.5977
2026-04-27,OXY,56.7463
2026-04-28,OXY,58.074
2026-04-29,OXY,60.2044
2026-04-30,OXY,60.026
2026-05-01,OXY,58.1731
2026-05-04,OXY,59.7189
2026-05-05,OXY,58.7974
2026-05-06,OXY,54.616
2026-05-07,OXY,53.4468
2026-05-08,OXY,52.5451
2026-05-11,OXY,54.6358
2026-05-12,OXY,55.7554
2026-05-13,OXY,55.6663
2026-05-14,OXY,56.3202
2026-05-15,OXY,59.0748
2026-05-18,OXY,59.1541
2026-05-19,OXY,60.1449
2026-05-20,OXY,58.3317
2026-05-21,OXY,58.292
2026-05-22,OXY,58.2722
2026-05-26,OXY,56.9346
2026-05-27,OXY,56.3698
2026-05-28,OXY,56.7958
2026-05-29,OXY,56.1122
2026-06-01,OXY,58.3812
2026-06-02,OXY,58.5497
2026-06-03,OXY,59.0946
2026-06-04,OXY,58.1335
2026-06-05,OXY,56.4094
2026-06-08,OXY,56.9544
2026-06-09,OXY,56.0329
2026-06-10,OXY,56.8392
2026-06-11,OXY,55.2166
2026-06-12,OXY,56.2817
2026-06-15,OXY,54.2112
2026-06-16,OXY,53.4249
2026-06-17,OXY,52.7977
2026-06-18,OXY,51.5833
2026-06-22,OXY,51.7625
2026-06-23,OXY,51.9914
2026-06-24,OXY,50.8566
2026-06-25,OXY,50.9761
2026-06-26,OXY,49.7617
2026-06-29,OXY,48.8658
2026-06-30,OXY,48.3481
2026-07-01,OXY,47.721
2026-07-02,OXY,48.6866
2026-07-06,OXY,48.5871
2026-07-07,OXY,51.4439
2026-07-08,OXY,53.3452
2026-07-09,OXY,52.0611
2026-07-10,OXY,52.6484
2026-07-13,OXY,54.5596
2026-07-14,OXY,54.3207
2026-07-15,OXY,53.5244
2026-07-16,OXY,53.4049
2026-07-17,OXY,54.6094
2026-07-20,OXY,54.9379
2026-07-21,OXY,56.2419
2026-07-22,OXY,57.2374
2026-07-23,OXY,57.3369
2026-07-24,OXY,57.0383
2026-07-27,OXY,54.6791
2026-07-28,OXY,53.6837
2026-07-29,OXY,55.7741
2026-07-30,OXY,55.6944
2026-07-31,OXY,56.8093
2026-08-03,OXY,55.2166
2026-08-04,OXY,54.8384
2026-08-05,OXY,53.5642
2026-08-06,OXY,55.784
2026-08-07,OXY,55.6546
2026-08-10,OXY,58.3821
2026-08-11,OXY,58.7902
2026-08-12,OXY,58.2826
2026-08-13,OXY,57.4364
2026-08-14,OXY,58.0934
2026-08-17,OXY,58.7703
2026-08-18,OXY,59.5269
2026-08-19,OXY,59.8155
2026-08-20,OXY,61.239
2026-08-21,OXY,61.02
2026-08-24,OXY,59.8354
2026-08-25,OXY,58.1432
2026-08-26,OXY,58.3522
2026-08-27,OXY,58.8997
2026-08-28,OXY,58.83
2026-08-31,OXY,59.9051
2026-09-01,OXY,60.6716
2026-09-02,OXY,60.6318
2026-09-03,OXY,60.3332
2026-09-04,OXY,59.7658
2026-09-08,OXY,60.373
2026-09-09,OXY,61.02
2026-09-10,OXY,61.16
2026-09-11,OXY,61.46
2026-09-14,OXY,61.78
2026-09-15,OXY,63.52
2026-09-16,OXY,59.36
2026-09-17,OXY,59.29
2026-09-18,OXY,58.84
2026-09-21,OXY,57.25
2026-09-22,OXY,56.31
2026-09-23,OXY,57.36
2026-09-24,OXY,58.05
2026-09-25,OXY,56.86
2026-09-28,OXY,56.1
2026-09-29,OXY,54.94
2026-09-30,OXY,55.32
2026-10-01,OXY,57.84
2026-10-02,OXY,58.08
2025-10-03,PFE,25.5763
2025-10-06,PFE,24.6979
2025-10-07,PFE,24.5484
2025-10-08,PFE,23.997
2025-10-09,PFE,23.5859
2025-10-10,PFE,23.156
2025-10-13,PFE,23.1093
2025-10-14,PFE,22.9131
2025-10-15,PFE,22.7916
2025-10-16,PFE,22.6421
2025-10-17,PFE,22.9037
2025-10-20,PFE,23.0719
2025-10-21,PFE,23.2214
2025-10-22,PFE,23.0999
2025-10-23,PFE,23.0532
2025-10-24,PFE,23.1373
2025-10-27,PFE,23.1467
2025-10-28,PFE,22.8944
2025-10-29,PFE,22.6981
2025-10-30,PFE,22.6981
2025-10-31,PFE,23.0345
2025-11-03,PFE,23.0439
2025-11-04,PFE,22.7075
2025-11-05,PFE,22.9972
2025-11-06,PFE,23.2214
2025-11-07,PFE,23.2309
2025-11-10,PFE,23.1929
2025-11-11,PFE,24.2579
2025-11-12,PFE,24.6003
2025-11-13,PFE,24.5242
2025-11-14,PFE,23.83
2025-11-17,PFE,23.849
2025-11-18,PFE,24.2009
2025-11-19,PFE,23.6589
2025-11-20,PFE,23.2024
2025-11-21,PFE,23.811
2025-11-24,PFE,23.9822
2025-11-25,PFE,24.4576
2025-11-26,PFE,24.4481
2025-11-28,PFE,24.4766
2025-12-01,PFE,24.0297
2025-12-02,PFE,23.9156
2025-12-03,PFE,24.315
2025-12-04,PFE,24.4386
2025-12-05,PFE,24.7524
2025-12-08,PFE,24.5052
2025-12-09,PFE,24.0868
2025-12-10,PFE,24.5147
2025-12-11,PFE,24.5337
2025-12-12,PFE,24.5812
2025-12-15,PFE,25.1328
2025-12-16,PFE,24.2769
2025-12-17,PFE,23.811
2025-12-18,PFE,23.811
2025-12-19,PFE,23.9536
2025-12-22,PFE,23.9727
2025-12-23,PFE,23.6589
2025-12-24,PFE,23.8015
2025-12-26,PFE,23.8585
2025-12-29,PFE,23.773
2025-12-30,PFE,23.7635
2025-12-31,PFE,23.6779
2026-01-02,PFE,23.9441
2026-01-05,PFE,23.9346
2026-01-06,PFE,24.1819
2026-01-07,PFE,24.0392
2026-01-08,PFE,24.0487
2026-01-09,PFE,24.2294
2026-01-12,PFE,24.0297
2026-01-13,PFE,23.9156
2026-01-14,PFE,24.3245
2026-01-15,PFE,24.6193
2026-01-16,PFE,24.3911
2026-01-20,PFE,24.2674
2026-01-21,PFE,24.6193
2026-01-22,PFE,24.819
2026-01-23,PFE,24.7996
2026-01-26,PFE,25.022
2026-01-27,PFE,25.6215
2026-01-28,PFE,25.0027
2026-01-29,PFE,25.2347
2026-01-30,PFE,25.5634
2026-02-02,PFE,25.7761
2026-02-03,PFE,24.9157
2026-02-04,PFE,25.8922
2026-02-05,PFE,25.6118
2026-02-06,PFE,26.3176
2026-02-09,PFE,26.1532
2026-02-10,PFE,26.6947
2026-02-11,PFE,26.8107
2026-02-12,PFE,26.5593
2026-02-13,PFE,26.6657
2026-02-17,PFE,26.4626
2026-02-18,PFE,26.4626
2026-02-19,PFE,25.9695
2026-02-20,PFE,25.7665
2026-02-23,PFE,26.1629
2026-02-24,PFE,26.2402
2026-02-25,PFE,26.1919
2026-02-26,PFE,26.2016
2026-02-27,PFE,26.7333
2026-03-02,PFE,26.3563
2026-03-03,PFE,25.6988
2026-03-04,PFE,25.7375
2026-03-05,PFE,25.7278
2026-03-06,PFE,26.1532
2026-03-09,PFE,25.9212
2026-03-10,PFE,26.2596
2026-03-11,PFE,26.3949
2026-03-12,PFE,25.9695
2026-03-13,PFE,25.6988
2026-03-16,PFE,25.7278
2026-03-17,PFE,26.54
2026-03-18,PFE,26.4143
2026-03-19,PFE,26.5013
2026-03-20,PFE,26.0759
2026-03-23,PFE,25.8825
2026-03-24,PFE,26.0662
2026-03-25,PFE,26.3756
2026-03-26,PFE,26.656
2026-03-27,PFE,26.1436
2026-03-30,PFE,26.8494
2026-03-31,PFE,27.1491
2026-04-01,PFE,27.6035
2026-04-02,PFE,27.3811
2026-04-06,PFE,26.9074
2026-04-07,PFE,26.2016
2026-04-08,PFE,26.5593
2026-04-09,PFE,26.3176
2026-04-10,PFE,26.0275
2026-04-13,PFE,26.4336
2026-04-14,PFE,26.2112
2026-04-15,PFE,26.2886
2026-04-16,PFE,26.3176
2026-04-17,PFE,26.6463
2026-04-20,PFE,26.6076
2026-04-21,PFE,26.4046
2026-04-22,PFE,25.9115
2026-04-23,PFE,25.7858
2026-04-24,PFE,26.1049
2026-04-27,PFE,25.9018
2026-04-28,PFE,25.6021
2026-04-29,PFE,25.3894
2026-04-30,PFE,25.8148
2026-05-01,PFE,25.4571
2026-05-04,PFE,25.4281
2026-05-05,PFE,25.5731
2026-05-06,PFE,25.6505
2026-05-07,PFE,25.6021
2026-05-08,PFE,25.2385
2026-05-11,PFE,25.3662
2026-05-12,PFE,25.4252
2026-05-13,PFE,25.5137
2026-05-14,PFE,25.3073
2026-05-15,PFE,24.8945
2026-05-18,PFE,24.8945
2026-05-19,PFE,25.2188
2026-05-20,PFE,25.3466
2026-05-21,PFE,25.5038
2026-05-22,PFE,25.4547
2026-05-26,PFE,25.4056
2026-05-27,PFE,25.7594
2026-05-28,PFE,25.6906
2026-05-29,PFE,25.7299
2026-06-01,PFE,25.1893
2026-06-02,PFE,25.1107
2026-06-03,PFE,24.9043
2026-06-04,PFE,25.2483
2026-06-05,PFE,25.5923
2026-06-08,PFE,25.1795
2026-06-09,PFE,25.2581
2026-06-10,PFE,25.1599
2026-06-11,PFE,25.7201
2026-06-12,PFE,25.7594
2026-06-15,PFE,25.553
2026-06-16,PFE,25.5923
2026-06-17,PFE,25.4744
2026-06-18,PFE,24.7766
2026-06-22,PFE,24.6488
2026-06-23,PFE,24.295
2026-06-24,PFE,23.6267
2026-06-25,PFE,23.263
2026-06-26,PFE,23.8724
2026-06-29,PFE,23.951
2026-06-30,PFE,23.666
2026-07-01,PFE,23.4694
2026-07-02,PFE,23.9019
2026-07-06,PFE,23.3122
2026-07-07,PFE,23.6562
2026-07-08,PFE,23.6365
2026-07-09,PFE,23.8331
2026-07-10,PFE,23.7544
2026-07-13,PFE,24.0591
2026-07-14,PFE,23.8331
2026-07-15,PFE,24.3933
2026-07-16,PFE,24.7078
2026-07-17,PFE,24.6193
2026-07-20,PFE,24.3245
2026-07-21,PFE,24.5112
2026-07-22,PFE,24.3933
2026-07-23,PFE,24.58
2026-07-24,PFE,24.54
2026-07-27,PFE,24.67
2026-07-28,PFE,25.25
2026-07-29,PFE,25.15
2026-07-30,PFE,24.91
2026-07-31,PFE,25.01
2026-08-03,PFE,25.03
2026-08-04,PFE,25.41
2026-08-05,PFE,25.81
2026-08-06,PFE,26.2
2026-08-07,PFE,26.76
2026-08-10,PFE,27.05
2026-08-11,PFE,26.62
2026-08-12,PFE,26.31
2026-08-13,PFE,26.8
2026-08-14,PFE,26.79
2026-08-17,PFE,26.87
2026-08-18,PFE,27.25
2026-08-19,PFE,28.24
2026-08-20,PFE,27.79
2026-08-21,PFE,28.07
2026-08-24,PFE,27.97
2026-08-25,PFE,28.57
2026-08-26,PFE,28.3
2026-08-27,PFE,28.02
2026-08-28,PFE,27.96
2026-08-31,PFE,28.46
2026-09-01,PFE,28.55
2026-09-02,PFE,29.02
2026-09-03,PFE,28.81
2026-09-04,PFE,28.45
2026-09-08,PFE,27.79
2026-09-09,PFE,27.78
2026-09-10,PFE,27.65
2026-09-11,PFE,27.72
2026-09-14,PFE,27.72
2026-09-15,PFE,27.55
2026-09-16,PFE,27.46
2026-09-17,PFE,27.64
2026-09-18,PFE,27.66
2026-09-21,PFE,27.74
2026-09-22,PFE,27.93
2026-09-23,PFE,28.18
2026-09-24,PFE,28.41
2026-09-25,PFE,28.67
2026-09-28,PFE,28.72
2026-09-29,PFE,28.72
2026-09-30,PFE,28.52
2026-10-01,PFE,28.12
2026-10-02,PFE,27.8
2025-10-03,PNC,192.1375
2025-10-06,PNC,189.388
2025-10-07,PNC,187.6357
2025-10-08,PNC,184.1019
2025-10-09,PNC,184.5957
2025-10-10,PNC,178.0898
2025-10-13,PNC,180.9652
2025-10-14,PNC,185.3716
2025-10-15,PNC,178.1513
2025-10-16,PNC,174.2725
2025-10-17,PNC,175.2788
2025-10-20,PNC,177.9852
2025-10-21,PNC,177.7312
2025-10-22,PNC,177.0375
2025-10-23,PNC,177.7703
2025-10-24,PNC,182.1571
2025-10-27,PNC,180.6134
2025-10-28,PNC,178.6398
2025-10-29,PNC,176.8616
2025-10-30,PNC,178.1318
2025-10-31,PNC,178.3565
2025-11-03,PNC,178.5421
2025-11-04,PNC,178.7473
2025-11-05,PNC,179.9197
2025-11-06,PNC,178.718
2025-11-07,PNC,179.9686
2025-11-10,PNC,180.8381
2025-11-11,PNC,180.5743
2025-11-12,PNC,182.6163
2025-11-13,PNC,179.7634
2025-11-14,PNC,179.7634
2025-11-17,PNC,174.9271
2025-11-18,PNC,175.9432
2025-11-19,PNC,178.7668
2025-11-20,PNC,179.3237
2025-11-21,PNC,182.6945
2025-11-24,PNC,184.1894
2025-11-25,PNC,188.1658
2025-11-26,PNC,187.4722
2025-11-28,PNC,186.3388
2025-12-01,PNC,187.9802
2025-12-02,PNC,187.6383
2025-12-03,PNC,193.4516
2025-12-04,PNC,193.7154
2025-12-05,PNC,193.3148
2025-12-08,PNC,193.1096
2025-12-09,PNC,197.5062
2025-12-10,PNC,202.2155
2025-12-11,PNC,206.6317
2025-12-12,PNC,205.7523
2025-12-15,PNC,206.0455
2025-12-16,PNC,205.1564
2025-12-17,PNC,205.469
2025-12-18,PNC,204.6874
2025-12-19,PNC,205.3713
2025-12-22,PNC,208.0093
2025-12-23,PNC,207.0811
2025-12-24,PNC,208.576
2025-12-26,PNC,208.9765
2025-12-29,PNC,207.1007
2025-12-30,PNC,206.2115
2025-12-31,PNC,203.9351
2026-01-02,PNC,206.6024
2026-01-05,PNC,210.8427
2026-01-06,PNC,213.0312
2026-01-07,PNC,211.3019
2026-01-08,PNC,213.6174
2026-01-09,PNC,212.5525
2026-01-12,PNC,210.7841
2026-01-13,PNC,207.5696
2026-01-14,PNC,207.4426
2026-01-15,PNC,210.1001
2026-01-16,PNC,218.0531
2026-01-20,PNC,217.5412
2026-01-21,PNC,222.0011
2026-01-22,PNC,218.5651
2026-01-23,PNC,215.9955
2026-01-26,PNC,217.3344
2026-01-27,PNC,220.2388
2026-01-28,PNC,217.9645
2026-01-29,PNC,220.987
2026-01-30,PNC,219.845
2026-02-02,PNC,224.108
2026-02-03,PNC,230.2022
2026-02-04,PNC,233.5791
2026-02-05,PNC,234.8196
2026-02-06,PNC,238.7282
2026-02-09,PNC,237.2219
2026-02-10,PNC,236.6115
2026-02-11,PNC,231.8365
2026-02-12,PNC,226.1263
2026-02-13,PNC,225.7718
2026-02-17,PNC,227.6621
2026-02-18,PNC,229.1389
2026-02-19,PNC,226.7367
2026-02-20,PNC,229.3654
2026-02-23,PNC,217.3541
2026-02-24,PNC,214.5384
2026-02-25,PNC,218.5159
2026-02-26,PNC,219.3724
2026-02-27,PNC,209.0644
2026-03-02,PNC,210.9153
2026-03-03,PNC,209.7536
2026-03-04,PNC,210.551
2026-03-05,PNC,209.0841
2026-03-06,PNC,202.9308
2026-03-09,PNC,202.1629
2026-03-10,PNC,203.1966
2026-03-11,PNC,202.4582
2026-03-12,PNC,199.5539
2026-03-13,PNC,198.018
2026-03-16,PNC,197.6439
2026-03-17,PNC,200.7648
2026-03-18,PNC,198.0574
2026-03-19,PNC,198.9238
2026-03-20,PNC,198.589
2026-03-23,PNC,200.7747
2026-03-24,PNC,203.1572
2026-03-25,PNC,202.7634
2026-03-26,PNC,202.281
2026-03-27,PNC,199.2585
2026-03-30,PNC,198.5398
2026-03-31,PNC,204.8703
2026-04-01,PNC,206.0025
2026-04-02,PNC,208.4245
2026-04-06,PNC,209.8422
2026-04-07,PNC,210.6101
2026-04-08,PNC,217.3443
2026-04-09,PNC,219.7761
2026-04-10,PNC,217.7086
2026-04-13,PNC,219.5496
2026-04-14,PNC,219.4504
2026-04-15,PNC,220.3036
2026-04-16,PNC,218.3294
2026-04-17,PNC,223.0319
2026-04-20,PNC,225.2343
2026-04-21,PNC,226.2462
2026-04-22,PNC,223.2799
2026-04-23,PNC,223.3096
2026-04-24,PNC,218.121
2026-04-27,PNC,219.5794
2026-04-28,PNC,219.1429
2026-04-29,PNC,216.9801
2026-04-30,PNC,221.2362
2026-05-01,PNC,218.9643
2026-05-04,PNC,216.3154
2026-05-05,PNC,219.877
2026-05-06,PNC,220.6608
2026-05-07,PNC,217.5555
2026-05-08,PNC,215.1348
2026-05-11,PNC,212.8927
2026-05-12,PNC,213.5078
2026-05-13,PNC,208.2001
2026-05-14,PNC,211.7617
2026-05-15,PNC,211.1565
2026-05-18,PNC,212.0296
2026-05-19,PNC,211.5831
2026-05-20,PNC,215.115
2026-05-21,PNC,216.6428
2026-05-22,PNC,217.496
2026-05-26,PNC,219.0635
2026-05-27,PNC,219.0536
2026-05-28,PNC,218.0416
2026-05-29,PNC,219.371
2026-06-01,PNC,214.361
2026-06-02,PNC,219.252
2026-06-03,PNC,216.5436
2026-06-04,PNC,225.2839
2026-06-05,PNC,226.5637
2026-06-08,PNC,225.3434
2026-06-09,PNC,230.3436
2026-06-10,PNC,230.7999
2026-06-11,PNC,232.0896
2026-06-12,PNC,235.7802
2026-06-15,PNC,228.7364
2026-06-16,PNC,232.8337
2026-06-17,PNC,231.2861
2026-06-18,PNC,230.2047
2026-06-22,PNC,232.8536
2026-06-23,PNC,236.7822
2026-06-24,PNC,238.0223
2026-06-25,PNC,243.34
2026-06-26,PNC,243.0522
2026-06-29,PNC,244.7785
2026-06-30,PNC,244.2725
2026-07-01,PNC,249.6298
2026-07-02,PNC,247.5167
2026-07-06,PNC,251.1775
2026-07-07,PNC,252.0009
2026-07-08,PNC,244.5801
2026-07-09,PNC,248.9254
2026-07-10,PNC,249.9175
2026-07-13,PNC,250.8501
2026-07-14,PNC,249.8878
2026-07-15,PNC,252.1398
2026-07-16,PNC,253.1815
2026-07-17,PNC,250.86
2026-07-20,PNC,250.14
2026-07-21,PNC,250.38
2026-07-22,PNC,252.51
2026-07-23,PNC,249.26
2026-07-24,PNC,250.99
2026-07-27,PNC,249.64
2026-07-28,PNC,251.6
2026-07-29,PNC,248.49
2026-07-30,PNC,248.71
2026-07-31,PNC,249.87
2026-08-03,PNC,251.72
2026-08-04,PNC,254.14
2026-08-05,PNC,255.37
2026-08-06,PNC,252.76
2026-08-07,PNC,252.56
2026-08-10,PNC,251.76
2026-08-11,PNC,254.23
2026-08-12,PNC,255.46
2026-08-13,PNC,255.2
2026-08-14,PNC,256.97
2026-08-17,PNC,254.55
2026-08-18,PNC,254.28
2026-08-19,PNC,246.46
2026-08-20,PNC,241.62
2026-08-21,PNC,243.13
2026-08-24,PNC,243.68
2026-08-25,PNC,244.11
2026-08-26,PNC,244.67
2026-08-27,PNC,243.51
2026-08-28,PNC,242.22
2026-08-31,PNC,239.63
2026-09-01,PNC,237.49
2026-09-02,PNC,242.46
2026-09-03,PNC,245.18
2026-09-04,PNC,245.6
2026-09-08,PNC,242.91
2026-09-09,PNC,240.69
2026-09-10,PNC,242.98
2026-09-11,PNC,244.24
2026-09-14,PNC,242.72
2026-09-15,PNC,240.78
2026-09-16,PNC,231.49
2026-09-17,PNC,232.01
2026-09-18,PNC,233.17
2026-09-21,PNC,233.25
2026-09-22,PNC,227.96
2026-09-23,PNC,224.03
2026-09-24,PNC,223.34
2026-09-25,PNC,225.64
2026-09-28,PNC,223.67
2026-09-29,PNC,221.65
2026-09-30,PNC,222.26
2026-10-01,PNC,220.75
2026-10-02,PNC,221.03
2025-10-03,PSX,129.1845
2025-10-06,PSX,129.0971
2025-10-07,PSX,128.563
2025-10-08,PSX,127.5237
2025-10-09,PSX,127.3198
2025-10-10,PSX,123.1143
2025-10-13,PSX,126.0572
2025-10-14,PSX,127.077
2025-10-15,PSX,125.8435
2025-10-16,PSX,124.6683
2025-10-17,PSX,125.5521
2025-10-20,PSX,126.5913
2025-10-21,PSX,124.9014
2025-10-22,PSX,127.6209
2025-10-23,PSX,131.904
2025-10-24,PSX,131.0979
2025-10-27,PSX,131.5252
2025-10-28,PSX,129.8159
2025-10-29,PSX,134.0311
2025-10-30,PSX,133.1278
2025-10-31,PSX,132.2245
2025-11-03,PSX,133.9533
2025-11-04,PSX,131.8457
2025-11-05,PSX,132.0206
2025-11-06,PSX,134.2253
2025-11-07,PSX,133.9825
2025-11-10,PSX,134.6623
2025-11-11,PSX,136.7991
2025-11-12,PSX,134.0505
2025-11-13,PSX,135.4879
2025-11-14,PSX,138.2268
2025-11-17,PSX,133.8484
2025-11-18,PSX,135.5724
2025-11-19,PSX,131.7327
2025-11-20,PSX,129.284
2025-11-21,PSX,130.9785
2025-11-24,PSX,130.4692
2025-11-25,PSX,131.3801
2025-11-26,PSX,132.1931
2025-11-28,PSX,134.1521
2025-12-01,PSX,136.8947
2025-12-02,PSX,134.7496
2025-12-03,PSX,136.9828
2025-12-04,PSX,136.5616
2025-12-05,PSX,136.5029
2025-12-08,PSX,136.209
2025-12-09,PSX,137.0122
2025-12-10,PSX,140.8616
2025-12-11,PSX,140.4894
2025-12-12,PSX,138.5402
2025-12-15,PSX,138.6088
2025-12-16,PSX,129.0783
2025-12-17,PSX,129.284
2025-12-18,PSX,126.4826
2025-12-19,PSX,126.2475
2025-12-22,PSX,126.3455
2025-12-23,PSX,126.4728
2025-12-24,PSX,125.7774
2025-12-26,PSX,125.1309
2025-12-29,PSX,125.9537
2025-12-30,PSX,126.9038
2025-12-31,PSX,126.3944
2026-01-02,PSX,127.8931
2026-01-05,PSX,137.1102
2026-01-06,PSX,133.8484
2026-01-07,PSX,135.0532
2026-01-08,PSX,141.2632
2026-01-09,PSX,139.2455
2026-01-12,PSX,136.0033
2026-01-13,PSX,134.8769
2026-01-14,PSX,138.4913
2026-01-15,PSX,137.1396
2026-01-16,PSX,135.445
2026-01-20,PSX,135.6311
2026-01-21,PSX,138.7361
2026-01-22,PSX,139.0202
2026-01-23,PSX,138.6382
2026-01-26,PSX,137.5117
2026-01-27,PSX,137.1396
2026-01-28,PSX,139.1671
2026-01-29,PSX,141.1261
2026-01-30,PSX,140.6167
2026-02-02,PSX,139.3238
2026-02-03,PSX,145.0539
2026-02-04,PSX,151.5186
2026-02-05,PSX,151.2639
2026-02-06,PSX,154.5648
2026-02-09,PSX,154.271
2026-02-10,PSX,154.0849
2026-02-11,PSX,158.189
2026-02-12,PSX,153.0564
2026-02-13,PSX,156.4944
2026-02-17,PSX,154.9174
2026-02-18,PSX,154.173
2026-02-19,PSX,152.2238
2026-02-20,PSX,152.5568
2026-02-23,PSX,152.9223
2026-02-24,PSX,152.4383
2026-02-25,PSX,150.0188
2026-02-26,PSX,150.562
2026-02-27,PSX,152.4087
2026-03-02,PSX,158.1859
2026-03-03,PSX,157.7909
2026-03-04,PSX,162.6694
2026-03-05,PSX,164.368
2026-03-06,PSX,163.894
2026-03-09,PSX,160.9708
2026-03-10,PSX,160.477
2026-03-11,PSX,167.3899
2026-03-12,PSX,171.9227
2026-03-13,PSX,170.5895
2026-03-16,PSX,171.3203
2026-03-17,PSX,170.5599
2026-03-18,PSX,170.5895
2026-03-19,PSX,176.1198
2026-03-20,PSX,173.2855
2026-03-23,PSX,174.5595
2026-03-24,PSX,181.8279
2026-03-25,PSX,179.0331
2026-03-26,PSX,181.7192
2026-03-27,PSX,185.9361
2026-03-30,PSX,182.5093
2026-03-31,PSX,179.912
2026-04-01,PSX,173.4534
2026-04-02,PSX,174.0163
2026-04-06,PSX,175.1224
2026-04-07,PSX,172.5251
2026-04-08,PSX,165.9085
2026-04-09,PSX,159.0648
2026-04-10,PSX,157.2675
2026-04-13,PSX,158.4032
2026-04-14,PSX,156.7836
2026-04-15,PSX,159.4302
2026-04-16,PSX,161.2967
2026-04-17,PSX,154.4233
2026-04-20,PSX,153.811
2026-04-21,PSX,157.3959
2026-04-22,PSX,158.65
2026-04-23,PSX,157.544
2026-04-24,PSX,160.8227
2026-04-27,PSX,162.0571
2026-04-28,PSX,163.0743
2026-04-29,PSX,171.3302
2026-04-30,PSX,176.9197
2026-05-01,PSX,173.9966
2026-05-04,PSX,176.2482
2026-05-05,PSX,178.0159
2026-05-06,PSX,169.5822
2026-05-07,PSX,166.2147
2026-05-08,PSX,169.4242
2026-05-11,PSX,173.1769
2026-05-12,PSX,173.246
2026-05-13,PSX,169.681
2026-05-14,PSX,169.3748
2026-05-15,PSX,174.0065
2026-05-18,PSX,178.8507
2026-05-19,PSX,181.4171
2026-05-20,PSX,178.3932
2026-05-21,PSX,173.1311
2026-05-22,PSX,176.7519
2026-05-26,PSX,172.962
2026-05-27,PSX,173.708
2026-05-28,PSX,175.7771
2026-05-29,PSX,174.9514
2026-06-01,PSX,179.2884
2026-06-02,PSX,181.5962
2026-06-03,PSX,183.705
2026-06-04,PSX,183.1678
2026-06-05,PSX,182.1134
2026-06-08,PSX,182.4516
2026-06-09,PSX,178.055
2026-06-10,PSX,180.7606
2026-06-11,PSX,177.1597
2026-06-12,PSX,178.5026
2026-06-15,PSX,172.3453
2026-06-16,PSX,171.0919
2026-06-17,PSX,166.2874
2026-06-18,PSX,165.2629
2026-06-22,PSX,167.5209
2026-06-23,PSX,169.4407
2026-06-24,PSX,167.7497
2026-06-25,PSX,170.8532
2026-06-26,PSX,170.7438
2026-06-29,PSX,173.1311
2026-06-30,PSX,168.1575
2026-07-01,PSX,173.5787
2026-07-02,PSX,175.4886
2026-07-06,PSX,176.3938
2026-07-07,PSX,177.8958
2026-07-08,PSX,186.8185
2026-07-09,PSX,188.8178
2026-07-10,PSX,187.3655
2026-07-13,PSX,197.2431
2026-07-14,PSX,200.3864
2026-07-15,PSX,195.1244
2026-07-16,PSX,200.2571
2026-07-17,PSX,205.7679
2026-07-20,PSX,207.6976
2026-07-21,PSX,211.1493
2026-07-22,PSX,210.2939
2026-07-23,PSX,205.8872
2026-07-24,PSX,205.6784
2026-07-27,PSX,206.7228
2026-07-28,PSX,204.7632
2026-07-29,PSX,205.7181
2026-07-30,PSX,209.4881
2026-07-31,PSX,210.5624
2026-08-03,PSX,205.1014
2026-08-04,PSX,204.803
2026-08-05,PSX,201.4806
2026-08-06,PSX,204.435
2026-08-07,PSX,202.8335
2026-08-10,PSX,214.3822
2026-08-11,PSX,223.1755
2026-08-12,PSX,224.389
2026-08-13,PSX,231.3819
2026-08-14,PSX,232.3766
2026-08-17,PSX,239.28
2026-08-18,PSX,243.49
2026-08-19,PSX,242.29
2026-08-20,PSX,240.0
2026-08-21,PSX,242.87
2026-08-24,PSX,241.96
2026-08-25,PSX,236.9
2026-08-26,PSX,242.23
2026-08-27,PSX,239.81
2026-08-28,PSX,244.01
2026-08-31,PSX,246.58
2026-09-01,PSX,252.02
2026-09-02,PSX,256.09
2026-09-03,PSX,254.66
2026-09-04,PSX,255.09
2026-09-08,PSX,259.14
2026-09-09,PSX,260.78
2026-09-10,PSX,258.51
2026-09-11,PSX,259.47
2026-09-14,PSX,257.06
2026-09-15,PSX,264.93
2026-09-16,PSX,264.63
2026-09-17,PSX,274.21
2026-09-18,PSX,273.13
2026-09-21,PSX,261.75
2026-09-22,PSX,256.78
2026-09-23,PSX,256.48
2026-09-24,PSX,255.87
2026-09-25,PSX,255.75
2026-09-28,PSX,253.55
2026-09-29,PSX,252.25
2026-09-30,PSX,255.31
2026-10-01,PSX,264.23
2026-10-02,PSX,264.58
2025-10-03,RACE,495.4322
2025-10-06,RACE,485.9219
2025-10-07,RACE,485.2596
2025-10-08,RACE,473.7425
2025-10-09,RACE,402.7321
2025-10-10,RACE,391.2051
2025-10-13,RACE,374.399
2025-10-14,RACE,377.8294
2025-10-15,RACE,385.1154
2025-10-16,RACE,387.9823
2025-10-17,RACE,394.5267
2025-10-20,RACE,393.7655
2025-10-21,RACE,395.891
2025-10-22,RACE,389.564
2025-10-23,RACE,398.2537
2025-10-24,RACE,403.6514
2025-10-27,RACE,402.8111
2025-10-28,RACE,397.6803
2025-10-29,RACE,386.9739
2025-10-30,RACE,391.4819
2025-10-31,RACE,399.3412
2025-11-03,RACE,387.5572
2025-11-04,RACE,394.8332
2025-11-05,RACE,402.0302
2025-11-06,RACE,400.9921
2025-11-07,RACE,408.545
2025-11-10,RACE,406.7062
2025-11-11,RACE,417.64
2025-11-12,RACE,414.7335
2025-11-13,RACE,413.043
2025-11-14,RACE,412.4005
2025-11-17,RACE,400.7549
2025-11-18,RACE,393.291
2025-11-19,RACE,385.3823
2025-11-20,RACE,378.7785
2025-11-21,RACE,384.7496
2025-11-24,RACE,377.2264
2025-11-25,RACE,380.7458
2025-11-26,RACE,378.4325
2025-11-28,RACE,387.4286
2025-12-01,RACE,382.5154
2025-12-02,RACE,382.1496
2025-12-03,RACE,389.3465
2025-12-04,RACE,388.7435
2025-12-05,RACE,388.7237
2025-12-08,RACE,378.6104
2025-12-09,RACE,371.0675
2025-12-10,RACE,359.8865
2025-12-11,RACE,363.7618
2025-12-12,RACE,362.9413
2025-12-15,RACE,364.3945
2025-12-16,RACE,366.1938
2025-12-17,RACE,361.3398
2025-12-18,RACE,368.3983
2025-12-19,RACE,373.9739
2025-12-22,RACE,370.9686
2025-12-23,RACE,371.6211
2025-12-24,RACE,372.0462
2025-12-26,RACE,373.8158
2025-12-29,RACE,371.4629
2025-12-30,RACE,368.2302
2025-12-31,RACE,365.3435
2026-01-02,RACE,367.647
2026-01-05,RACE,374.9427
2026-01-06,RACE,367.7162
2026-01-07,RACE,362.6249
2026-01-08,RACE,366.6188
2026-01-09,RACE,371.8979
2026-01-12,RACE,372.8964
2026-01-13,RACE,355.9816
2026-01-14,RACE,349.358
2026-01-15,RACE,350.5246
2026-01-16,RACE,341.2911
2026-01-20,RACE,332.9375
2026-01-21,RACE,337.7816
2026-01-22,RACE,333.6987
2026-01-23,RACE,334.6676
2026-01-26,RACE,336.5657
2026-01-27,RACE,333.5505
2026-01-28,RACE,329.6554
2026-01-29,RACE,334.5885
2026-01-30,RACE,329.3687
2026-02-02,RACE,332.4927
2026-02-03,RACE,326.5512
2026-02-04,RACE,335.4584
2026-02-05,RACE,330.9406
2026-02-06,RACE,329.9817
2026-02-09,RACE,332.295
2026-02-10,RACE,359.0759
2026-02-11,RACE,378.5906
2026-02-12,RACE,386.7465
2026-02-13,RACE,374.7549
2026-02-17,RACE,370.7116
2026-02-18,RACE,362.2492
2026-02-19,RACE,362.3185
2026-02-20,RACE,362.7633
2026-02-23,RACE,354.3307
2026-02-24,RACE,369.6538
2026-02-25,RACE,369.0804
2026-02-26,RACE,371.8979
2026-02-27,RACE,375.5854
2026-03-02,RACE,358.6112
2026-03-03,RACE,357.0097
2026-03-04,RACE,360.9245
2026-03-05,RACE,353.9451
2026-03-06,RACE,346.0858
2026-03-09,RACE,342.6257
2026-03-10,RACE,342.606
2026-03-11,RACE,336.7238
2026-03-12,RACE,330.733
2026-03-13,RACE,328.0737
2026-03-16,RACE,330.5451
2026-03-17,RACE,332.641
2026-03-18,RACE,326.6995
2026-03-19,RACE,317.3475
2026-03-20,RACE,311.0403
2026-03-23,RACE,325.4045
2026-03-24,RACE,318.3459
2026-03-25,RACE,318.4942
2026-03-26,RACE,319.8881
2026-03-27,RACE,313.7787
2026-03-30,RACE,323.4669
2026-03-31,RACE,334.5885
2026-04-01,RACE,338.5231
2026-04-02,RACE,336.1208
2026-04-06,RACE,334.4204
2026-04-07,RACE,330.7528
2026-04-08,RACE,347.2919
2026-04-09,RACE,348.2014
2026-04-10,RACE,347.8752
2026-04-13,RACE,351.0881
2026-04-14,RACE,354.0439
2026-04-15,RACE,352.9861
2026-04-16,RACE,352.4523
2026-04-17,RACE,368.596
2026-04-20,RACE,372.84
2026-04-21,RACE,358.5
2026-04-22,RACE,358.58
2026-04-23,RACE,354.19
2026-04-24,RACE,351.95
2026-04-27,RACE,347.81
2026-04-28,RACE,342.71
2026-04-29,RACE,337.54
2026-04-30,RACE,347.3
2026-05-01,RACE,341.26
2026-05-04,RACE,338.91
2026-05-05,RACE,325.44
2026-05-06,RACE,336.25
2026-05-07,RACE,337.46
2026-05-08,RACE,339.69
2026-05-11,RACE,329.26
2026-05-12,RACE,329.26
2026-05-13,RACE,333.09
2026-05-14,RACE,332.21
2026-05-15,RACE,321.2
2026-05-18,RACE,324.77
2026-05-19,RACE,329.66
2026-05-20,RACE,341.81
2026-05-21,RACE,349.39
2026-05-22,RACE,348.24
2026-05-26,RACE,329.91
2026-05-27,RACE,333.22
2026-05-28,RACE,346.35
2026-05-29,RACE,340.23
2026-06-01,RACE,349.24
2026-06-02,RACE,353.81
2026-06-03,RACE,344.4
2026-06-04,RACE,349.92
2026-06-05,RACE,346.99
2026-06-08,RACE,351.57
2026-06-09,RACE,357.52
2026-06-10,RACE,346.56
2026-06-11,RACE,365.62
2026-06-12,RACE,354.91
2026-06-15,RACE,369.06
2026-06-16,RACE,366.13
2026-06-17,RACE,354.28
2026-06-18,RACE,362.13
2026-06-22,RACE,348.42
2026-06-23,RACE,344.87
2026-06-24,RACE,348.75
2026-06-25,RACE,352.2
2026-06-26,RACE,368.34
2026-06-29,RACE,368.34
2026-06-30,RACE,372.29
2026-07-01,RACE,374.66
2026-07-02,RACE,384.97
2026-07-06,RACE,391.86
2026-07-07,RACE,386.99
2026-07-08,RACE,375.03
2026-07-09,RACE,374.67
2026-07-10,RACE,376.64
2026-07-13,RACE,372.98
2026-07-14,RACE,369.16
2026-07-15,RACE,375.74
2026-07-16,RACE,382.58
2026-07-17,RACE,376.83
2026-07-20,RACE,371.52
2026-07-21,RACE,369.97
2026-07-22,RACE,371.61
2026-07-23,RACE,359.44
2026-07-24,RACE,360.14
2026-07-27,RACE,380.01
2026-07-28,RACE,390.14
2026-07-29,RACE,385.69
2026-07-30,RACE,397.73
2026-07-31,RACE,393.87
2026-08-03,RACE,401.28
2026-08-04,RACE,402.79
2026-08-05,RACE,406.8
2026-08-06,RACE,407.28
2026-08-07,RACE,412.26
2026-08-10,RACE,406.77
2026-08-11,RACE,410.26
2026-08-12,RACE,407.21
2026-08-13,RACE,412.29
2026-08-14,RACE,414.85
2026-08-17,RACE,417.1
2026-08-18,RACE,412.44
2026-08-19,RACE,425.18
2026-08-20,RACE,428.37
2026-08-21,RACE,436.54
2026-08-24,RACE,424.44
2026-08-25,RACE,421.85
2026-08-26,RACE,412.83
2026-08-27,RACE,414.04
2026-08-28,RACE,420.54
2026-08-31,RACE,422.6
2026-09-01,RACE,410.21
2026-09-02,RACE,413.23
2026-09-03,RACE,417.93
2026-09-04,RACE,409.95
2026-09-08,RACE,405.94
2026-09-09,RACE,402.33
2026-09-10,RACE,408.64
2026-09-11,RACE,413.78
2026-09-14,RACE,409.08
2026-09-15,RACE,406.92
2026-09-16,RACE,412.34
2026-09-17,RACE,414.0
2026-09-18,RACE,406.69
2026-09-21,RACE,416.13
2026-09-22,RACE,413.32
2026-09-23,RACE,413.05
2026-09-24,RACE,411.82
2026-09-25,RACE,411.33
2026-09-28,RACE,398.0
2026-09-29,RACE,402.05
2026-09-30,RACE,392.85
2026-10-01,RACE,387.3
2026-10-02,RACE,388.33
2025-10-03,RIVN,13.65
2025-10-06,RIVN,13.5
2025-10-07,RIVN,13.26
2025-10-08,RIVN,13.13
2025-10-09,RIVN,13.09
2025-10-10,RIVN,12.8
2025-10-13,RIVN,13.06
2025-10-14,RIVN,13.12
2025-10-15,RIVN,13.41
2025-10-16,RIVN,12.91
2025-10-17,RIVN,13.03
2025-10-20,RIVN,13.08
2025-10-21,RIVN,13.2
2025-10-22,RIVN,12.92
2025-10-23,RIVN,13.09
2025-10-24,RIVN,12.98
2025-10-27,RIVN,13.41
2025-10-28,RIVN,13.5
2025-10-29,RIVN,13.71
2025-10-30,RIVN,12.99
2025-10-31,RIVN,13.57
2025-11-03,RIVN,13.19
2025-11-04,RIVN,12.5
2025-11-05,RIVN,15.42
2025-11-06,RIVN,15.22
2025-11-07,RIVN,15.23
2025-11-10,RIVN,16.41
2025-11-11,RIVN,18.02
2025-11-12,RIVN,17.52
2025-11-13,RIVN,16.39
2025-11-14,RIVN,15.11
2025-11-17,RIVN,14.87
2025-11-18,RIVN,14.99
2025-11-19,RIVN,14.72
2025-11-20,RIVN,14.66
2025-11-21,RIVN,14.86
2025-11-24,RIVN,15.17
2025-11-25,RIVN,15.56
2025-11-26,RIVN,16.18
2025-11-28,RIVN,16.86
2025-12-01,RIVN,17.16
2025-12-02,RIVN,17.23
2025-12-03,RIVN,17.53
2025-12-04,RIVN,18.06
2025-12-05,RIVN,17.95
2025-12-08,RIVN,17.61
2025-12-09,RIVN,17.71
2025-12-10,RIVN,17.5
2025-12-11,RIVN,16.43
2025-12-12,RIVN,18.42
2025-12-15,RIVN,18.7
2025-12-16,RIVN,17.9
2025-12-17,RIVN,17.63
2025-12-18,RIVN,20.28
2025-12-19,RIVN,22.45
2025-12-22,RIVN,21.75
2025-12-23,RIVN,21.18
2025-12-24,RIVN,21.13
2025-12-26,RIVN,20.9
2025-12-29,RIVN,20.67
2025-12-30,RIVN,19.59
2025-12-31,RIVN,19.71
2026-01-02,RIVN,19.41
2026-01-05,RIVN,19.59
2026-01-06,RIVN,19.53
2026-01-07,RIVN,20.06
2026-01-08,RIVN,19.89
2026-01-09,RIVN,19.22
2026-01-12,RIVN,19.15
2026-01-13,RIVN,18.85
2026-01-14,RIVN,17.5
2026-01-15,RIVN,17.06
2026-01-16,RIVN,16.67
2026-01-20,RIVN,16.16
2026-01-21,RIVN,16.47
2026-01-22,RIVN,16.32
2026-01-23,RIVN,15.95
2026-01-26,RIVN,15.75
2026-01-27,RIVN,15.27
2026-01-28,RIVN,15.2
2026-01-29,RIVN,15.17
2026-01-30,RIVN,14.75
2026-02-02,RIVN,14.44
2026-02-03,RIVN,14.41
2026-02-04,RIVN,14.37
2026-02-05,RIVN,13.73
2026-02-06,RIVN,14.8
2026-02-09,RIVN,14.69
2026-02-10,RIVN,14.96
2026-02-11,RIVN,14.76
2026-02-12,RIVN,14.0
2026-02-13,RIVN,17.73
2026-02-17,RIVN,16.47
2026-02-18,RIVN,16.15
2026-02-19,RIVN,15.59
2026-02-20,RIVN,15.27
2026-02-23,RIVN,14.96
2026-02-24,RIVN,15.12
2026-02-25,RIVN,15.25
2026-02-26,RIVN,15.61
2026-02-27,RIVN,15.33
2026-03-02,RIVN,15.01
2026-03-03,RIVN,15.1
2026-03-04,RIVN,14.92
2026-03-05,RIVN,15.19
2026-03-06,RIVN,15.37
2026-03-09,RIVN,15.87
2026-03-10,RIVN,16.54
2026-03-11,RIVN,16.65
2026-03-12,RIVN,15.3
2026-03-13,RIVN,14.86
2026-03-16,RIVN,15.33
2026-03-17,RIVN,15.82
2026-03-18,RIVN,15.53
2026-03-19,RIVN,16.12
2026-03-20,RIVN,14.91
2026-03-23,RIVN,15.77
2026-03-24,RIVN,16.1
2026-03-25,RIVN,15.62
2026-03-26,RIVN,15.21
2026-03-27,RIVN,14.77
2026-03-30,RIVN,14.49
2026-03-31,RIVN,15.05
2026-04-01,RIVN,14.94
2026-04-02,RIVN,15.4
2026-04-06,RIVN,15.29
2026-04-07,RIVN,14.69
2026-04-08,RIVN,15.14
2026-04-09,RIVN,15.24
2026-04-10,RIVN,15.43
2026-04-13,RIVN,15.9
2026-04-14,RIVN,15.99
2026-04-15,RIVN,16.41
2026-04-16,RIVN,16.89
2026-04-17,RIVN,17.23
2026-04-20,RIVN,16.92
2026-04-21,RIVN,17.15
2026-04-22,RIVN,17.74
2026-04-23,RIVN,16.95
2026-04-24,RIVN,16.52
2026-04-27,RIVN,16.72
2026-04-28,RIVN,16.14
2026-04-29,RIVN,16.06
2026-04-30,RIVN,16.4
2026-05-01,RIVN,15.02
2026-05-04,RIVN,14.51
2026-05-05,RIVN,14.6
2026-05-06,RIVN,14.48
2026-05-07,RIVN,14.18
2026-05-08,RIVN,14.22
2026-05-11,RIVN,14.08
2026-05-12,RIVN,13.95
2026-05-13,RIVN,14.27
2026-05-14,RIVN,14.52
2026-05-15,RIVN,13.79
2026-05-18,RIVN,13.35
2026-05-19,RIVN,12.9
2026-05-20,RIVN,13.73
2026-05-21,RIVN,14.15
2026-05-22,RIVN,14.22
2026-05-26,RIVN,14.39
2026-05-27,RIVN,14.7
2026-05-28,RIVN,15.2
2026-05-29,RIVN,16.3
2026-06-01,RIVN,16.95
2026-06-02,RIVN,17.29
2026-06-03,RIVN,18.27
2026-06-04,RIVN,18.12
2026-06-05,RIVN,16.35
2026-06-08,RIVN,16.84
2026-06-09,RIVN,15.73
2026-06-10,RIVN,14.76
2026-06-11,RIVN,15.54
2026-06-12,RIVN,16.76
2026-06-15,RIVN,16.68
2026-06-16,RIVN,15.93
2026-06-17,RIVN,16.26
2026-06-18,RIVN,16.52
2026-06-22,RIVN,15.1
2026-06-23,RIVN,14.89
2026-06-24,RIVN,14.64
2026-06-25,RIVN,14.86
2026-06-26,RIVN,15.63
2026-06-29,RIVN,16.81
2026-06-30,RIVN,17.35
2026-07-01,RIVN,17.18
2026-07-02,RIVN,18.63
2026-07-06,RIVN,20.14
2026-07-07,RIVN,16.49
2026-07-08,RIVN,16.66
2026-07-09,RIVN,18.12
2026-07-10,RIVN,17.48
2026-07-13,RIVN,17.31
2026-07-14,RIVN,17.5
2026-07-15,RIVN,17.8
2026-07-16,RIVN,17.09
2026-07-17,RIVN,17.455
2026-07-20,RIVN,17.24
2026-07-21,RIVN,17.76
2026-07-22,RIVN,17.18
2026-07-23,RIVN,16.46
2026-07-24,RIVN,15.84
2026-07-27,RIVN,16.48
2026-07-28,RIVN,16.69
2026-07-29,RIVN,16.33
2026-07-30,RIVN,16.83
2026-07-31,RIVN,15.22
2026-08-03,RIVN,15.355
2026-08-04,RIVN,15.76
2026-08-05,RIVN,15.56
2026-08-06,RIVN,15.38
2026-08-07,RIVN,16.0
2026-08-10,RIVN,16.39
2026-08-11,RIVN,16.36
2026-08-12,RIVN,15.93
2026-08-13,RIVN,15.82
2026-08-14,RIVN,15.36
2026-08-17,RIVN,14.87
2026-08-18,RIVN,14.78
2026-08-19,RIVN,15.73
2026-08-20,RIVN,16.01
2026-08-21,RIVN,16.97
2026-08-24,RIVN,16.6
2026-08-25,RIVN,16.74
2026-08-26,RIVN,16.33
2026-08-27,RIVN,16.8
2026-08-28,RIVN,16.07
2026-08-31,RIVN,16.06
2026-09-01,RIVN,15.535
2026-09-02,RIVN,15.61
2026-09-03,RIVN,15.91
2026-09-04,RIVN,15.74
2026-09-08,RIVN,16.17
2026-09-09,RIVN,16.005
2026-09-10,RIVN,16.05
2026-09-11,RIVN,16.03
2026-09-14,RIVN,15.86
2026-09-15,RIVN,15.54
2026-09-16,RIVN,15.23
2026-09-17,RIVN,15.4
2026-09-18,RIVN,14.99
2026-09-21,RIVN,15.36
2026-09-22,RIVN,15.14
2026-09-23,RIVN,15.02
2026-09-24,RIVN,15.29
2026-09-25,RIVN,15.47
2026-09-28,RIVN,14.79
2026-09-29,RIVN,14.97
2026-09-30,RIVN,14.94
2026-10-01,RIVN,14.76
2026-10-02,RIVN,14.3
2025-10-03,SCHW,92.8927
2025-10-06,SCHW,92.8137
2025-10-07,SCHW,92.8236
2025-10-08,SCHW,92.6064
2025-10-09,SCHW,92.8335
2025-10-10,SCHW,90.7995
2025-10-13,SCHW,92.3102
2025-10-14,SCHW,92.2114
2025-10-15,SCHW,93.1396
2025-10-16,SCHW,92.2312
2025-10-17,SCHW,92.952
2025-10-20,SCHW,93.7517
2025-10-21,SCHW,93.89
2025-10-22,SCHW,93.1198
2025-10-23,SCHW,93.4062
2025-10-24,SCHW,93.2284
2025-10-27,SCHW,93.6431
2025-10-28,SCHW,92.6656
2025-10-29,SCHW,93.416
2025-10-30,SCHW,93.2186
2025-10-31,SCHW,93.3272
2025-11-03,SCHW,91.9744
2025-11-04,SCHW,92.6557
2025-11-05,SCHW,92.4978
2025-11-06,SCHW,93.0112
2025-11-07,SCHW,94.0381
2025-11-10,SCHW,94.3738
2025-11-11,SCHW,94.907
2025-11-12,SCHW,96.4769
2025-11-13,SCHW,94.1566
2025-11-14,SCHW,93.4634
2025-11-17,SCHW,91.0078
2025-11-18,SCHW,91.3742
2025-11-19,SCHW,91.7306
2025-11-20,SCHW,89.6017
2025-11-21,SCHW,89.6215
2025-11-24,SCHW,89.6314
2025-11-25,SCHW,89.8493
2025-11-26,SCHW,90.8989
2025-11-28,SCHW,91.8197
2025-12-01,SCHW,91.7801
2025-12-02,SCHW,91.1662
2025-12-03,SCHW,93.0674
2025-12-04,SCHW,94.0972
2025-12-05,SCHW,92.899
2025-12-08,SCHW,93.3545
2025-12-09,SCHW,93.2357
2025-12-10,SCHW,94.8695
2025-12-11,SCHW,96.0973
2025-12-12,SCHW,95.7012
2025-12-15,SCHW,94.3447
2025-12-16,SCHW,95.0576
2025-12-17,SCHW,95.6616
2025-12-18,SCHW,96.2756
2025-12-19,SCHW,97.8499
2025-12-22,SCHW,100.4145
2025-12-23,SCHW,100.1868
2025-12-24,SCHW,100.8502
2025-12-26,SCHW,100.8898
2025-12-29,SCHW,100.3155
2025-12-30,SCHW,99.563
2025-12-31,SCHW,98.9293
2026-01-02,SCHW,100.573
2026-01-05,SCHW,102.7216
2026-01-06,SCHW,102.5533
2026-01-07,SCHW,100.9294
2026-01-08,SCHW,100.3452
2026-01-09,SCHW,99.1867
2026-01-12,SCHW,100.8997
2026-01-13,SCHW,100.1868
2026-01-14,SCHW,100.9195
2026-01-15,SCHW,101.7513
2026-01-16,SCHW,102.8009
2026-01-20,SCHW,99.9986
2026-01-21,SCHW,100.7908
2026-01-22,SCHW,103.0286
2026-01-23,SCHW,101.177
2026-01-26,SCHW,101.9295
2026-01-27,SCHW,102.7019
2026-01-28,SCHW,102.4543
2026-01-29,SCHW,102.4543
2026-01-30,SCHW,102.8999
2026-02-02,SCHW,104.1376
2026-02-03,SCHW,102.7117
2026-02-04,SCHW,102.8603
2026-02-05,SCHW,100.9987
2026-02-06,SCHW,104.0485
2026-02-09,SCHW,106.1576
2026-02-10,SCHW,98.2757
2026-02-11,SCHW,94.513
2026-02-12,SCHW,94.1467
2026-02-13,SCHW,93.1134
2026-02-17,SCHW,92.4775
2026-02-18,SCHW,94.7626
2026-02-19,SCHW,93.2624
2026-02-20,SCHW,93.4214
2026-02-23,SCHW,92.1497
2026-02-24,SCHW,92.5173
2026-02-25,SCHW,94.7328
2026-02-26,SCHW,96.8888
2026-02-27,SCHW,94.5838
2026-03-02,SCHW,94.8719
2026-03-03,SCHW,94.6236
2026-03-04,SCHW,95.4184
2026-03-05,SCHW,94.7925
2026-03-06,SCHW,94.6136
2026-03-09,SCHW,93.7691
2026-03-10,SCHW,92.5669
2026-03-11,SCHW,92.0702
2026-03-12,SCHW,90.6494
2026-03-13,SCHW,92.4577
2026-03-16,SCHW,93.024
2026-03-17,SCHW,93.322
2026-03-18,SCHW,92.6762
2026-03-19,SCHW,93.3816
2026-03-20,SCHW,94.0473
2026-03-23,SCHW,94.6832
2026-03-24,SCHW,95.0607
2026-03-25,SCHW,94.3752
2026-03-26,SCHW,93.8585
2026-03-27,SCHW,91.7622
2026-03-30,SCHW,92.4577
2026-03-31,SCHW,93.3717
2026-04-01,SCHW,91.7622
2026-04-02,SCHW,93.1631
2026-04-06,SCHW,92.3881
2026-04-07,SCHW,92.7358
2026-04-08,SCHW,96.0741
2026-04-09,SCHW,96.6404
2026-04-10,SCHW,94.1864
2026-04-13,SCHW,96.1635
2026-04-14,SCHW,97.7432
2026-04-15,SCHW,99.621
2026-04-16,SCHW,92.0205
2026-04-17,SCHW,91.6827
2026-04-20,SCHW,92.5471
2026-04-21,SCHW,91.3747
2026-04-22,SCHW,91.1164
2026-04-23,SCHW,88.3445
2026-04-24,SCHW,87.9272
2026-04-27,SCHW,90.1726
2026-04-28,SCHW,90.2421
2026-04-29,SCHW,90.57
2026-04-30,SCHW,91.0469
2026-05-01,SCHW,90.9475
2026-05-04,SCHW,90.8879
2026-05-05,SCHW,91.8019
2026-05-06,SCHW,91.5536
2026-05-07,SCHW,88.9207
2026-05-08,SCHW,88.3524
2026-05-11,SCHW,87.5746
2026-05-12,SCHW,89.9178
2026-05-13,SCHW,90.9049
2026-05-14,SCHW,89.18
2026-05-15,SCHW,90.6158
2026-05-18,SCHW,92.1214
2026-05-19,SCHW,91.5431
2026-05-20,SCHW,89.848
2026-05-21,SCHW,90.1471
2026-05-22,SCHW,89.8879
2026-05-26,SCHW,89.1401
2026-05-27,SCHW,85.3611
2026-05-28,SCHW,85.1018
2026-05-29,SCHW,87.096
2026-06-01,SCHW,88.482
2026-06-02,SCHW,87.3553
2026-06-03,SCHW,86.3382
2026-06-04,SCHW,87.7441
2026-06-05,SCHW,88.5817
2026-06-08,SCHW,87.8239
2026-06-09,SCHW,88.5119
2026-06-10,SCHW,89.0104
2026-06-11,SCHW,88.4421
2026-06-12,SCHW,90.8351
2026-06-15,SCHW,90.6856
2026-06-16,SCHW,93.3977
2026-06-17,SCHW,94.2352
2026-06-18,SCHW,91.4334
2026-06-22,SCHW,91.7624
2026-06-23,SCHW,92.8991
2026-06-24,SCHW,91.1243
2026-06-25,SCHW,89.18
2026-06-26,SCHW,90.4064
2026-06-29,SCHW,90.2867
2026-06-30,SCHW,92.0017
2026-07-01,SCHW,95.5015
2026-07-02,SCHW,96.718
2026-07-06,SCHW,100.3274
2026-07-07,SCHW,101.6336
2026-07-08,SCHW,101.4043
2026-07-09,SCHW,101.6137
2026-07-10,SCHW,102.8202
2026-07-13,SCHW,102.0823
2026-07-14,SCHW,100.806
2026-07-15,SCHW,102.4911
2026-07-16,SCHW,102.5011
2026-07-17,SCHW,101.2647
2026-07-20,SCHW,102.2419
2026-07-21,SCHW,99.6694
2026-07-22,SCHW,100.5069
2026-07-23,SCHW,101.3146
2026-07-24,SCHW,101.6735
2026-07-27,SCHW,103.8771
2026-07-28,SCHW,105.6619
2026-07-29,SCHW,104.1663
2026-07-30,SCHW,104.0267
2026-07-31,SCHW,104.934
2026-08-03,SCHW,105.5622
2026-08-04,SCHW,106.0408
2026-08-05,SCHW,107.7059
2026-08-06,SCHW,107.347
2026-08-07,SCHW,107.2871
2026-08-10,SCHW,107.676
2026-08-11,SCHW,107.3869
2026-08-12,SCHW,109.0221
2026-08-13,SCHW,109.74
2026-08-14,SCHW,111.09
2026-08-17,SCHW,110.58
2026-08-18,SCHW,111.68
2026-08-19,SCHW,110.88
2026-08-20,SCHW,109.79
2026-08-21,SCHW,112.3
2026-08-24,SCHW,113.65
2026-08-25,SCHW,112.27
2026-08-26,SCHW,109.39
2026-08-27,SCHW,108.05
2026-08-28,SCHW,110.16
2026-08-31,SCHW,109.82
2026-09-01,SCHW,108.28
2026-09-02,SCHW,108.24
2026-09-03,SCHW,110.38
2026-09-04,SCHW,109.29
2026-09-08,SCHW,106.87
2026-09-09,SCHW,106.54
2026-09-10,SCHW,107.33
2026-09-11,SCHW,107.25
2026-09-14,SCHW,107.31
2026-09-15,SCHW,107.79
2026-09-16,SCHW,105.16
2026-09-17,SCHW,104.63
2026-09-18,SCHW,105.25
2026-09-21,SCHW,106.88
2026-09-22,SCHW,100.35
2026-09-23,SCHW,99.5
2026-09-24,SCHW,99.49
2026-09-25,SCHW,99.03
2026-09-28,SCHW,98.3
2026-09-29,SCHW,99.1
2026-09-30,SCHW,97.74
2026-10-01,SCHW,98.37
2026-10-02,SCHW,96.7
2025-10-03,SLB,33.4424
2025-10-06,SLB,33.7645
2025-10-07,SLB,33.5888
2025-10-08,SLB,33.1593
2025-10-09,SLB,32.3394
2025-10-10,SLB,30.963
2025-10-13,SLB,31.4999
2025-10-14,SLB,31.7927
2025-10-15,SLB,31.7927
2025-10-16,SLB,32.1344
2025-10-17,SLB,31.8513
2025-10-20,SLB,32.6322
2025-10-21,SLB,32.7201
2025-10-22,SLB,34.0671
2025-10-23,SLB,35.1507
2025-10-24,SLB,34.9749
2025-10-27,SLB,35.2971
2025-10-28,SLB,35.0042
2025-10-29,SLB,35.9511
2025-10-30,SLB,35.4533
2025-10-31,SLB,35.1995
2025-11-03,SLB,36.1365
2025-11-04,SLB,35.258
2025-11-05,SLB,35.6778
2025-11-06,SLB,35.4923
2025-11-07,SLB,35.7851
2025-11-10,SLB,36.0292
2025-11-11,SLB,36.7125
2025-11-12,SLB,35.2092
2025-11-13,SLB,35.4435
2025-11-14,SLB,36.0585
2025-11-17,SLB,34.9457
2025-11-18,SLB,35.1799
2025-11-19,SLB,35.0042
2025-11-20,SLB,34.3502
2025-11-21,SLB,35.3264
2025-11-24,SLB,34.8578
2025-11-25,SLB,35.0433
2025-11-26,SLB,34.809
2025-11-28,SLB,35.3752
2025-12-01,SLB,35.7266
2025-12-02,SLB,35.4923
2025-12-03,SLB,36.9435
2025-12-04,SLB,37.5043
2025-12-05,SLB,37.8388
2025-12-08,SLB,37.6223
2025-12-09,SLB,37.6814
2025-12-10,SLB,39.285
2025-12-11,SLB,39.6884
2025-12-12,SLB,38.8128
2025-12-15,SLB,38.2717
2025-12-16,SLB,37.0025
2025-12-17,SLB,37.9076
2025-12-18,SLB,37.5141
2025-12-19,SLB,37.4649
2025-12-22,SLB,37.7109
2025-12-23,SLB,37.583
2025-12-24,SLB,37.3567
2025-12-26,SLB,37.1796
2025-12-29,SLB,37.2878
2025-12-30,SLB,37.9273
2025-12-31,SLB,37.7601
2026-01-02,SLB,39.5507
2026-01-05,SLB,43.0925
2026-01-06,SLB,42.9253
2026-01-07,SLB,41.6856
2026-01-08,SLB,43.7123
2026-01-09,SLB,44.4699
2026-01-12,SLB,44.4207
2026-01-13,SLB,45.1586
2026-01-14,SLB,46.2113
2026-01-15,SLB,45.8178
2026-01-16,SLB,45.9752
2026-01-20,SLB,45.6997
2026-01-21,SLB,47.7363
2026-01-22,SLB,48.5234
2026-01-23,SLB,48.3561
2026-01-26,SLB,48.8972
2026-01-27,SLB,49.8417
2026-01-28,SLB,48.0806
2026-01-29,SLB,47.6674
2026-01-30,SLB,47.5985
2026-02-02,SLB,47.2739
2026-02-03,SLB,48.9563
2026-02-04,SLB,50.5206
2026-02-05,SLB,48.7103
2026-02-06,SLB,49.8811
2026-02-09,SLB,49.7237
2026-02-10,SLB,49.5072
2026-02-11,SLB,51.0263
2026-02-12,SLB,50.1158
2026-02-13,SLB,49.8684
2026-02-17,SLB,49.3241
2026-02-18,SLB,51.056
2026-02-19,SLB,51.0065
2026-02-20,SLB,50.3237
2026-02-23,SLB,50.7096
2026-02-24,SLB,51.3133
2026-02-25,SLB,51.1253
2026-02-26,SLB,50.957
2026-02-27,SLB,50.8086
2026-03-02,SLB,50.7393
2026-03-03,SLB,48.0772
2026-03-04,SLB,47.3943
2026-03-05,SLB,46.9094
2026-03-06,SLB,46.4146
2026-03-09,SLB,46.7016
2026-03-10,SLB,47.612
2026-03-11,SLB,47.6714
2026-03-12,SLB,44.0988
2026-03-13,SLB,44.2571
2026-03-16,SLB,44.4946
2026-03-17,SLB,45.6525
2026-03-18,SLB,44.8509
2026-03-19,SLB,47.325
2026-03-20,SLB,46.1473
2026-03-23,SLB,48.7402
2026-03-24,SLB,49.9872
2026-03-25,SLB,51.3529
2026-03-26,SLB,51.7686
2026-03-27,SLB,52.9462
2026-03-30,SLB,50.9966
2026-03-31,SLB,50.8581
2026-04-01,SLB,49.5122
2026-04-02,SLB,48.9283
2026-04-06,SLB,49.2647
2026-04-07,SLB,49.8288
2026-04-08,SLB,51.343
2026-04-09,SLB,51.9962
2026-04-10,SLB,51.3826
2026-04-13,SLB,51.3826
2026-04-14,SLB,50.957
2026-04-15,SLB,51.8774
2026-04-16,SLB,51.1946
2026-04-17,SLB,52.1149
2026-04-20,SLB,51.6597
2026-04-21,SLB,52.2238
2026-04-22,SLB,53.7874
2026-04-23,SLB,54.1734
2026-04-24,SLB,55.5688
2026-04-27,SLB,54.6583
2026-04-28,SLB,55.074
2026-04-29,SLB,55.1235
2026-04-30,SLB,56.2913
2026-05-01,SLB,56.3308
2026-05-04,SLB,55.0542
2026-05-05,SLB,55.4204
2026-05-06,SLB,54.5891
2026-05-07,SLB,52.4514
2026-05-08,SLB,52.7186
2026-05-11,SLB,54.3614
2026-05-12,SLB,55.0641
2026-05-13,SLB,54.8068
2026-05-14,SLB,55.173
2026-05-15,SLB,54.8068
2026-05-18,SLB,56.5585
2026-05-19,SLB,56.1824
2026-05-20,SLB,56.6871
2026-05-21,SLB,56.6574
2026-05-22,SLB,56.6871
2026-05-26,SLB,57.3799
2026-05-27,SLB,55.9152
2026-05-28,SLB,54.5495
2026-05-29,SLB,53.9854
2026-06-01,SLB,54.1833
2026-06-02,SLB,55.9746
2026-06-03,SLB,56.5565
2026-06-04,SLB,57.7106
2026-06-05,SLB,54.5868
2026-06-08,SLB,56.2581
2026-06-09,SLB,55.5617
2026-06-10,SLB,55.2235
2026-06-11,SLB,55.7109
2026-06-12,SLB,55.89
2026-06-15,SLB,53.4328
2026-06-16,SLB,52.7961
2026-06-17,SLB,50.0702
2026-06-18,SLB,47.8418
2026-06-22,SLB,47.7025
2026-06-23,SLB,47.5433
2026-06-24,SLB,46.3694
2026-06-25,SLB,47.1752
2026-06-26,SLB,46.7574
2026-06-29,SLB,46.1406
2026-06-30,SLB,46.25
2026-07-01,SLB,44.8573
2026-07-02,SLB,44.897
2026-07-06,SLB,45.484
2026-07-07,SLB,46.1804
2026-07-08,SLB,47.1852
2026-07-09,SLB,46.9962
2026-07-10,SLB,47.5135
2026-07-13,SLB,47.1155
2026-07-14,SLB,47.2946
2026-07-15,SLB,47.3046
2026-07-16,SLB,46.837
2026-07-17,SLB,46.7474
2026-07-20,SLB,46.1505
2026-07-21,SLB,46.3495
2026-07-22,SLB,47.4239
2026-07-23,SLB,46.9763
2026-07-24,SLB,52.1494
2026-07-27,SLB,51.264
2026-07-28,SLB,49.722
2026-07-29,SLB,48.7073
2026-07-30,SLB,48.6575
2026-07-31,SLB,49.334
2026-08-03,SLB,49.0555
2026-08-04,SLB,50.5477
2026-08-05,SLB,49.6524
2026-08-06,SLB,51.274
2026-08-07,SLB,50.2692
2026-08-10,SLB,52.9254
2026-08-11,SLB,53.4029
2026-08-12,SLB,52.3384
2026-08-13,SLB,51.7913
2026-08-14,SLB,53.4924
2026-08-17,SLB,53.582
2026-08-18,SLB,52.9353
2026-08-19,SLB,53.2736
2026-08-20,SLB,53.2736
2026-08-21,SLB,53.5919
2026-08-24,SLB,53.7213
2026-08-25,SLB,53.0149
2026-08-26,SLB,53.3233
2026-08-27,SLB,54.726
2026-08-28,SLB,57.0341
2026-08-31,SLB,59.7898
2026-09-01,SLB,56.855
2026-09-02,SLB,58.13
2026-09-03,SLB,57.41
2026-09-04,SLB,57.51
2026-09-08,SLB,57.1
2026-09-09,SLB,57.05
2026-09-10,SLB,56.01
2026-09-11,SLB,56.06
2026-09-14,SLB,53.32
2026-09-15,SLB,54.2
2026-09-16,SLB,52.3
2026-09-17,SLB,52.08
2026-09-18,SLB,51.12
2026-09-21,SLB,51.76
2026-09-22,SLB,52.12
2026-09-23,SLB,51.87
2026-09-24,SLB,51.43
2026-09-25,SLB,51.54
2026-09-28,SLB,51.49
2026-09-29,SLB,49.87
2026-09-30,SLB,48.72
2026-10-01,SLB,48.66
2026-10-02,SLB,48.74
2025-10-03,STLA,10.73
2025-10-06,STLA,10.79
2025-10-07,STLA,10.85
2025-10-08,STLA,10.8
2025-10-09,STLA,10.59
2025-10-10,STLA,9.81
2025-10-13,STLA,10.17
2025-10-14,STLA,9.91
2025-10-15,STLA,10.12
2025-10-16,STLA,10.23
2025-10-17,STLA,10.56
2025-10-20,STLA,10.69
2025-10-21,STLA,11.12
2025-10-22,STLA,10.8
2025-10-23,STLA,10.76
2025-10-24,STLA,10.88
2025-10-27,STLA,10.94
2025-10-28,STLA,11.31
2025-10-29,STLA,11.21
2025-10-30,STLA,10.14
2025-10-31,STLA,10.14
2025-11-03,STLA,10.22
2025-11-04,STLA,9.82
2025-11-05,STLA,10.25
2025-11-06,STLA,10.08
2025-11-07,STLA,10.24
2025-11-10,STLA,10.36
2025-11-11,STLA,10.76
2025-11-12,STLA,10.72
2025-11-13,STLA,10.62
2025-11-14,STLA,10.38
2025-11-17,STLA,9.98
2025-11-18,STLA,9.74
2025-11-19,STLA,9.69
2025-11-20,STLA,9.23
2025-11-21,STLA,9.87
2025-11-24,STLA,10.13
2025-11-25,STLA,10.54
2025-11-26,STLA,10.32
2025-11-28,STLA,10.66
2025-12-01,STLA,10.65
2025-12-02,STLA,10.95
2025-12-03,STLA,11.46
2025-12-04,STLA,11.84
2025-12-05,STLA,12.05
2025-12-08,STLA,11.94
2025-12-09,STLA,11.68
2025-12-10,STLA,12.12
2025-12-11,STLA,11.8
2025-12-12,STLA,11.78
2025-12-15,STLA,11.93
2025-12-16,STLA,11.83
2025-12-17,STLA,11.67
2025-12-18,STLA,11.65
2025-12-19,STLA,11.54
2025-12-22,STLA,11.08
2025-12-23,STLA,11.02
2025-12-24,STLA,11.03
2025-12-26,STLA,11.05
2025-12-29,STLA,11.05
2025-12-30,STLA,11.04
2025-12-31,STLA,10.89
2026-01-02,STLA,11.42
2026-01-05,STLA,11.31
2026-01-06,STLA,11.09
2026-01-07,STLA,10.78
2026-01-08,STLA,11.05
2026-01-09,STLA,10.91
2026-01-12,STLA,10.45
2026-01-13,STLA,10.1
2026-01-14,STLA,10.17
2026-01-15,STLA,10.02
2026-01-16,STLA,9.6
2026-01-20,STLA,9.36
2026-01-21,STLA,9.92
2026-01-22,STLA,9.79
2026-01-23,STLA,9.74
2026-01-26,STLA,9.68
2026-01-27,STLA,9.75
2026-01-28,STLA,9.7
2026-01-29,STLA,9.86
2026-01-30,STLA,9.87
2026-02-02,STLA,9.9
2026-02-03,STLA,9.92
2026-02-04,STLA,10.23
2026-02-05,STLA,9.54
2026-02-06,STLA,7.28
2026-02-09,STLA,7.31
2026-02-10,STLA,7.48
2026-02-11,STLA,7.62
2026-02-12,STLA,7.9
2026-02-13,STLA,7.75
2026-02-17,STLA,7.83
2026-02-18,STLA,7.84
2026-02-19,STLA,7.51
2026-02-20,STLA,7.73
2026-02-23,STLA,7.6
2026-02-24,STLA,7.77
2026-02-25,STLA,7.71
2026-02-26,STLA,8.05
2026-02-27,STLA,8.09
2026-03-02,STLA,7.63
2026-03-03,STLA,7.49
2026-03-04,STLA,7.47
2026-03-05,STLA,7.27
2026-03-06,STLA,7.15
2026-03-09,STLA,7.07
2026-03-10,STLA,6.9
2026-03-11,STLA,6.89
2026-03-12,STLA,6.86
2026-03-13,STLA,6.5
2026-03-16,STLA,6.57
2026-03-17,STLA,6.71
2026-03-18,STLA,6.5
2026-03-19,STLA,6.5
2026-03-20,STLA,6.33
2026-03-23,STLA,6.59
2026-03-24,STLA,6.75
2026-03-25,STLA,6.88
2026-03-26,STLA,6.75
2026-03-27,STLA,6.71
2026-03-30,STLA,6.75
2026-03-31,STLA,7.09
2026-04-01,STLA,7.43
2026-04-02,STLA,7.55
2026-04-06,STLA,7.48
2026-04-07,STLA,7.42
2026-04-08,STLA,7.76
2026-04-09,STLA,7.93
2026-04-10,STLA,8.04
2026-04-13,STLA,7.98
2026-04-14,STLA,8.16
2026-04-15,STLA,8.3
2026-04-16,STLA,8.15
2026-04-17,STLA,8.62
2026-04-20,STLA,8.69
2026-04-21,STLA,8.59
2026-04-22,STLA,8.5
2026-04-23,STLA,8.29
2026-04-24,STLA,8.06
2026-04-27,STLA,7.99
2026-04-28,STLA,7.86
2026-04-29,STLA,7.7
2026-04-30,STLA,7.28
2026-05-01,STLA,7.13
2026-05-04,STLA,7.08
2026-05-05,STLA,7.2
2026-05-06,STLA,7.66
2026-05-07,STLA,7.48
2026-05-08,STLA,7.74
2026-05-11,STLA,7.46
2026-05-12,STLA,7.4
2026-05-13,STLA,7.6
2026-05-14,STLA,7.84
2026-05-15,STLA,7.49
2026-05-18,STLA,7.41
2026-05-19,STLA,7.35
2026-05-20,STLA,7.53
2026-05-21,STLA,7.56
2026-05-22,STLA,7.61
2026-05-26,STLA,7.81
2026-05-27,STLA,8.16
2026-05-28,STLA,8.2
2026-05-29,STLA,7.98
2026-06-01,STLA,7.82
2026-06-02,STLA,7.68
2026-06-03,STLA,7.35
2026-06-04,STLA,7.39
2026-06-05,STLA,7.11
2026-06-08,STLA,7.08
2026-06-09,STLA,7.04
2026-06-10,STLA,6.57
2026-06-11,STLA,6.89
2026-06-12,STLA,6.87
2026-06-15,STLA,7.04
2026-06-16,STLA,6.64
2026-06-17,STLA,6.47
2026-06-18,STLA,6.34
2026-06-22,STLA,6.38
2026-06-23,STLA,5.96
2026-06-24,STLA,5.84
2026-06-25,STLA,5.74
2026-06-26,STLA,5.68
2026-06-29,STLA,5.57
2026-06-30,STLA,5.74
2026-07-01,STLA,5.81
2026-07-02,STLA,5.81
2026-07-06,STLA,5.8
2026-07-07,STLA,5.65
2026-07-08,STLA,5.4
2026-07-09,STLA,5.33
2026-07-10,STLA,5.5
2026-07-13,STLA,5.57
2026-07-14,STLA,5.69
2026-07-15,STLA,5.9
2026-07-16,STLA,5.96
2026-07-17,STLA,5.79
2026-07-20,STLA,5.75
2026-07-21,STLA,5.78
2026-07-22,STLA,5.8
2026-07-23,STLA,5.75
2026-07-24,STLA,5.69
2026-07-27,STLA,5.7
2026-07-28,STLA,5.76
2026-07-29,STLA,6.01
2026-07-30,STLA,5.86
2026-07-31,STLA,5.76
2026-08-03,STLA,5.65
2026-08-04,STLA,5.86
2026-08-05,STLA,5.63
2026-08-06,STLA,5.55
2026-08-07,STLA,5.52
2026-08-10,STLA,5.58
2026-08-11,STLA,5.45
2026-08-12,STLA,5.35
2026-08-13,STLA,5.37
2026-08-14,STLA,5.36
2026-08-17,STLA,5.12
2026-08-18,STLA,5.05
2026-08-19,STLA,5.43
2026-08-20,STLA,5.26
2026-08-21,STLA,5.41
2026-08-24,STLA,5.22
2026-08-25,STLA,5.26
2026-08-26,STLA,5.15
2026-08-27,STLA,5.28
2026-08-28,STLA,5.42
2026-08-31,STLA,5.49
2026-09-01,STLA,5.35
2026-09-02,STLA,5.27
2026-09-03,STLA,5.49
2026-09-04,STLA,5.56
2026-09-08,STLA,5.39
2026-09-09,STLA,5.29
2026-09-10,STLA,5.28
2026-09-11,STLA,5.4
2026-09-14,STLA,5.26
2026-09-15,STLA,5.11
2026-09-16,STLA,4.92
2026-09-17,STLA,5.05
2026-09-18,STLA,4.82
2026-09-21,STLA,4.81
2026-09-22,STLA,4.83
2026-09-23,STLA,4.62
2026-09-24,STLA,4.47
2026-09-25,STLA,4.6
2026-09-28,STLA,4.62
2026-09-29,STLA,4.43
2026-09-30,STLA,4.36
2026-10-01,STLA,4.69
2026-10-02,STLA,4.4
2025-10-03,STT,113.6837
2025-10-06,STT,114.1917
2025-10-07,STT,114.1819
2025-10-08,STT,113.9866
2025-10-09,STT,114.5141
2025-10-10,STT,108.4284
2025-10-13,STT,111.5445
2025-10-14,STT,112.7264
2025-10-15,STT,114.0061
2025-10-16,STT,110.3332
2025-10-17,STT,108.7898
2025-10-20,STT,112.619
2025-10-21,STT,111.7105
2025-10-22,STT,110.597
2025-10-23,STT,111.9548
2025-10-24,STT,113.4298
2025-10-27,STT,114.3187
2025-10-28,STT,115.9305
2025-10-29,STT,114.0452
2025-10-30,STT,112.5506
2025-10-31,STT,112.9804
2025-11-03,STT,113.9866
2025-11-04,STT,113.4591
2025-11-05,STT,114.1917
2025-11-06,STT,114.5531
2025-11-07,STT,115.569
2025-11-10,STT,116.9171
2025-11-11,STT,116.6631
2025-11-12,STT,118.3042
2025-11-13,STT,115.5397
2025-11-14,STT,114.1331
2025-11-17,STT,110.2258
2025-11-18,STT,110.5774
2025-11-19,STT,111.3589
2025-11-20,STT,110.6751
2025-11-21,STT,111.7105
2025-11-24,STT,112.4334
2025-11-25,STT,113.4005
2025-11-26,STT,114.9341
2025-11-28,STT,116.2626
2025-12-01,STT,115.3834
2025-12-02,STT,116.2626
2025-12-03,STT,118.099
2025-12-04,STT,119.0466
2025-12-05,STT,120.7462
2025-12-08,STT,121.1956
2025-12-09,STT,123.2372
2025-12-10,STT,125.9332
2025-12-11,STT,126.5975
2025-12-12,STT,124.7122
2025-12-15,STT,125.9625
2025-12-16,STT,124.2042
2025-12-17,STT,124.4094
2025-12-18,STT,124.4191
2025-12-19,STT,125.523
2025-12-22,STT,127.838
2025-12-23,STT,127.672
2025-12-24,STT,129.1568
2025-12-26,STT,129.2154
2025-12-29,STT,128.639
2025-12-30,STT,127.3203
2025-12-31,STT,126.0211
2026-01-02,STT,126.9061
2026-01-05,STT,130.78
2026-01-06,STT,132.068
2026-01-07,STT,130.2294
2026-01-08,STT,130.5735
2026-01-09,STT,130.3474
2026-01-12,STT,130.8586
2026-01-13,STT,130.5833
2026-01-14,STT,132.4613
2026-01-15,STT,134.005
2026-01-16,STT,125.8737
2026-01-20,STT,123.2091
2026-01-21,STT,124.7823
2026-01-22,STT,126.3063
2026-01-23,STT,123.976
2026-01-26,STT,125.4509
2026-01-27,STT,125.4804
2026-01-28,STT,125.8737
2026-01-29,STT,129.2265
2026-01-30,STT,128.666
2026-02-02,STT,130.3572
2026-02-03,STT,127.9089
2026-02-04,STT,129.8164
2026-02-05,STT,126.5521
2026-02-06,STT,130.1311
2026-02-09,STT,132.0287
2026-02-10,STT,130.0131
2026-02-11,STT,129.4035
2026-02-12,STT,124.1923
2026-02-13,STT,125.8245
2026-02-17,STT,125.854
2026-02-18,STT,127.5058
2026-02-19,STT,125.7262
2026-02-20,STT,125.795
2026-02-23,STT,123.0321
2026-02-24,STT,125.0969
2026-02-25,STT,129.4133
2026-02-26,STT,130.0524
2026-02-27,STT,126.4636
2026-03-02,STT,127.2895
2026-03-03,STT,123.799
2026-03-04,STT,124.4185
2026-03-05,STT,123.0419
2026-03-06,STT,119.0107
2026-03-09,STT,119.8858
2026-03-10,STT,120.4954
2026-03-11,STT,123.8875
2026-03-12,STT,121.1443
2026-03-13,STT,119.3056
2026-03-16,STT,118.2044
2026-03-17,STT,119.522
2026-03-18,STT,119.0598
2026-03-19,STT,118.9222
2026-03-20,STT,119.9251
2026-03-23,STT,121.164
2026-03-24,STT,124.1628
2026-03-25,STT,124.7921
2026-03-26,STT,123.5532
2026-03-27,STT,120.4659
2026-03-30,STT,121.3508
2026-03-31,STT,124.4381
2026-04-01,STT,126.9423
2026-04-02,STT,127.4867
2026-04-06,STT,128.8725
2026-04-07,STT,129.8722
2026-04-08,STT,134.742
2026-04-09,STT,137.0779
2026-04-10,STT,137.9984
2026-04-13,STT,140.176
2026-04-14,STT,140.3344
2026-04-15,STT,141.2846
2026-04-16,STT,140.4531
2026-04-17,STT,143.9472
2026-04-20,STT,148.6487
2026-04-21,STT,152.0042
2026-04-22,STT,150.8461
2026-04-23,STT,149.7078
2026-04-24,STT,149.203
2026-04-27,STT,152.4496
2026-04-28,STT,150.9253
2026-04-29,STT,149.1634
2026-04-30,STT,151.2816
2026-05-01,STT,150.4502
2026-05-04,STT,146.5701
2026-05-05,STT,147.164
2026-05-06,STT,149.6979
2026-05-07,STT,147.263
2026-05-08,STT,147.9658
2026-05-11,STT,148.6388
2026-05-12,STT,148.916
2026-05-13,STT,150.0345
2026-05-14,STT,152.1922
2026-05-15,STT,151.2915
2026-05-18,STT,152.1724
2026-05-19,STT,149.3416
2026-05-20,STT,152.4991
2026-05-21,STT,152.123
2026-05-22,STT,152.3803
2026-05-26,STT,156.9037
2026-05-27,STT,156.3098
2026-05-28,STT,156.003
2026-05-29,STT,154.0531
2026-06-01,STT,158.1607
2026-06-02,STT,158.1508
2026-06-03,STT,156.2702
2026-06-04,STT,161.0906
2026-06-05,STT,160.1008
2026-06-08,STT,160.1602
2026-06-09,STT,161.5855
2026-06-10,STT,160.1503
2026-06-11,STT,163.1692
2026-06-12,STT,165.9208
2026-06-15,STT,165.6635
2026-06-16,STT,169.5435
2026-06-17,STT,169.3554
2026-06-18,STT,166.5939
2026-06-22,STT,171.9388
2026-06-23,STT,171.9586
2026-06-24,STT,167.1481
2026-06-25,STT,167.7816
2026-06-26,STT,166.3959
2026-06-29,STT,168.4448
2026-06-30,STT,167.8707
2026-07-01,STT,168.7759
2026-07-02,STT,169.7906
2026-07-06,STT,175.0328
2026-07-07,STT,178.9918
2026-07-08,STT,176.4851
2026-07-09,STT,179.2107
2026-07-10,STT,179.2703
2026-07-13,STT,177.2311
2026-07-14,STT,182.6823
2026-07-15,STT,185.6068
2026-07-16,STT,184.6817
2026-07-17,STT,181.5383
2026-07-20,STT,181.6179
2026-07-21,STT,182.3341
2026-07-22,STT,184.2639
2026-07-23,STT,183.2393
2026-07-24,STT,184.423
2026-07-27,STT,183.687
2026-07-28,STT,181.608
2026-07-29,STT,175.1124
2026-07-30,STT,181.8566
2026-07-31,STT,183.1896
2026-08-03,STT,182.7021
2026-08-04,STT,184.2539
2026-08-05,STT,186.0643
2026-08-06,STT,183.9456
2026-08-07,STT,183.7068
2026-08-10,STT,185.6963
2026-08-11,STT,186.2334
2026-08-12,STT,189.1082
2026-08-13,STT,188.8496
2026-08-14,STT,190.7296
2026-08-17,STT,192.0228
2026-08-18,STT,190.8589
2026-08-19,STT,184.8309
2026-08-20,STT,182.1053
2026-08-21,STT,186.1439
2026-08-24,STT,189.914
2026-08-25,STT,191.9333
2026-08-26,STT,192.5997
2026-08-27,STT,192.351
2026-08-28,STT,192.3112
2026-08-31,STT,190.3715
2026-09-01,STT,186.8004
2026-09-02,STT,189.0386
2026-09-03,STT,192.918
2026-09-04,STT,193.2363
2026-09-08,STT,190.8689
2026-09-09,STT,190.8788
2026-09-10,STT,190.2919
2026-09-11,STT,192.3809
2026-09-14,STT,187.1685
2026-09-15,STT,184.1545
2026-09-16,STT,181.9362
2026-09-17,STT,182.1053
2026-09-18,STT,181.9064
2026-09-21,STT,183.4283
2026-09-22,STT,179.3002
2026-09-23,STT,179.0018
2026-09-24,STT,180.1357
2026-09-25,STT,180.3844
2026-09-28,STT,178.7829
2026-09-29,STT,176.8432
2026-09-30,STT,173.67
2026-10-01,STT,174.62
2026-10-02,STT,175.96
2025-10-03,TFC,43.6501
2025-10-06,TFC,43.4679
2025-10-07,TFC,43.3433
2025-10-08,TFC,42.3268
2025-10-09,TFC,42.4323
2025-10-10,TFC,40.572
2025-10-13,TFC,41.1857
2025-10-14,TFC,42.1254
2025-10-15,TFC,41.483
2025-10-16,TFC,39.4021
2025-10-17,TFC,40.8501
2025-10-20,TFC,41.6652
2025-10-21,TFC,42.0296
2025-10-22,TFC,41.809
2025-10-23,TFC,41.8186
2025-10-24,TFC,42.3748
2025-10-27,TFC,42.7967
2025-10-28,TFC,42.509
2025-10-29,TFC,42.1063
2025-10-30,TFC,42.5186
2025-10-31,TFC,42.7967
2025-11-03,TFC,42.4035
2025-11-04,TFC,41.9337
2025-11-05,TFC,42.2501
2025-11-06,TFC,42.2022
2025-11-07,TFC,42.9022
2025-11-10,TFC,43.2666
2025-11-11,TFC,43.4488
2025-11-12,TFC,43.7652
2025-11-13,TFC,43.4679
2025-11-14,TFC,43.5164
2025-11-17,TFC,42.6046
2025-11-18,TFC,43.012
2025-11-19,TFC,43.3127
2025-11-20,TFC,43.0702
2025-11-21,TFC,44.1179
2025-11-24,TFC,44.1373
2025-11-25,TFC,44.9327
2025-11-26,TFC,44.8551
2025-11-28,TFC,45.1073
2025-12-01,TFC,45.1752
2025-12-02,TFC,45.0879
2025-12-03,TFC,45.9998
2025-12-04,TFC,46.1162
2025-12-05,TFC,46.1065
2025-12-08,TFC,46.2714
2025-12-09,TFC,46.4848
2025-12-10,TFC,48.0757
2025-12-11,TFC,48.2115
2025-12-12,TFC,48.3958
2025-12-15,TFC,48.2503
2025-12-16,TFC,48.2212
2025-12-17,TFC,48.648
2025-12-18,TFC,48.4443
2025-12-19,TFC,48.5801
2025-12-22,TFC,49.0457
2025-12-23,TFC,48.9778
2025-12-24,TFC,49.2203
2025-12-26,TFC,49.0942
2025-12-29,TFC,48.5219
2025-12-30,TFC,48.0757
2025-12-31,TFC,47.7362
2026-01-02,TFC,48.2503
2026-01-05,TFC,48.9681
2026-01-06,TFC,49.6472
2026-01-07,TFC,49.0651
2026-01-08,TFC,49.424
2026-01-09,TFC,49.1039
2026-01-12,TFC,48.6383
2026-01-13,TFC,48.2018
2026-01-14,TFC,48.3376
2026-01-15,TFC,48.7741
2026-01-16,TFC,48.4928
2026-01-20,TFC,47.6682
2026-01-21,TFC,48.5219
2026-01-22,TFC,48.7935
2026-01-23,TFC,48.0854
2026-01-26,TFC,48.6868
2026-01-27,TFC,49.3658
2026-01-28,TFC,48.8032
2026-01-29,TFC,49.783
2026-01-30,TFC,49.88
2026-02-02,TFC,51.0828
2026-02-03,TFC,52.4118
2026-02-04,TFC,53.4594
2026-02-05,TFC,53.4885
2026-02-06,TFC,54.1385
2026-02-09,TFC,53.1393
2026-02-10,TFC,53.4497
2026-02-11,TFC,52.4215
2026-02-12,TFC,50.5105
2026-02-13,TFC,50.8534
2026-02-17,TFC,51.1474
2026-02-18,TFC,51.6275
2026-02-19,TFC,50.7359
2026-02-20,TFC,51.265
2026-02-23,TFC,49.0799
2026-02-24,TFC,48.6586
2026-02-25,TFC,49.5503
2026-02-26,TFC,50.4615
2026-02-27,TFC,48.3157
2026-03-02,TFC,48.5508
2026-03-03,TFC,48.3059
2026-03-04,TFC,48.1197
2026-03-05,TFC,47.5024
2026-03-06,TFC,45.5525
2026-03-09,TFC,45.8073
2026-03-10,TFC,45.7093
2026-03-11,TFC,44.7295
2026-03-12,TFC,43.4753
2026-03-13,TFC,42.9462
2026-03-16,TFC,43.6223
2026-03-17,TFC,43.6908
2026-03-18,TFC,42.9658
2026-03-19,TFC,42.9952
2026-03-20,TFC,43.2695
2026-03-23,TFC,43.9554
2026-03-24,TFC,44.4061
2026-03-25,TFC,44.4747
2026-03-26,TFC,44.0632
2026-03-27,TFC,43.6321
2026-03-30,TFC,43.7398
2026-03-31,TFC,45.043
2026-04-01,TFC,45.7681
2026-04-02,TFC,46.209
2026-04-06,TFC,46.6793
2026-04-07,TFC,46.8655
2026-04-08,TFC,48.2961
2026-04-09,TFC,49.4621
2026-04-10,TFC,48.5998
2026-04-13,TFC,49.0015
2026-04-14,TFC,48.5312
2026-04-15,TFC,48.59
2026-04-16,TFC,48.4332
2026-04-17,TFC,49.5503
2026-04-20,TFC,49.8148
2026-04-21,TFC,50.0402
2026-04-22,TFC,49.9226
2026-04-23,TFC,50.3635
2026-04-24,TFC,49.707
2026-04-27,TFC,50.1969
2026-04-28,TFC,50.1186
2026-04-29,TFC,49.6286
2026-04-30,TFC,50.4615
2026-05-01,TFC,49.903
2026-05-04,TFC,48.4822
2026-05-05,TFC,48.9428
2026-05-06,TFC,49.7756
2026-05-07,TFC,48.737
2026-05-08,TFC,48.6281
2026-05-11,TFC,47.4993
2026-05-12,TFC,47.321
2026-05-13,TFC,46.0833
2026-05-14,TFC,46.6675
2026-05-15,TFC,46.4992
2026-05-18,TFC,46.5883
2026-05-19,TFC,46.311
2026-05-20,TFC,47.529
2026-05-21,TFC,47.42
2026-05-22,TFC,47.9052
2026-05-26,TFC,48.2023
2026-05-27,TFC,47.9845
2026-05-28,TFC,47.3309
2026-05-29,TFC,47.7369
2026-06-01,TFC,46.4101
2026-06-02,TFC,47.6478
2026-06-03,TFC,46.9547
2026-06-04,TFC,48.6974
2026-06-05,TFC,48.7172
2026-06-08,TFC,48.3508
2026-06-09,TFC,48.9449
2026-06-10,TFC,49.2717
2026-06-11,TFC,50.1827
2026-06-12,TFC,51.153
2026-06-15,TFC,48.0043
2026-06-16,TFC,48.6479
2026-06-17,TFC,47.6973
2026-06-18,TFC,47.8557
2026-06-22,TFC,48.2815
2026-06-23,TFC,49.1826
2026-06-24,TFC,49.3014
2026-06-25,TFC,50.1728
2026-06-26,TFC,49.9945
2026-06-29,TFC,50.0837
2026-06-30,TFC,49.3311
2026-07-01,TFC,50.3906
2026-07-02,TFC,50.4797
2026-07-06,TFC,50.9154
2026-07-07,TFC,50.856
2026-07-08,TFC,49.2024
2026-07-09,TFC,50.8659
2026-07-10,TFC,51.163
2026-07-13,TFC,51.4402
2026-07-14,TFC,51.4402
2026-07-15,TFC,52.2819
2026-07-16,TFC,52.7274
2026-07-17,TFC,51.9848
2026-07-20,TFC,50.4995
2026-07-21,TFC,50.8758
2026-07-22,TFC,51.2224
2026-07-23,TFC,50.6976
2026-07-24,TFC,51.2521
2026-07-27,TFC,51.6085
2026-07-28,TFC,52.47
2026-07-29,TFC,51.7967
2026-07-30,TFC,51.4996
2026-07-31,TFC,51.3313
2026-08-03,TFC,51.4105
2026-08-04,TFC,52.1432
2026-08-05,TFC,52.3314
2026-08-06,TFC,52.0739
2026-08-07,TFC,51.8363
2026-08-10,TFC,51.3511
2026-08-11,TFC,51.7967
2026-08-12,TFC,52.1531
2026-08-13,TFC,52.47
2026-08-14,TFC,53.1
2026-08-17,TFC,52.53
2026-08-18,TFC,52.41
2026-08-19,TFC,50.97
2026-08-20,TFC,50.23
2026-08-21,TFC,50.42
2026-08-24,TFC,50.81
2026-08-25,TFC,50.3
2026-08-26,TFC,50.67
2026-08-27,TFC,50.3
2026-08-28,TFC,50.43
2026-08-31,TFC,49.58
2026-09-01,TFC,49.44
2026-09-02,TFC,50.81
2026-09-03,TFC,51.61
2026-09-04,TFC,51.65
2026-09-08,TFC,50.55
2026-09-09,TFC,50.15
2026-09-10,TFC,50.33
2026-09-11,TFC,50.4
2026-09-14,TFC,50.1
2026-09-15,TFC,50.46
2026-09-16,TFC,48.44
2026-09-17,TFC,48.45
2026-09-18,TFC,48.56
2026-09-21,TFC,49.0
2026-09-22,TFC,48.07
2026-09-23,TFC,47.0
2026-09-24,TFC,47.18
2026-09-25,TFC,47.66
2026-09-28,TFC,47.09
2026-09-29,TFC,46.44
2026-09-30,TFC,46.3
2026-10-01,TFC,46.28
2026-10-02,TFC,46.45
2025-10-03,TM,194.59
2025-10-06,TM,199.18
2025-10-07,TM,199.89
2025-10-08,TM,198.21
2025-10-09,TM,192.33
2025-10-10,TM,185.22
2025-10-13,TM,187.88
2025-10-14,TM,191.74
2025-10-15,TM,194.33
2025-10-16,TM,195.41
2025-10-17,TM,197.83
2025-10-20,TM,200.11
2025-10-21,TM,201.95
2025-10-22,TM,203.51
2025-10-23,TM,204.06
2025-10-24,TM,205.37
2025-10-27,TM,209.22
2025-10-28,TM,211.24
2025-10-29,TM,207.09
2025-10-30,TM,207.21
2025-10-31,TM,204.19
2025-11-03,TM,205.72
2025-11-04,TM,203.89
2025-11-05,TM,199.15
2025-11-06,TM,202.94
2025-11-07,TM,201.98
2025-11-10,TM,203.94
2025-11-11,TM,205.99
2025-11-12,TM,207.29
2025-11-13,TM,203.26
2025-11-14,TM,204.08
2025-11-17,TM,199.0
2025-11-18,TM,195.96
2025-11-19,TM,196.78
2025-11-20,TM,191.25
2025-11-21,TM,197.62
2025-11-24,TM,199.06
2025-11-25,TM,200.26
2025-11-26,TM,202.44
2025-11-28,TM,201.87
2025-12-01,TM,199.22
2025-12-02,TM,196.99
2025-12-03,TM,195.44
2025-12-04,TM,198.27
2025-12-05,TM,196.56
2025-12-08,TM,195.21
2025-12-09,TM,196.34
2025-12-10,TM,200.78
2025-12-11,TM,203.56
2025-12-12,TM,208.12
2025-12-15,TM,214.81
2025-12-16,TM,214.42
2025-12-17,TM,214.24
2025-12-18,TM,216.08
2025-12-19,TM,219.38
2025-12-22,TM,219.51
2025-12-23,TM,219.24
2025-12-24,TM,216.73
2025-12-26,TM,216.62
2025-12-29,TM,216.44
2025-12-30,TM,214.85
2025-12-31,TM,214.06
2026-01-02,TM,217.87
2026-01-05,TM,218.86
2026-01-06,TM,215.27
2026-01-07,TM,213.33
2026-01-08,TM,214.73
2026-01-09,TM,221.52
2026-01-12,TM,222.59
2026-01-13,TM,229.03
2026-01-14,TM,227.3
2026-01-15,TM,232.33
2026-01-16,TM,231.42
2026-01-20,TM,220.47
2026-01-21,TM,227.74
2026-01-22,TM,227.04
2026-01-23,TM,226.28
2026-01-26,TM,225.62
2026-01-27,TM,224.12
2026-01-28,TM,218.89
2026-01-29,TM,227.07
2026-01-30,TM,226.86
2026-02-02,TM,231.58
2026-02-03,TM,231.42
2026-02-04,TM,241.39
2026-02-05,TM,237.19
2026-02-06,TM,244.22
2026-02-09,TM,242.39
2026-02-10,TM,238.24
2026-02-11,TM,242.81
2026-02-12,TM,241.64
2026-02-13,TM,248.29
2026-02-17,TM,245.51
2026-02-18,TM,243.2
2026-02-19,TM,241.65
2026-02-20,TM,239.6
2026-02-23,TM,238.03
2026-02-24,TM,238.64
2026-02-25,TM,241.73
2026-02-26,TM,242.62
2026-02-27,TM,242.38
2026-03-02,TM,243.66
2026-03-03,TM,232.17
2026-03-04,TM,232.81
2026-03-05,TM,221.48
2026-03-06,TM,219.14
2026-03-09,TM,219.53
2026-03-10,TM,221.01
2026-03-11,TM,220.77
2026-03-12,TM,216.59
2026-03-13,TM,210.84
2026-03-16,TM,213.23
2026-03-17,TM,213.07
2026-03-18,TM,209.11
2026-03-19,TM,208.93
2026-03-20,TM,205.02
2026-03-23,TM,210.64
2026-03-24,TM,209.78
2026-03-25,TM,210.93
2026-03-26,TM,209.93
2026-03-27,TM,206.73
2026-03-30,TM,202.94
2026-03-31,TM,206.09
2026-04-01,TM,209.67
2026-04-02,TM,207.01
2026-04-06,TM,204.42
2026-04-07,TM,203.66
2026-04-08,TM,215.0
2026-04-09,TM,211.14
2026-04-10,TM,210.64
2026-04-13,TM,211.06
2026-04-14,TM,211.55
2026-04-15,TM,213.18
2026-04-16,TM,212.86
2026-04-17,TM,217.2
2026-04-20,TM,215.25
2026-04-21,TM,203.97
2026-04-22,TM,200.43
2026-04-23,TM,196.08
2026-04-24,TM,192.32
2026-04-27,TM,192.17
2026-04-28,TM,192.98
2026-04-29,TM,191.26
2026-04-30,TM,192.62
2026-05-01,TM,188.71
2026-05-04,TM,188.3
2026-05-05,TM,189.99
2026-05-06,TM,195.05
2026-05-07,TM,189.0
2026-05-08,TM,187.53
2026-05-11,TM,183.8
2026-05-12,TM,181.67
2026-05-13,TM,186.89
2026-05-14,TM,190.5
2026-05-15,TM,190.68
2026-05-18,TM,187.37
2026-05-19,TM,185.47
2026-05-20,TM,189.94
2026-05-21,TM,189.66
2026-05-22,TM,189.08
2026-05-26,TM,190.09
2026-05-27,TM,190.11
2026-05-28,TM,191.84
2026-05-29,TM,189.95
2026-06-01,TM,182.92
2026-06-02,TM,180.49
2026-06-03,TM,180.22
2026-06-04,TM,179.5
2026-06-05,TM,177.16
2026-06-08,TM,178.45
2026-06-09,TM,175.78
2026-06-10,TM,172.03
2026-06-11,TM,174.95
2026-06-12,TM,174.95
2026-06-15,TM,180.22
2026-06-16,TM,178.19
2026-06-17,TM,172.77
2026-06-18,TM,173.94
2026-06-22,TM,169.73
2026-06-23,TM,167.23
2026-06-24,TM,167.76
2026-06-25,TM,166.5
2026-06-26,TM,171.48
2026-06-29,TM,171.36
2026-06-30,TM,168.42
2026-07-01,TM,169.66
2026-07-02,TM,174.59
2026-07-06,TM,179.8
2026-07-07,TM,179.43
2026-07-08,TM,177.15
2026-07-09,TM,174.32
2026-07-10,TM,176.45
2026-07-13,TM,174.75
2026-07-14,TM,176.22
2026-07-15,TM,176.92
2026-07-16,TM,179.76
2026-07-17,TM,177.61
2026-07-20,TM,178.53
2026-07-21,TM,180.34
2026-07-22,TM,179.94
2026-07-23,TM,176.8
2026-07-24,TM,177.42
2026-07-27,TM,182.15
2026-07-28,TM,186.3
2026-07-29,TM,192.84
2026-07-30,TM,191.45
2026-07-31,TM,188.99
2026-08-03,TM,186.17
2026-08-04,TM,189.17
2026-08-05,TM,185.89
2026-08-06,TM,187.49
2026-08-07,TM,190.09
2026-08-10,TM,188.78
2026-08-11,TM,189.82
2026-08-12,TM,188.22
2026-08-13,TM,188.71
2026-08-14,TM,191.11
2026-08-17,TM,189.18
2026-08-18,TM,188.25
2026-08-19,TM,188.78
2026-08-20,TM,192.24
2026-08-21,TM,197.35
2026-08-24,TM,193.81
2026-08-25,TM,192.95
2026-08-26,TM,191.84
2026-08-27,TM,192.0
2026-08-28,TM,194.48
2026-08-31,TM,196.54
2026-09-01,TM,198.05
2026-09-02,TM,198.3
2026-09-03,TM,199.87
2026-09-04,TM,197.11
2026-09-08,TM,191.45
2026-09-09,TM,190.97
2026-09-10,TM,192.48
2026-09-11,TM,198.2
2026-09-14,TM,197.56
2026-09-15,TM,195.47
2026-09-16,TM,192.21
2026-09-17,TM,193.91
2026-09-18,TM,191.53
2026-09-21,TM,192.5
2026-09-22,TM,192.06
2026-09-23,TM,190.36
2026-09-24,TM,186.72
2026-09-25,TM,190.34
2026-09-28,TM,188.3
2026-09-29,TM,186.71
2026-09-30,TM,183.1
2026-10-01,TM,183.34
2026-10-02,TM,181.49
2025-10-03,TMO,541.4174
2025-10-06,TMO,542.0453
2025-10-07,TMO,537.282
2025-10-08,TMO,534.3124
2025-10-09,TMO,532.8077
2025-10-10,TMO,522.9622
2025-10-13,TMO,522.7431
2025-10-14,TMO,523.9887
2025-10-15,TMO,526.0215
2025-10-16,TMO,534.9004
2025-10-17,TMO,537.0328
2025-10-20,TMO,541.9355
2025-10-21,TMO,556.0361
2025-10-22,TMO,565.2138
2025-10-23,TMO,569.9073
2025-10-24,TMO,570.4952
2025-10-27,TMO,561.8058
2025-10-28,TMO,555.6773
2025-10-29,TMO,556.3549
2025-10-30,TMO,554.2722
2025-10-31,TMO,565.4031
2025-11-03,TMO,562.9019
2025-11-04,TMO,563.2606
2025-11-05,TMO,565.6523
2025-11-06,TMO,563.998
2025-11-07,TMO,570.4055
2025-11-10,TMO,574.3317
2025-11-11,TMO,584.4362
2025-11-12,TMO,585.9609
2025-11-13,TMO,578.0985
2025-11-14,TMO,576.6835
2025-11-17,TMO,565.1739
2025-11-18,TMO,574.0129
2025-11-19,TMO,571.7806
2025-11-20,TMO,570.7343
2025-11-21,TMO,585.4228
2025-11-24,TMO,584.0177
2025-11-25,TMO,595.6868
2025-11-26,TMO,591.1725
2025-11-28,TMO,588.7611
2025-12-01,TMO,583.1009
2025-12-02,TMO,578.3377
2025-12-03,TMO,578.4174
2025-12-04,TMO,573.2256
2025-12-05,TMO,570.7643
2025-12-08,TMO,566.2203
2025-12-09,TMO,561.0982
2025-12-10,TMO,571.8007
2025-12-11,TMO,576.8728
2025-12-12,TMO,570.2761
2025-12-15,TMO,574.3248
2025-12-16,TMO,568.5906
2025-12-17,TMO,561.0116
2025-12-18,TMO,560.8421
2025-12-19,TMO,566.2671
2025-12-22,TMO,574.1154
2025-12-23,TMO,578.3438
2025-12-24,TMO,577.526
2025-12-26,TMO,579.1415
2025-12-29,TMO,583.4596
2025-12-30,TMO,581.8441
2025-12-31,TMO,577.8551
2026-01-02,TMO,590.8792
2026-01-05,TMO,609.5177
2026-01-06,TMO,619.0115
2026-01-07,TMO,615.4514
2026-01-08,TMO,604.8306
2026-01-09,TMO,617.1566
2026-01-12,TMO,613.756
2026-01-13,TMO,605.409
2026-01-14,TMO,620.1184
2026-01-15,TMO,622.9307
2026-01-16,TMO,617.0169
2026-01-20,TMO,617.3062
2026-01-21,TMO,634.5486
2026-01-22,TMO,637.69
2026-01-23,TMO,624.257
2026-01-26,TMO,624.8952
2026-01-27,TMO,622.1926
2026-01-28,TMO,606.3465
2026-01-29,TMO,590.53
2026-01-30,TMO,577.0173
2026-02-02,TMO,580.1687
2026-02-03,TMO,568.5209
2026-02-04,TMO,563.6642
2026-02-05,TMO,540.8672
2026-02-06,TMO,541.3359
2026-02-09,TMO,545.2551
2026-02-10,TMO,538.3142
2026-02-11,TMO,525.719
2026-02-12,TMO,508.4167
2026-02-13,TMO,503.4305
2026-02-17,TMO,500.2094
2026-02-18,TMO,512.1465
2026-02-19,TMO,513.7021
2026-02-20,TMO,509.5237
2026-02-23,TMO,515.0186
2026-02-24,TMO,514.1808
2026-02-25,TMO,512.2661
2026-02-26,TMO,518.6884
2026-02-27,TMO,519.6757
2026-03-02,TMO,507.1801
2026-03-03,TMO,506.7014
2026-03-04,TMO,511.2788
2026-03-05,TMO,517.4119
2026-03-06,TMO,500.5883
2026-03-09,TMO,508.5663
2026-03-10,TMO,498.7036
2026-03-11,TMO,494.3556
2026-03-12,TMO,474.5801
2026-03-13,TMO,463.5497
2026-03-16,TMO,469.1697
2026-03-17,TMO,471.8749
2026-03-18,TMO,463.8691
2026-03-19,TMO,469.3793
2026-03-20,TMO,473.552
2026-03-23,TMO,477.2754
2026-03-24,TMO,489.4239
2026-03-25,TMO,489.903
2026-03-26,TMO,487.9864
2026-03-27,TMO,472.5238
2026-03-30,TMO,479.2019
2026-03-31,TMO,490.6617
2026-04-01,TMO,493.6664
2026-04-02,TMO,490.5918
2026-04-06,TMO,487.3276
2026-04-07,TMO,488.6353
2026-04-08,TMO,502.5706
2026-04-09,TMO,499.5759
2026-04-10,TMO,495.2336
2026-04-13,TMO,513.3215
2026-04-14,TMO,526.2886
2026-04-15,TMO,530.7307
2026-04-16,TMO,515.0884
2026-04-17,TMO,525.6697
2026-04-20,TMO,525.0908
2026-04-21,TMO,523.6433
2026-04-22,TMO,513.072
2026-04-23,TMO,465.8755
2026-04-24,TMO,468.8802
2026-04-27,TMO,467.2132
2026-04-28,TMO,469.3893
2026-04-29,TMO,465.4363
2026-04-30,TMO,478.1139
2026-05-01,TMO,468.3811
2026-05-04,TMO,461.7828
2026-05-05,TMO,465.9354
2026-05-06,TMO,472.1145
2026-05-07,TMO,473.6218
2026-05-08,TMO,464.1786
2026-05-11,TMO,451.8005
2026-05-12,TMO,458.4886
2026-05-13,TMO,445.2421
2026-05-14,TMO,447.4182
2026-05-15,TMO,437.5656
2026-05-18,TMO,441.2192
2026-05-19,TMO,447.0189
2026-05-20,TMO,450.9919
2026-05-21,TMO,448.5761
2026-05-22,TMO,447.4881
2026-05-26,TMO,447.3882
2026-05-27,TMO,455.4041
2026-05-28,TMO,486.3593
2026-05-29,TMO,491.64
2026-06-01,TMO,493.1673
2026-06-02,TMO,481.2284
2026-06-03,TMO,473.1128
2026-06-04,TMO,481.1785
2026-06-05,TMO,471.9648
2026-06-08,TMO,468.8004
2026-06-09,TMO,493.1972
2026-06-10,TMO,481.1884
2026-06-11,TMO,474.8197
2026-06-12,TMO,468.5109
2026-06-15,TMO,473.3572
2026-06-16,TMO,472.268
2026-06-17,TMO,461.3364
2026-06-18,TMO,464.2541
2026-06-22,TMO,463.6546
2026-06-23,TMO,468.9905
2026-06-24,TMO,491.823
2026-06-25,TMO,505.3626
2026-06-26,TMO,512.6371
2026-06-29,TMO,506.0321
2026-06-30,TMO,500.976
2026-07-01,TMO,512.9368
2026-07-02,TMO,523.0391
2026-07-06,TMO,517.2036
2026-07-07,TMO,516.2243
2026-07-08,TMO,509.7393
2026-07-09,TMO,524.3082
2026-07-10,TMO,526.6463
2026-07-13,TMO,528.1052
2026-07-14,TMO,533.6609
2026-07-15,TMO,534.88
2026-07-16,TMO,542.774
2026-07-17,TMO,532.0721
2026-07-20,TMO,525.8269
2026-07-21,TMO,523.0591
2026-07-22,TMO,526.0568
2026-07-23,TMO,571.8817
2026-07-24,TMO,567.8248
2026-07-27,TMO,559.1015
2026-07-28,TMO,575.9685
2026-07-29,TMO,576.0185
2026-07-30,TMO,576.3282
2026-07-31,TMO,573.8601
2026-08-03,TMO,573.5904
2026-08-04,TMO,564.3174
2026-08-05,TMO,577.3875
2026-08-06,TMO,579.5757
2026-08-07,TMO,593.545
2026-08-10,TMO,599.2307
2026-08-11,TMO,604.5366
2026-08-12,TMO,602.5482
2026-08-13,TMO,595.4336
2026-08-14,TMO,587.8394
2026-08-17,TMO,585.0616
2026-08-18,TMO,588.5888
2026-08-19,TMO,613.0701
2026-08-20,TMO,627.0693
2026-08-21,TMO,628.788
2026-08-24,TMO,628.2584
2026-08-25,TMO,627.6689
2026-08-26,TMO,633.2247
2026-08-27,TMO,630.2169
2026-08-28,TMO,621.7034
2026-08-31,TMO,616.6273
2026-09-01,TMO,600.04
2026-09-02,TMO,608.0739
2026-09-03,TMO,617.9563
2026-09-04,TMO,613.3099
2026-09-08,TMO,602.5582
2026-09-09,TMO,605.2261
2026-09-10,TMO,602.718
2026-09-11,TMO,609.3529
2026-09-14,TMO,613.15
2026-09-15,TMO,641.39
2026-09-16,TMO,648.43
2026-09-17,TMO,658.32
2026-09-18,TMO,651.45
2026-09-21,TMO,658.76
2026-09-22,TMO,658.52
2026-09-23,TMO,665.3
2026-09-24,TMO,678.39
2026-09-25,TMO,675.0
2026-09-28,TMO,678.6
2026-09-29,TMO,679.61
2026-09-30,TMO,675.05
2026-10-01,TMO,652.51
2026-10-02,TMO,654.8
2025-10-03,TSLA,429.83
2025-10-06,TSLA,453.25
2025-10-07,TSLA,433.09
2025-10-08,TSLA,438.69
2025-10-09,TSLA,435.54
2025-10-10,TSLA,413.49
2025-10-13,TSLA,435.9
2025-10-14,TSLA,429.24
2025-10-15,TSLA,435.15
2025-10-16,TSLA,428.75
2025-10-17,TSLA,439.31
2025-10-20,TSLA,447.43
2025-10-21,TSLA,442.6
2025-10-22,TSLA,438.97
2025-10-23,TSLA,448.98
2025-10-24,TSLA,433.72
2025-10-27,TSLA,452.42
2025-10-28,TSLA,460.55
2025-10-29,TSLA,461.51
2025-10-30,TSLA,440.1
2025-10-31,TSLA,456.56
2025-11-03,TSLA,468.37
2025-11-04,TSLA,444.26
2025-11-05,TSLA,462.07
2025-11-06,TSLA,445.91
2025-11-07,TSLA,429.52
2025-11-10,TSLA,445.23
2025-11-11,TSLA,439.62
2025-11-12,TSLA,430.6
2025-11-13,TSLA,401.99
2025-11-14,TSLA,404.35
2025-11-17,TSLA,408.92
2025-11-18,TSLA,401.25
2025-11-19,TSLA,403.99
2025-11-20,TSLA,395.23
2025-11-21,TSLA,391.09
2025-11-24,TSLA,417.78
2025-11-25,TSLA,419.4
2025-11-26,TSLA,426.58
2025-11-28,TSLA,430.17
2025-12-01,TSLA,430.14
2025-12-02,TSLA,429.24
2025-12-03,TSLA,446.74
2025-12-04,TSLA,454.53
2025-12-05,TSLA,455.0
2025-12-08,TSLA,439.58
2025-12-09,TSLA,445.17
2025-12-10,TSLA,451.45
2025-12-11,TSLA,446.89
2025-12-12,TSLA,458.96
2025-12-15,TSLA,475.31
2025-12-16,TSLA,489.88
2025-12-17,TSLA,467.26
2025-12-18,TSLA,483.37
2025-12-19,TSLA,481.2
2025-12-22,TSLA,488.73
2025-12-23,TSLA,485.56
2025-12-24,TSLA,485.4
2025-12-26,TSLA,475.19
2025-12-29,TSLA,459.64
2025-12-30,TSLA,454.43
2025-12-31,TSLA,449.72
2026-01-02,TSLA,438.07
2026-01-05,TSLA,451.67
2026-01-06,TSLA,432.96
2026-01-07,TSLA,431.41
2026-01-08,TSLA,435.8
2026-01-09,TSLA,445.01
2026-01-12,TSLA,448.96
2026-01-13,TSLA,447.2
2026-01-14,TSLA,439.2
2026-01-15,TSLA,438.57
2026-01-16,TSLA,437.5
2026-01-20,TSLA,419.25
2026-01-21,TSLA,431.44
2026-01-22,TSLA,449.36
2026-01-23,TSLA,449.06
2026-01-26,TSLA,435.2
2026-01-27,TSLA,430.9
2026-01-28,TSLA,431.46
2026-01-29,TSLA,416.56
2026-01-30,TSLA,430.41
2026-02-02,TSLA,421.81
2026-02-03,TSLA,421.96
2026-02-04,TSLA,406.01
2026-02-05,TSLA,397.21
2026-02-06,TSLA,411.11
2026-02-09,TSLA,417.32
2026-02-10,TSLA,425.21
2026-02-11,TSLA,428.27
2026-02-12,TSLA,417.07
2026-02-13,TSLA,417.44
2026-02-17,TSLA,410.63
2026-02-18,TSLA,411.32
2026-02-19,TSLA,411.71
2026-02-20,TSLA,411.82
2026-02-23,TSLA,399.83
2026-02-24,TSLA,409.38
2026-02-25,TSLA,417.4
2026-02-26,TSLA,408.58
2026-02-27,TSLA,402.51
2026-03-02,TSLA,403.32
2026-03-03,TSLA,392.43
2026-03-04,TSLA,405.94
2026-03-05,TSLA,405.55
2026-03-06,TSLA,396.73
2026-03-09,TSLA,398.68
2026-03-10,TSLA,399.24
2026-03-11,TSLA,407.82
2026-03-12,TSLA,395.01
2026-03-13,TSLA,391.2
2026-03-16,TSLA,395.56
2026-03-17,TSLA,399.27
2026-03-18,TSLA,392.78
2026-03-19,TSLA,380.3
2026-03-20,TSLA,367.96
2026-03-23,TSLA,380.85
2026-03-24,TSLA,383.03
2026-03-25,TSLA,385.95
2026-03-26,TSLA,372.11
2026-03-27,TSLA,361.83
2026-03-30,TSLA,355.28
2026-03-31,TSLA,371.75
2026-04-01,TSLA,381.26
2026-04-02,TSLA,360.59
2026-04-06,TSLA,352.82
2026-04-07,TSLA,346.65
2026-04-08,TSLA,343.25
2026-04-09,TSLA,345.62
2026-04-10,TSLA,348.95
2026-04-13,TSLA,352.42
2026-04-14,TSLA,364.2
2026-04-15,TSLA,391.95
2026-04-16,TSLA,388.9
2026-04-17,TSLA,400.62
2026-04-20,TSLA,392.5
2026-04-21,TSLA,386.42
2026-04-22,TSLA,387.51
2026-04-23,TSLA,373.72
2026-04-24,TSLA,376.3
2026-04-27,TSLA,378.67
2026-04-28,TSLA,376.02
2026-04-29,TSLA,372.8
2026-04-30,TSLA,381.63
2026-05-01,TSLA,390.82
2026-05-04,TSLA,392.51
2026-05-05,TSLA,389.37
2026-05-06,TSLA,398.73
2026-05-07,TSLA,411.79
2026-05-08,TSLA,428.35
2026-05-11,TSLA,445.0
2026-05-12,TSLA,433.45
2026-05-13,TSLA,445.27
2026-05-14,TSLA,443.3
2026-05-15,TSLA,422.24
2026-05-18,TSLA,409.99
2026-05-19,TSLA,404.11
2026-05-20,TSLA,417.26
2026-05-21,TSLA,417.85
2026-05-22,TSLA,426.01
2026-05-26,TSLA,433.59
2026-05-27,TSLA,440.36
2026-05-28,TSLA,442.1
2026-05-29,TSLA,435.79
2026-06-01,TSLA,415.88
2026-06-02,TSLA,423.74
2026-06-03,TSLA,423.7
2026-06-04,TSLA,418.45
2026-06-05,TSLA,391.0
2026-06-08,TSLA,408.95
2026-06-09,TSLA,396.68
2026-06-10,TSLA,381.59
2026-06-11,TSLA,399.15
2026-06-12,TSLA,406.43
2026-06-15,TSLA,411.15
2026-06-16,TSLA,404.66
2026-06-17,TSLA,396.38
2026-06-18,TSLA,400.49
2026-06-22,TSLA,405.05
2026-06-23,TSLA,381.61
2026-06-24,TSLA,375.53
2026-06-25,TSLA,375.12
2026-06-26,TSLA,379.71
2026-06-29,TSLA,411.84
2026-06-30,TSLA,420.6
2026-07-01,TSLA,425.3
2026-07-02,TSLA,393.45
2026-07-06,TSLA,419.77
2026-07-07,TSLA,402.9
2026-07-08,TSLA,394.06
2026-07-09,TSLA,406.55
2026-07-10,TSLA,407.76
2026-07-13,TSLA,394.76
2026-07-14,TSLA,396.18
2026-07-15,TSLA,394.46
2026-07-16,TSLA,391.06
2026-07-17,TSLA,380.84
2026-07-20,TSLA,369.57
2026-07-21,TSLA,378.93
2026-07-22,TSLA,374.01
2026-07-23,TSLA,319.69
2026-07-24,TSLA,313.03
2026-07-27,TSLA,309.22
2026-07-28,TSLA,307.44
2026-07-29,TSLA,298.32
2026-07-30,TSLA,308.85
2026-07-31,TSLA,311.21
2026-08-03,TSLA,322.08
2026-08-04,TSLA,327.35
2026-08-05,TSLA,321.55
2026-08-06,TSLA,319.53
2026-08-07,TSLA,328.58
2026-08-10,TSLA,330.88
2026-08-11,TSLA,332.81
2026-08-12,TSLA,327.51
2026-08-13,TSLA,339.96
2026-08-14,TSLA,342.27
2026-08-17,TSLA,339.3
2026-08-18,TSLA,336.87
2026-08-19,TSLA,351.12
2026-08-20,TSLA,345.13
2026-08-21,TSLA,362.86
2026-08-24,TSLA,348.95
2026-08-25,TSLA,350.25
2026-08-26,TSLA,345.82
2026-08-27,TSLA,354.81
2026-08-28,TSLA,348.75
2026-08-31,TSLA,367.95
2026-09-01,TSLA,356.09
2026-09-02,TSLA,357.01
2026-09-03,TSLA,376.37
2026-09-04,TSLA,354.08
2026-09-08,TSLA,368.16
2026-09-09,TSLA,367.81
2026-09-10,TSLA,363.56
2026-09-11,TSLA,365.44
2026-09-14,TSLA,358.97
2026-09-15,TSLA,356.58
2026-09-16,TSLA,358.08
2026-09-17,TSLA,366.2
2026-09-18,TSLA,364.27
2026-09-21,TSLA,375.3
2026-09-22,TSLA,378.9
2026-09-23,TSLA,380.12
2026-09-24,TSLA,377.94
2026-09-25,TSLA,372.11
2026-09-28,TSLA,357.45
2026-09-29,TSLA,352.84
2026-09-30,TSLA,354.81
2026-10-01,TSLA,354.11
2026-10-02,TSLA,370.59
2025-10-03,UNH,350.8575
2025-10-06,UNH,349.4646
2025-10-07,UNH,354.2278
2025-10-08,UNH,360.3254
2025-10-09,UNH,358.1533
2025-10-10,UNH,345.3054
2025-10-13,UNH,349.3575
2025-10-14,UNH,350.5946
2025-10-15,UNH,351.7829
2025-10-16,UNH,347.4191
2025-10-17,UNH,347.3509
2025-10-20,UNH,355.0266
2025-10-21,UNH,355.8934
2025-10-22,UNH,352.114
2025-10-23,UNH,351.1011
2025-10-24,UNH,353.0979
2025-10-27,UNH,356.4876
2025-10-28,UNH,358.2994
2025-10-29,UNH,346.0457
2025-10-30,UNH,335.8083
2025-10-31,UNH,332.701
2025-11-03,UNH,325.1325
2025-11-04,UNH,322.2493
2025-11-05,UNH,319.2394
2025-11-06,UNH,313.2197
2025-11-07,UNH,315.801
2025-11-10,UNH,313.2392
2025-11-11,UNH,318.957
2025-11-12,UNH,330.2658
2025-11-13,UNH,323.8954
2025-11-14,UNH,313.512
2025-11-17,UNH,312.2067
2025-11-18,UNH,305.4467
2025-11-19,UNH,301.0732
2025-11-20,UNH,303.4597
2025-11-21,UNH,311.671
2025-11-24,UNH,310.7748
2025-11-25,UNH,317.8173
2025-11-26,UNH,321.1584
2025-11-28,UNH,321.2168
2025-12-01,UNH,314.8269
2025-12-02,UNH,316.1224
2025-12-03,UNH,330.899
2025-12-04,UNH,324.8403
2025-12-05,UNH,322.3272
2025-12-08,UNH,317.3458
2025-12-09,UNH,317.3261
2025-12-10,UNH,322.0037
2025-12-11,UNH,330.2016
2025-12-12,UNH,335.2125
2025-12-15,UNH,334.4868
2025-12-16,UNH,327.7206
2025-12-17,UNH,325.2005
2025-12-18,UNH,321.7781
2025-12-19,UNH,321.0721
2025-12-22,UNH,318.8559
2025-12-23,UNH,318.5028
2025-12-24,UNH,321.229
2025-12-26,UNH,325.3965
2025-12-29,UNH,322.5626
2025-12-30,UNH,325.7202
2025-12-31,UNH,323.7099
2026-01-02,UNH,329.878
2026-01-05,UNH,335.389
2026-01-06,UNH,342.2043
2026-01-07,UNH,335.0752
2026-01-08,UNH,340.1254
2026-01-09,UNH,337.311
2026-01-12,UNH,333.9083
2026-01-13,UNH,327.4558
2026-01-14,UNH,328.4659
2026-01-15,UNH,332.3883
2026-01-16,UNH,324.6023
2026-01-20,UNH,331.8686
2026-01-21,UNH,341.0079
2026-01-22,UNH,347.5977
2026-01-23,UNH,349.3529
2026-01-26,UNH,344.8225
2026-01-27,UNH,277.2191
2026-01-28,UNH,288.3196
2026-01-29,UNH,286.6232
2026-01-30,UNH,281.3671
2026-02-02,UNH,280.0531
2026-02-03,UNH,278.6704
2026-02-04,UNH,270.5705
2026-02-05,UNH,263.3434
2026-02-06,UNH,271.2864
2026-02-09,UNH,270.3548
2026-02-10,UNH,267.9229
2026-02-11,UNH,273.5026
2026-02-12,UNH,278.8567
2026-02-13,UNH,287.5057
2026-02-17,UNH,283.4852
2026-02-18,UNH,282.6125
2026-02-19,UNH,284.3089
2026-02-20,UNH,284.3776
2026-02-23,UNH,276.8661
2026-02-24,UNH,268.6387
2026-02-25,UNH,278.69
2026-02-26,UNH,281.1023
2026-02-27,UNH,287.5841
2026-03-02,UNH,289.212
2026-03-03,UNH,283.6029
2026-03-04,UNH,286.2996
2026-03-05,UNH,283.1714
2026-03-06,UNH,280.9258
2026-03-09,UNH,281.8152
2026-03-10,UNH,279.0185
2026-03-11,UNH,281.8943
2026-03-12,UNH,273.7907
2026-03-13,UNH,278.7715
2026-03-16,UNH,282.1314
2026-03-17,UNH,284.187
2026-03-18,UNH,280.9851
2026-03-19,UNH,277.1409
2026-03-20,UNH,272.3479
2026-03-23,UNH,266.3691
2026-03-24,UNH,269.0768
2026-03-25,UNH,267.3672
2026-03-26,UNH,264.8966
2026-03-27,UNH,255.9728
2026-03-30,UNH,258.7103
2026-03-31,UNH,267.4067
2026-04-01,UNH,270.7569
2026-04-02,UNH,273.9983
2026-04-06,UNH,278.05
2026-04-07,UNH,304.1098
2026-04-08,UNH,302.3804
2026-04-09,UNH,303.2995
2026-04-10,UNH,300.7498
2026-04-13,UNH,309.3178
2026-04-14,UNH,310.4938
2026-04-15,UNH,310.3554
2026-04-16,UNH,312.6778
2026-04-17,UNH,320.811
2026-04-20,UNH,319.6746
2026-04-21,UNH,341.9395
2026-04-22,UNH,349.3611
2026-04-23,UNH,350.3889
2026-04-24,UNH,350.7447
2026-04-27,UNH,350.5174
2026-04-28,UNH,362.4553
2026-04-29,UNH,366.3785
2026-04-30,UNH,366.1216
2026-05-01,UNH,364.4416
2026-05-04,UNH,366.3884
2026-05-05,UNH,359.5894
2026-05-06,UNH,362.9593
2026-05-07,UNH,365.3903
2026-05-08,UNH,375.5099
2026-05-11,UNH,379.9174
2026-05-12,UNH,391.7268
2026-05-13,UNH,396.4407
2026-05-14,UNH,394.395
2026-05-15,UNH,389.2167
2026-05-18,UNH,386.5287
2026-05-19,UNH,384.6609
2026-05-20,UNH,378.7908
2026-05-21,UNH,377.9804
2026-05-22,UNH,383.9
2026-05-26,UNH,372.4265
2026-05-27,UNH,379.4925
2026-05-28,UNH,378.0298
2026-05-29,UNH,375.836
2026-06-01,UNH,375.3913
2026-06-02,UNH,373.4741
2026-06-03,UNH,372.5649
2026-06-04,UNH,391.8059
2026-06-05,UNH,394.7706
2026-06-08,UNH,401.787
2026-06-09,UNH,408.1414
2026-06-10,UNH,402.6666
2026-06-11,UNH,400.779
2026-06-12,UNH,403.7141
2026-06-15,UNH,408.5245
2026-06-16,UNH,405.1552
2026-06-17,UNH,397.0849
2026-06-18,UNH,398.5062
2026-06-22,UNH,404.1912
2026-06-23,UNH,406.7454
2026-06-24,UNH,403.3165
2026-06-25,UNH,412.987
2026-06-26,UNH,425.2714
2026-06-29,UNH,417.2508
2026-06-30,UNH,413.0864
2026-07-01,UNH,423.9296
2026-07-02,UNH,422.7568
2026-07-06,UNH,415.4319
2026-07-07,UNH,425.5695
2026-07-08,UNH,422.9954
2026-07-09,UNH,429.0381
2026-07-10,UNH,422.0214
2026-07-13,UNH,426.464
2026-07-14,UNH,422.5879
2026-07-15,UNH,415.9587
2026-07-16,UNH,420.789
2026-07-17,UNH,423.4824
2026-07-20,UNH,418.9702
2026-07-21,UNH,433.6796
2026-07-22,UNH,428.6704
2026-07-23,UNH,420.9679
2026-07-24,UNH,418.1651
2026-07-27,UNH,415.0841
2026-07-28,UNH,426.1659
2026-07-29,UNH,417.9962
2026-07-30,UNH,418.8907
2026-07-31,UNH,411.8639
2026-08-03,UNH,412.818
2026-08-04,UNH,405.0558
2026-08-05,UNH,410.224
2026-08-06,UNH,401.4977
2026-08-07,UNH,404.5887
2026-08-10,UNH,406.2385
2026-08-11,UNH,399.7286
2026-08-12,UNH,403.1078
2026-08-13,UNH,396.6178
2026-08-14,UNH,399.2715
2026-08-17,UNH,393.1989
2026-08-18,UNH,391.5192
2026-08-19,UNH,386.2317
2026-08-20,UNH,382.4948
2026-08-21,UNH,387.7225
2026-08-24,UNH,396.3196
2026-08-25,UNH,394.1629
2026-08-26,UNH,398.5559
2026-08-27,UNH,392.6323
2026-08-28,UNH,390.5452
2026-08-31,UNH,387.0269
2026-09-01,UNH,393.8747
2026-09-02,UNH,397.2141
2026-09-03,UNH,398.4863
2026-09-04,UNH,394.7096
2026-09-08,UNH,398.3869
2026-09-09,UNH,390.6545
2026-09-10,UNH,385.9037
2026-09-11,UNH,376.77
2026-09-14,UNH,383.55
2026-09-15,UNH,375.93
2026-09-16,UNH,375.26
2026-09-17,UNH,375.21
2026-09-18,UNH,376.9
2026-09-21,UNH,377.56
2026-09-22,UNH,372.95
2026-09-23,UNH,371.29
2026-09-24,UNH,375.01
2026-09-25,UNH,376.59
2026-09-28,UNH,377.83
2026-09-29,UNH,374.94
2026-09-30,UNH,367.08
2026-10-01,UNH,365.2
2026-10-02,UNH,371.9
2025-10-03,USB,46.2893
2025-10-06,USB,45.9523
2025-10-07,USB,45.7405
2025-10-08,USB,45.2493
2025-10-09,USB,45.3553
2025-10-10,USB,43.6027
2025-10-13,USB,44.4501
2025-10-14,USB,45.3456
2025-10-15,USB,44.7293
2025-10-16,USB,43.959
2025-10-17,USB,43.9975
2025-10-20,USB,45.3553
2025-10-21,USB,45.8464
2025-10-22,USB,45.5768
2025-10-23,USB,46.0486
2025-10-24,USB,46.4723
2025-10-27,USB,46.0293
2025-10-28,USB,45.519
2025-10-29,USB,44.9123
2025-10-30,USB,45.1049
2025-10-31,USB,44.9508
2025-11-03,USB,44.893
2025-11-04,USB,44.7101
2025-11-05,USB,45.0086
2025-11-06,USB,45.1145
2025-11-07,USB,45.5671
2025-11-10,USB,45.8175
2025-11-11,USB,45.856
2025-11-12,USB,46.116
2025-11-13,USB,45.5575
2025-11-14,USB,45.3553
2025-11-17,USB,43.7856
2025-11-18,USB,44.219
2025-11-19,USB,45.0664
2025-11-20,USB,44.7679
2025-11-21,USB,46.0101
2025-11-24,USB,45.9812
2025-11-25,USB,47.0982
2025-11-26,USB,47.1367
2025-11-28,USB,47.233
2025-12-01,USB,47.5797
2025-12-02,USB,47.8397
2025-12-03,USB,49.0434
2025-12-04,USB,49.4671
2025-12-05,USB,49.3612
2025-12-08,USB,49.5056
2025-12-09,USB,49.6597
2025-12-10,USB,51.576
2025-12-11,USB,51.5952
2025-12-12,USB,51.4412
2025-12-15,USB,51.7204
2025-12-16,USB,51.4893
2025-12-17,USB,51.7493
2025-12-18,USB,51.8745
2025-12-19,USB,52.1537
2025-12-22,USB,52.8374
2025-12-23,USB,52.4715
2025-12-24,USB,52.9048
2025-12-26,USB,52.953
2025-12-29,USB,52.4811
2025-12-30,USB,52.2982
2025-12-31,USB,51.8801
2026-01-02,USB,52.4343
2026-01-05,USB,53.951
2026-01-06,USB,54.5247
2026-01-07,USB,53.3482
2026-01-08,USB,53.9899
2026-01-09,USB,53.6788
2026-01-12,USB,52.8815
2026-01-13,USB,52.551
2026-01-14,USB,52.0162
2026-01-15,USB,52.4538
2026-01-16,USB,52.8913
2026-01-20,USB,52.8718
2026-01-21,USB,53.9316
2026-01-22,USB,54.6219
2026-01-23,USB,53.9316
2026-01-26,USB,54.2816
2026-01-27,USB,54.9622
2026-01-28,USB,54.1941
2026-01-29,USB,54.7677
2026-01-30,USB,54.5538
2026-02-02,USB,55.7692
2026-02-03,USB,57.0623
2026-02-04,USB,57.772
2026-02-05,USB,57.4706
2026-02-06,USB,59.0068
2026-02-09,USB,58.6763
2026-02-10,USB,58.8707
2026-02-11,USB,57.3248
2026-02-12,USB,56.2261
2026-02-13,USB,56.09
2026-02-17,USB,56.5567
2026-02-18,USB,57.1303
2026-02-19,USB,56.2845
2026-02-20,USB,57.0331
2026-02-23,USB,54.2622
2026-02-24,USB,53.5038
2026-02-25,USB,54.4955
2026-02-26,USB,55.6719
2026-02-27,USB,53.1441
2026-03-02,USB,53.1149
2026-03-03,USB,52.4926
2026-03-04,USB,52.8329
2026-03-05,USB,52.4149
2026-03-06,USB,50.9176
2026-03-09,USB,50.6842
2026-03-10,USB,50.5092
2026-03-11,USB,50.7814
2026-03-12,USB,50.0522
2026-03-13,USB,49.5856
2026-03-16,USB,49.7411
2026-03-17,USB,50.1495
2026-03-18,USB,49.8967
2026-03-19,USB,49.8772
2026-03-20,USB,49.8286
2026-03-23,USB,50.0911
2026-03-24,USB,50.694
2026-03-25,USB,50.4509
2026-03-26,USB,50.1592
2026-03-27,USB,49.4397
2026-03-30,USB,49.4689
2026-03-31,USB,51.0897
2026-04-01,USB,51.8166
2026-04-02,USB,52.0131
2026-04-06,USB,52.4944
2026-04-07,USB,52.7498
2026-04-08,USB,54.3804
2026-04-09,USB,55.3333
2026-04-10,USB,54.6751
2026-04-13,USB,55.5101
2026-04-14,USB,55.0975
2026-04-15,USB,55.3725
2026-04-16,USB,54.4983
2026-04-17,USB,55.9226
2026-04-20,USB,55.9914
2026-04-21,USB,55.8342
2026-04-22,USB,55.5985
2026-04-23,USB,55.6279
2026-04-24,USB,54.5965
2026-04-27,USB,54.9796
2026-04-28,USB,55.2154
2026-04-29,USB,55.1761
2026-04-30,USB,55.6574
2026-05-01,USB,55.3038
2026-05-04,USB,54.2625
2026-05-05,USB,54.6162
2026-05-06,USB,55.1663
2026-05-07,USB,54.3313
2026-05-08,USB,54.5474
2026-05-11,USB,53.5258
2026-05-12,USB,53.516
2026-05-13,USB,51.8068
2026-05-14,USB,52.4747
2026-05-15,USB,52.1801
2026-05-18,USB,52.5042
2026-05-19,USB,52.3569
2026-05-20,USB,53.5356
2026-05-21,USB,53.5946
2026-05-22,USB,53.8598
2026-05-26,USB,54.2429
2026-05-27,USB,53.7223
2026-05-28,USB,53.4865
2026-05-29,USB,53.8794
2026-06-01,USB,52.6024
2026-06-02,USB,53.6339
2026-06-03,USB,52.1997
2026-06-04,USB,54.4786
2026-06-05,USB,54.7046
2026-06-08,USB,54.3706
2026-06-09,USB,55.0287
2026-06-10,USB,55.8048
2026-06-11,USB,56.6103
2026-06-12,USB,57.8971
2026-06-15,USB,56.7674
2026-06-16,USB,57.848
2026-06-17,USB,56.8853
2026-06-18,USB,57.1112
2026-06-22,USB,57.6417
2026-06-23,USB,58.9874
2026-06-24,USB,59.0464
2026-06-25,USB,60.1269
2026-06-26,USB,59.8322
2026-06-29,USB,60.1957
2026-06-30,USB,59.839
2026-07-01,USB,61.3845
2026-07-02,USB,61.1567
2026-07-06,USB,62.2464
2026-07-07,USB,62.3059
2026-07-08,USB,60.4334
2026-07-09,USB,61.3251
2026-07-10,USB,61.8303
2026-07-13,USB,61.761
2026-07-14,USB,61.5628
2026-07-15,USB,62.4248
2026-07-16,USB,63.4155
2026-07-17,USB,62.5536
2026-07-20,USB,62.5536
2026-07-21,USB,63.1183
2026-07-22,USB,63.8712
2026-07-23,USB,62.7418
2026-07-24,USB,63.3759
2026-07-27,USB,62.9003
2026-07-28,USB,63.8316
2026-07-29,USB,62.2365
2026-07-30,USB,62.3158
2026-07-31,USB,62.4248
2026-08-03,USB,63.3461
2026-08-04,USB,63.6334
2026-08-05,USB,63.6136
2026-08-06,USB,63.2173
2026-08-07,USB,63.3461
2026-08-10,USB,63.5938
2026-08-11,USB,63.6929
2026-08-12,USB,64.4161
2026-08-13,USB,64.5647
2026-08-14,USB,64.8124
2026-08-17,USB,64.2675
2026-08-18,USB,64.1882
2026-08-19,USB,62.2365
2026-08-20,USB,61.2062
2026-08-21,USB,61.4737
2026-08-24,USB,61.8402
2026-08-25,USB,61.8303
2026-08-26,USB,62.2167
2026-08-27,USB,61.8204
2026-08-28,USB,61.8898
2026-08-31,USB,61.008
2026-09-01,USB,60.6415
2026-09-02,USB,62.187
2026-09-03,USB,62.9399
2026-09-04,USB,62.7814
2026-09-08,USB,61.9096
2026-09-09,USB,61.5331
2026-09-10,USB,61.8303
2026-09-11,USB,62.2563
2026-09-14,USB,62.0978
2026-09-15,USB,61.6421
2026-09-16,USB,59.1752
2026-09-17,USB,59.6904
2026-09-18,USB,59.5022
2026-09-21,USB,59.8786
2026-09-22,USB,58.8879
2026-09-23,USB,57.9368
2026-09-24,USB,57.8576
2026-09-25,USB,58.7789
2026-09-28,USB,58.2341
2026-09-29,USB,57.6
2026-09-30,USB,57.76
2026-10-01,USB,57.36
2026-10-02,USB,57.51
2025-10-03,VLO,157.0698
2025-10-06,VLO,160.0271
2025-10-07,VLO,159.7823
2025-10-08,VLO,159.0675
2025-10-09,VLO,158.6464
2025-10-10,VLO,154.7392
2025-10-13,VLO,158.0589
2025-10-14,VLO,158.8226
2025-10-15,VLO,157.6378
2025-10-16,VLO,153.1431
2025-10-17,VLO,154.4944
2025-10-20,VLO,156.8446
2025-10-21,VLO,154.4161
2025-10-22,VLO,158.5093
2025-10-23,VLO,169.5355
2025-10-24,VLO,167.4987
2025-10-27,VLO,170.7302
2025-10-28,VLO,165.8242
2025-10-29,VLO,167.1168
2025-10-30,VLO,166.5684
2025-10-31,VLO,166.0396
2025-11-03,VLO,168.0373
2025-11-04,VLO,165.599
2025-11-05,VLO,166.6076
2025-11-06,VLO,172.3557
2025-11-07,VLO,171.9738
2025-11-10,VLO,175.4599
2025-11-11,VLO,177.105
2025-11-12,VLO,173.8539
2025-11-13,VLO,172.1305
2025-11-14,VLO,177.9863
2025-11-17,VLO,174.6961
2025-11-18,VLO,181.5802
2025-11-19,VLO,176.586
2025-11-20,VLO,168.3283
2025-11-21,VLO,170.9199
2025-11-24,VLO,171.8265
2025-11-25,VLO,171.5604
2025-11-26,VLO,171.925
2025-11-28,VLO,174.1816
2025-12-01,VLO,177.9065
2025-12-02,VLO,175.9258
2025-12-03,VLO,174.4674
2025-12-04,VLO,172.398
2025-12-05,VLO,171.5998
2025-12-08,VLO,171.0283
2025-12-09,VLO,172.7626
2025-12-10,VLO,173.4327
2025-12-11,VLO,169.4024
2025-12-12,VLO,165.845
2025-12-15,VLO,165.4508
2025-12-16,VLO,160.445
2025-12-17,VLO,160.5336
2025-12-18,VLO,159.5778
2025-12-19,VLO,160.3366
2025-12-22,VLO,161.1643
2025-12-23,VLO,162.3665
2025-12-24,VLO,162.0709
2025-12-26,VLO,161.6176
2025-12-29,VLO,163.2435
2025-12-30,VLO,162.4552
2025-12-31,VLO,160.4154
2026-01-02,VLO,162.8986
2026-01-05,VLO,177.9361
2026-01-06,VLO,175.6696
2026-01-07,VLO,181.1781
2026-01-08,VLO,188.5292
2026-01-09,VLO,182.5773
2026-01-12,VLO,176.9999
2026-01-13,VLO,179.089
2026-01-14,VLO,183.7894
2026-01-15,VLO,181.8875
2026-01-16,VLO,180.7839
2026-01-20,VLO,182.0354
2026-01-21,VLO,185.4449
2026-01-22,VLO,184.1638
2026-01-23,VLO,184.3609
2026-01-26,VLO,180.6065
2026-01-27,VLO,180.2419
2026-01-28,VLO,181.3357
2026-01-29,VLO,179.828
2026-01-30,VLO,178.7835
2026-02-02,VLO,177.5911
2026-02-03,VLO,189.4654
2026-02-04,VLO,194.5304
2026-02-05,VLO,192.4781
2026-02-06,VLO,200.945
2026-02-09,VLO,199.6561
2026-02-10,VLO,197.7922
2026-02-11,VLO,202.1744
2026-02-12,VLO,195.2244
2026-02-13,VLO,198.4565
2026-02-17,VLO,195.6507
2026-02-18,VLO,197.7526
2026-02-19,VLO,197.5345
2026-02-20,VLO,199.0414
2026-02-23,VLO,195.7003
2026-02-24,VLO,197.6237
2026-02-25,VLO,197.931
2026-02-26,VLO,202.0455
2026-02-27,VLO,202.8882
2026-03-02,VLO,213.0703
2026-03-03,VLO,215.8464
2026-03-04,VLO,223.6688
2026-03-05,VLO,226.078
2026-03-06,VLO,222.7071
2026-03-09,VLO,214.1014
2026-03-10,VLO,215.1623
2026-03-11,VLO,229.0722
2026-03-12,VLO,233.7914
2026-03-13,VLO,228.6161
2026-03-16,VLO,230.5791
2026-03-17,VLO,233.9401
2026-03-18,VLO,236.4187
2026-03-19,VLO,239.9978
2026-03-20,VLO,237.8067
2026-03-23,VLO,235.3579
2026-03-24,VLO,239.6806
2026-03-25,VLO,232.5323
2026-03-26,VLO,246.0159
2026-03-27,VLO,252.143
2026-03-30,VLO,248.1276
2026-03-31,VLO,244.9649
2026-04-01,VLO,239.3931
2026-04-02,VLO,242.0005
2026-04-06,VLO,243.4778
2026-04-07,VLO,249.3372
2026-04-08,VLO,237.5886
2026-04-09,VLO,233.0875
2026-04-10,VLO,236.7757
2026-04-13,VLO,240.0078
2026-04-14,VLO,233.5634
2026-04-15,VLO,232.9883
2026-04-16,VLO,239.6707
2026-04-17,VLO,221.7355
2026-04-20,VLO,224.343
2026-04-21,VLO,231.3921
2026-04-22,VLO,232.3538
2026-04-23,VLO,231.8284
2026-04-24,VLO,233.8311
2026-04-27,VLO,236.2105
2026-04-28,VLO,238.2132
2026-04-29,VLO,249.1488
2026-04-30,VLO,250.4179
2026-05-01,VLO,244.7567
2026-05-04,VLO,249.476
2026-05-05,VLO,251.2804
2026-05-06,VLO,234.6639
2026-05-07,VLO,234.3268
2026-05-08,VLO,238.9965
2026-05-11,VLO,246.006
2026-05-12,VLO,245.0046
2026-05-13,VLO,242.0105
2026-05-14,VLO,242.6747
2026-05-15,VLO,248.5936
2026-05-18,VLO,256.307
2026-05-19,VLO,260.3719
2026-05-20,VLO,251.5977
2026-05-21,VLO,240.1619
2026-05-22,VLO,246.0093
2026-05-26,VLO,240.5205
2026-05-27,VLO,239.4147
2026-05-28,VLO,243.9074
2026-05-29,VLO,243.8775
2026-06-01,VLO,251.5479
2026-06-02,VLO,257.2658
2026-06-03,VLO,260.4435
2026-06-04,VLO,257.8535
2026-06-05,VLO,254.8352
2026-06-08,VLO,257.3953
2026-06-09,VLO,252.803
2026-06-10,VLO,256.9968
2026-06-11,VLO,254.616
2026-06-12,VLO,257.6742
2026-06-15,VLO,246.2085
2026-06-16,VLO,243.1902
2026-06-17,VLO,238.847
2026-06-18,VLO,235.3903
2026-06-22,VLO,242.8415
2026-06-23,VLO,242.7419
2026-06-24,VLO,241.4967
2026-06-25,VLO,254.0781
2026-06-26,VLO,258.3715
2026-06-29,VLO,265.2947
2026-06-30,VLO,259.4374
2026-07-01,VLO,268.4027
2026-07-02,VLO,266.7292
2026-07-06,VLO,269.2794
2026-07-07,VLO,265.1951
2026-07-08,VLO,281.791
2026-07-09,VLO,280.1673
2026-07-10,VLO,279.6094
2026-07-13,VLO,294.6513
2026-07-14,VLO,300.2696
2026-07-15,VLO,291.5333
2026-07-16,VLO,299.1041
2026-07-17,VLO,308.4579
2026-07-20,VLO,312.1038
2026-07-21,VLO,313.5881
2026-07-22,VLO,309.7231
2026-07-23,VLO,304.0848
2026-07-24,VLO,301.3354
2026-07-27,VLO,303.7561
2026-07-28,VLO,297.7294
2026-07-29,VLO,300.16
2026-07-30,VLO,310.51
2026-07-31,VLO,312.9
2026-08-03,VLO,307.54
2026-08-04,VLO,308.73
2026-08-05,VLO,302.39
2026-08-06,VLO,302.99
2026-08-07,VLO,298.31
2026-08-10,VLO,314.95
2026-08-11,VLO,323.92
2026-08-12,VLO,330.21
2026-08-13,VLO,342.92
2026-08-14,VLO,341.67
2026-08-17,VLO,347.19
2026-08-18,VLO,350.05
2026-08-19,VLO,346.26
2026-08-20,VLO,341.51
2026-08-21,VLO,348.86
2026-08-24,VLO,346.0
2026-08-25,VLO,340.41
2026-08-26,VLO,348.03
2026-08-27,VLO,346.59
2026-08-28,VLO,352.36
2026-08-31,VLO,358.92
2026-09-01,VLO,361.99
2026-09-02,VLO,366.09
2026-09-03,VLO,370.69
2026-09-04,VLO,370.72
2026-09-08,VLO,382.85
2026-09-09,VLO,388.95
2026-09-10,VLO,385.43
2026-09-11,VLO,390.42
2026-09-14,VLO,382.95
2026-09-15,VLO,397.04
2026-09-16,VLO,403.28
2026-09-17,VLO,412.53
2026-09-18,VLO,413.28
2026-09-21,VLO,393.27
2026-09-22,VLO,377.14
2026-09-23,VLO,375.84
2026-09-24,VLO,382.86
2026-09-25,VLO,387.18
2026-09-28,VLO,389.57
2026-09-29,VLO,387.72
2026-09-30,VLO,387.61
2026-10-01,VLO,408.46
2026-10-02,VLO,406.3
2025-10-03,WFC,78.9484
2025-10-06,WFC,78.968
2025-10-07,WFC,79.4084
2025-10-08,WFC,78.0285
2025-10-09,WFC,78.185
2025-10-10,WFC,75.9635
2025-10-13,WFC,77.2357
2025-10-14,WFC,82.7554
2025-10-15,WFC,84.6148
2025-10-16,WFC,82.2073
2025-10-17,WFC,81.5027
2025-10-20,WFC,84.1842
2025-10-21,WFC,82.9511
2025-10-22,WFC,82.0899
2025-10-23,WFC,82.6575
2025-10-24,WFC,84.5659
2025-10-27,WFC,85.1531
2025-10-28,WFC,85.0454
2025-10-29,WFC,84.1646
2025-10-30,WFC,84.1549
2025-10-31,WFC,85.1139
2025-11-03,WFC,85.4369
2025-11-04,WFC,85.2705
2025-11-05,WFC,85.0944
2025-11-06,WFC,84.2038
2025-11-07,WFC,84.6465
2025-11-10,WFC,84.7055
2025-11-11,WFC,84.7941
2025-11-12,WFC,84.8629
2025-11-13,WFC,83.3282
2025-11-14,WFC,83.6725
2025-11-17,WFC,82.0689
2025-11-18,WFC,82.5018
2025-11-19,WFC,82.797
2025-11-20,WFC,81.0655
2025-11-21,WFC,81.764
2025-11-24,WFC,83.2889
2025-11-25,WFC,83.7217
2025-11-26,WFC,84.1743
2025-11-28,WFC,84.4596
2025-12-01,WFC,84.0169
2025-12-02,WFC,84.922
2025-12-03,WFC,87.9029
2025-12-04,WFC,88.749
2025-12-05,WFC,88.3751
2025-12-08,WFC,88.6014
2025-12-09,WFC,87.4504
2025-12-10,WFC,89.2212
2025-12-11,WFC,91.0904
2025-12-12,WFC,91.2577
2025-12-15,WFC,91.3954
2025-12-16,WFC,90.6969
2025-12-17,WFC,91.0904
2025-12-18,WFC,89.9984
2025-12-19,WFC,91.5036
2025-12-22,WFC,92.7531
2025-12-23,WFC,92.94
2025-12-24,WFC,93.7565
2025-12-26,WFC,93.7172
2025-12-29,WFC,92.9892
2025-12-30,WFC,92.7826
2025-12-31,WFC,91.6905
2026-01-02,WFC,93.6581
2026-01-05,WFC,94.819
2026-01-06,WFC,94.8289
2026-01-07,WFC,92.7629
2026-01-08,WFC,94.0517
2026-01-09,WFC,94.396
2026-01-12,WFC,93.422
2026-01-13,WFC,92.0447
2026-01-14,WFC,87.8045
2026-01-15,WFC,87.5192
2026-01-16,WFC,86.9486
2026-01-20,WFC,85.2565
2026-01-21,WFC,84.7252
2026-01-22,WFC,86.6141
2026-01-23,WFC,85.5516
2026-01-26,WFC,86.624
2026-01-27,WFC,87.2733
2026-01-28,WFC,86.6043
2026-01-29,WFC,89.172
2026-01-30,WFC,89.0244
2026-02-02,WFC,90.7756
2026-02-03,WFC,90.815
2026-02-04,WFC,91.6315
2026-02-05,WFC,90.5198
2026-02-06,WFC,92.9024
2026-02-09,WFC,93.5352
2026-02-10,WFC,90.8659
2026-02-11,WFC,87.9395
2026-02-12,WFC,85.3097
2026-02-13,WFC,85.9919
2026-02-17,WFC,86.4071
2026-02-18,WFC,87.5539
2026-02-19,WFC,86.5751
2026-02-20,WFC,87.6923
2026-02-23,WFC,84.1826
2026-02-24,WFC,83.6092
2026-02-25,WFC,85.7744
2026-02-26,WFC,85.3196
2026-02-27,WFC,80.5247
2026-03-02,WFC,81.6418
2026-03-03,WFC,81.5924
2026-03-04,WFC,82.9765
2026-03-05,WFC,81.1772
2026-03-06,WFC,79.5064
2026-03-09,WFC,77.9344
2026-03-10,WFC,77.4105
2026-03-11,WFC,76.0066
2026-03-12,WFC,74.3951
2026-03-13,WFC,73.2582
2026-03-16,WFC,74.8894
2026-03-17,WFC,75.364
2026-03-18,WFC,75.3244
2026-03-19,WFC,75.5222
2026-03-20,WFC,76.7184
2026-03-23,WFC,77.3907
2026-03-24,WFC,78.7056
2026-03-25,WFC,79.3482
2026-03-26,WFC,78.1223
2026-03-27,WFC,76.3131
2026-03-30,WFC,75.9275
2026-03-31,WFC,78.7056
2026-04-01,WFC,79.6547
2026-04-02,WFC,79.6843
2026-04-06,WFC,80.9201
2026-04-07,WFC,80.8213
2026-04-08,WFC,83.6982
2026-04-09,WFC,85.0428
2026-04-10,WFC,84.4298
2026-04-13,WFC,85.6557
2026-04-14,WFC,80.7718
2026-04-15,WFC,79.3779
2026-04-16,WFC,80.327
2026-04-17,WFC,80.4851
2026-04-20,WFC,81.0388
2026-04-21,WFC,80.6235
2026-04-22,WFC,79.6646
2026-04-23,WFC,79.5954
2026-04-24,WFC,78.5177
2026-04-27,WFC,79.6448
2026-04-28,WFC,80.5741
2026-04-29,WFC,80.584
2026-04-30,WFC,81.2958
2026-05-01,WFC,79.8919
2026-05-04,WFC,78.2805
2026-05-05,WFC,78.9824
2026-05-06,WFC,79.5064
2026-05-07,WFC,78.2607
2026-05-08,WFC,75.2082
2026-05-11,WFC,73.16
2026-05-12,WFC,74.7508
2026-05-13,WFC,73.1103
2026-05-14,WFC,73.3688
2026-05-15,WFC,73.0009
2026-05-18,WFC,73.9455
2026-05-19,WFC,74.1244
2026-05-20,WFC,75.3772
2026-05-21,WFC,75.4866
2026-05-22,WFC,75.9639
2026-05-26,WFC,77.0775
2026-05-27,WFC,75.6755
2026-05-28,WFC,76.2125
2026-05-29,WFC,77.0974
2026-06-01,WFC,76.7295
2026-06-02,WFC,78.9865
2026-06-03,WFC,78.2309
2026-06-04,WFC,81.1541
2026-06-05,WFC,81.4723
2026-06-08,WFC,80.4978
2026-06-09,WFC,81.5319
2026-06-10,WFC,81.5021
2026-06-11,WFC,81.9296
2026-06-12,WFC,83.252
2026-06-15,WFC,82.6654
2026-06-16,WFC,84.5645
2026-06-17,WFC,83.3316
2026-06-18,WFC,81.7308
2026-06-22,WFC,83.3614
2026-06-23,WFC,83.6497
2026-06-24,WFC,83.8188
2026-06-25,WFC,84.2563
2026-06-26,WFC,83.3813
2026-06-29,WFC,83.0333
2026-06-30,WFC,82.1683
2026-07-01,WFC,85.4494
2026-07-02,WFC,85.0219
2026-07-06,WFC,86.9508
2026-07-07,WFC,86.6823
2026-07-08,WFC,85.0716
2026-07-09,WFC,86.4139
2026-07-10,WFC,86.6625
2026-07-13,WFC,87.1695
2026-07-14,WFC,84.8031
2026-07-15,WFC,87.0105
2026-07-16,WFC,87.5673
2026-07-17,WFC,87.0105
2026-07-20,WFC,85.8372
2026-07-21,WFC,87.2391
2026-07-22,WFC,85.9267
2026-07-23,WFC,85.698
2026-07-24,WFC,85.8173
2026-07-27,WFC,86.7718
2026-07-28,WFC,86.3741
2026-07-29,WFC,83.3912
2026-07-30,WFC,84.9423
2026-07-31,WFC,85.9565
2026-08-03,WFC,87.3883
2026-08-04,WFC,87.8854
2026-08-05,WFC,88.661
2026-08-06,WFC,87.09
2026-08-07,WFC,87.25
2026-08-10,WFC,87.52
2026-08-11,WFC,87.45
2026-08-12,WFC,88.93
2026-08-13,WFC,88.11
2026-08-14,WFC,88.82
2026-08-17,WFC,87.54
2026-08-18,WFC,87.4
2026-08-19,WFC,85.94
2026-08-20,WFC,83.7
2026-08-21,WFC,83.84
2026-08-24,WFC,84.72
2026-08-25,WFC,84.79
2026-08-26,WFC,85.23
2026-08-27,WFC,84.97
2026-08-28,WFC,86.69
2026-08-31,WFC,86.39
2026-09-01,WFC,87.04
2026-09-02,WFC,89.27
2026-09-03,WFC,89.19
2026-09-04,WFC,89.97
2026-09-08,WFC,87.96
2026-09-09,WFC,89.67
2026-09-10,WFC,89.45
2026-09-11,WFC,90.29
2026-09-14,WFC,88.71
2026-09-15,WFC,89.72
2026-09-16,WFC,87.05
2026-09-17,WFC,86.89
2026-09-18,WFC,86.12
2026-09-21,WFC,86.54
2026-09-22,WFC,83.15
2026-09-23,WFC,81.9
2026-09-24,WFC,82.18
2026-09-25,WFC,82.97
2026-09-28,WFC,80.81
2026-09-29,WFC,80.48
2026-09-30,WFC,80.05
2026-10-01,WFC,80.25
2026-10-02,WFC,80.45
2025-10-03,XOM,110.0699
2025-10-06,XOM,110.9834
2025-10-07,XOM,111.0417
2025-10-08,XOM,110.8085
2025-10-09,XOM,109.7297
2025-10-10,XOM,107.6111
2025-10-13,XOM,109.0786
2025-10-14,XOM,109.1272
2025-10-15,XOM,108.4664
2025-10-16,XOM,107.5237
2025-10-17,XOM,109.0786
2025-10-20,XOM,109.5257
2025-10-21,XOM,109.5354
2025-10-22,XOM,111.479
2025-10-23,XOM,112.7133
2025-10-24,XOM,112.1399
2025-10-27,XOM,112.6744
2025-10-28,XOM,111.79
2025-10-29,XOM,113.17
2025-10-30,XOM,111.4596
2025-10-31,XOM,111.1389
2025-11-03,XOM,110.5558
2025-11-04,XOM,110.9251
2025-11-05,XOM,110.4781
2025-11-06,XOM,111.275
2025-11-07,XOM,113.9183
2025-11-10,XOM,114.8902
2025-11-11,XOM,116.4062
2025-11-12,XOM,114.793
2025-11-13,XOM,115.4441
2025-11-14,XOM,116.944
2025-11-17,XOM,115.3657
2025-11-18,XOM,116.6891
2025-11-19,XOM,115.0422
2025-11-20,XOM,114.7187
2025-11-21,XOM,114.7775
2025-11-24,XOM,113.6893
2025-11-25,XOM,112.258
2025-11-26,XOM,112.5129
2025-11-28,XOM,113.6403
2025-12-01,XOM,114.3363
2025-12-02,XOM,113.1109
2025-12-03,XOM,115.4833
2025-12-04,XOM,114.8363
2025-12-05,XOM,114.2481
2025-12-08,XOM,113.6991
2025-12-09,XOM,115.9245
2025-12-10,XOM,117.1891
2025-12-11,XOM,117.1891
2025-12-12,XOM,116.4833
2025-12-15,XOM,115.4441
2025-12-16,XOM,112.4247
2025-12-17,XOM,115.101
2025-12-18,XOM,114.2481
2025-12-19,XOM,114.3952
2025-12-22,XOM,115.8265
2025-12-23,XOM,117.0715
2025-12-24,XOM,116.8754
2025-12-26,XOM,116.7676
2025-12-29,XOM,118.1596
2025-12-30,XOM,118.6106
2025-12-31,XOM,117.9734
2026-01-02,XOM,120.238
2026-01-05,XOM,122.8947
2026-01-06,XOM,118.6694
2026-01-07,XOM,116.1598
2026-01-08,XOM,120.4928
2026-01-09,XOM,122.1594
2026-01-12,XOM,121.5908
2026-01-13,XOM,124.0515
2026-01-14,XOM,127.6395
2026-01-15,XOM,126.5905
2026-01-16,XOM,127.3356
2026-01-20,XOM,127.8944
2026-01-21,XOM,130.9824
2026-01-22,XOM,131.0118
2026-01-23,XOM,132.3157
2026-01-26,XOM,132.1882
2026-01-27,XOM,134.1391
2026-01-28,XOM,134.8743
2026-01-29,XOM,137.7467
2026-01-30,XOM,138.6192
2026-02-02,XOM,135.6782
2026-02-03,XOM,140.9034
2026-02-04,XOM,144.6875
2026-02-05,XOM,143.2072
2026-02-06,XOM,146.1188
2026-02-09,XOM,148.2363
2026-02-10,XOM,148.6088
2026-02-11,XOM,152.5007
2026-02-12,XOM,147.9611
2026-02-13,XOM,146.5006
2026-02-17,XOM,144.2703
2026-02-18,XOM,148.7013
2026-02-19,XOM,148.9875
2026-02-20,XOM,145.3459
2026-02-23,XOM,148.7802
2026-02-24,XOM,147.2999
2026-02-25,XOM,147.1026
2026-02-26,XOM,146.5894
2026-02-27,XOM,150.4974
2026-03-02,XOM,152.1948
2026-03-03,XOM,149.8362
2026-03-04,XOM,147.8526
2026-03-05,XOM,148.7802
2026-03-06,XOM,149.2243
2026-03-09,XOM,148.4644
2026-03-10,XOM,146.1848
2026-03-11,XOM,149.5895
2026-03-12,XOM,151.5139
2026-03-13,XOM,154.0699
2026-03-16,XOM,155.1653
2026-03-17,XOM,156.7245
2026-03-18,XOM,155.5206
2026-03-19,XOM,156.0831
2026-03-20,XOM,157.5732
2026-03-23,XOM,159.0141
2026-03-24,XOM,163.2083
2026-03-25,XOM,161.1161
2026-03-26,XOM,163.2576
2026-03-27,XOM,168.7446
2026-03-30,XOM,169.2183
2026-03-31,XOM,167.4321
2026-04-01,XOM,158.6687
2026-04-02,XOM,158.5798
2026-04-06,XOM,161.2247
2026-04-07,XOM,161.7576
2026-04-08,XOM,154.1685
2026-04-09,XOM,153.004
2026-04-10,XOM,150.5072
2026-04-13,XOM,150.6356
2026-04-14,XOM,147.2802
2026-04-15,XOM,147.0532
2026-04-16,XOM,149.9842
2026-04-17,XOM,144.517
2026-04-20,XOM,145.7407
2026-04-21,XOM,146.4118
2026-04-22,XOM,147.5368
2026-04-23,XOM,148.5533
2026-04-24,XOM,146.9545
2026-04-27,XOM,146.244
2026-04-28,XOM,148.5829
2026-04-29,XOM,152.6389
2026-04-30,XOM,152.3034
2026-05-01,XOM,150.7441
2026-05-04,XOM,151.6718
2026-05-05,XOM,152.8461
2026-05-06,XOM,146.7374
2026-05-07,XOM,144.6551
2026-05-08,XOM,142.6715
2026-05-11,XOM,147.7144
2026-05-12,XOM,148.652
2026-05-13,XOM,149.5796
2026-05-14,XOM,150.7737
2026-05-15,XOM,156.904
2026-05-18,XOM,159.4575
2026-05-19,XOM,161.5042
2026-05-20,XOM,155.2746
2026-05-21,XOM,154.2909
2026-05-22,XOM,153.9233
2026-05-26,XOM,148.8462
2026-05-27,XOM,146.9485
2026-05-28,XOM,146.0145
2026-05-29,XOM,144.3255
2026-06-01,XOM,148.419
2026-06-02,XOM,148.5978
2026-06-03,XOM,151.5487
2026-06-04,XOM,151.0618
2026-06-05,XOM,148.9555
2026-06-08,XOM,150.7737
2026-06-09,XOM,147.952
2026-06-10,XOM,149.651
2026-06-11,XOM,145.6569
2026-06-12,XOM,146.0642
2026-06-15,XOM,140.0134
2026-06-16,XOM,140.9473
2026-06-17,XOM,139.8345
2026-06-18,XOM,136.9234
2026-06-22,XOM,137.5792
2026-06-23,XOM,138.831
2026-06-24,XOM,136.0193
2026-06-25,XOM,136.6651
2026-06-26,XOM,135.6616
2026-06-29,XOM,135.1847
2026-06-30,XOM,135.8404
2026-07-01,XOM,135.4032
2026-07-02,XOM,136.208
2026-07-06,XOM,135.5622
2026-07-07,XOM,140.7784
2026-07-08,XOM,140.222
2026-07-09,XOM,136.5757
2026-07-10,XOM,137.9865
2026-07-13,XOM,143.5803
2026-07-14,XOM,144.1566
2026-07-15,XOM,143.5803
2026-07-16,XOM,145.011
2026-07-17,XOM,146.412
2026-07-20,XOM,147.4055
2026-07-21,XOM,150.734
2026-07-22,XOM,153.4563
2026-07-23,XOM,155.8806
2026-07-24,XOM,155.9303
2026-07-27,XOM,153.7743
2026-07-28,XOM,152.0554
2026-07-29,XOM,155.7415
2026-07-30,XOM,155.9601
2026-07-31,XOM,154.44
2026-08-03,XOM,154.0624
2026-08-04,XOM,152.9695
2026-08-05,XOM,150.6545
2026-08-06,XOM,153.8438
2026-08-07,XOM,152.0554
2026-08-10,XOM,158.762
2026-08-11,XOM,158.7719
2026-08-12,XOM,158.7222
2026-08-13,XOM,157.5896
2026-08-14,XOM,159.07
2026-08-17,XOM,161.46
2026-08-18,XOM,165.56
2026-08-19,XOM,164.77
2026-08-20,XOM,166.15
2026-08-21,XOM,165.11
2026-08-24,XOM,164.05
2026-08-25,XOM,160.64
2026-08-26,XOM,158.19
2026-08-27,XOM,156.44
2026-08-28,XOM,156.71
2026-08-31,XOM,160.95
2026-09-01,XOM,164.55
2026-09-02,XOM,164.15
2026-09-03,XOM,162.21
2026-09-04,XOM,159.47
2026-09-08,XOM,160.66
2026-09-09,XOM,164.23
2026-09-10,XOM,165.23
2026-09-11,XOM,165.99
2026-09-14,XOM,165.08
2026-09-15,XOM,169.32
2026-09-16,XOM,163.32
2026-09-17,XOM,163.27
2026-09-18,XOM,163.54
2026-09-21,XOM,158.3
2026-09-22,XOM,158.71
2026-09-23,XOM,161.23
2026-09-24,XOM,162.14
2026-09-25,XOM,160.59
2026-09-28,XOM,162.52
2026-09-29,XOM,161.35
2026-09-30,XOM,162.75
2026-10-01,XOM,163.82
2026-10-02,XOM,164.01
2025-10-03,XPEV,23.07
2025-10-06,XPEV,23.63
2025-10-07,XPEV,23.67
2025-10-08,XPEV,24.19
2025-10-09,XPEV,22.91
2025-10-10,XPEV,21.02
2025-10-13,XPEV,21.73
2025-10-14,XPEV,21.29
2025-10-15,XPEV,21.64
2025-10-16,XPEV,21.37
2025-10-17,XPEV,21.2
2025-10-20,XPEV,21.46
2025-10-21,XPEV,21.48
2025-10-22,XPEV,21.24
2025-10-23,XPEV,21.47
2025-10-24,XPEV,21.62
2025-10-27,XPEV,23.02
2025-10-28,XPEV,23.34
2025-10-29,XPEV,23.18
2025-10-30,XPEV,22.95
2025-10-31,XPEV,23.49
2025-11-03,XPEV,23.61
2025-11-04,XPEV,22.69
2025-11-05,XPEV,21.79
2025-11-06,XPEV,23.89
2025-11-07,XPEV,22.42
2025-11-10,XPEV,26.04
2025-11-11,XPEV,28.07
2025-11-12,XPEV,27.28
2025-11-13,XPEV,26.38
2025-11-14,XPEV,25.01
2025-11-17,XPEV,22.43
2025-11-18,XPEV,22.62
2025-11-19,XPEV,21.17
2025-11-20,XPEV,20.09
2025-11-21,XPEV,20.36
2025-11-24,XPEV,20.93
2025-11-25,XPEV,21.62
2025-11-26,XPEV,21.14
2025-11-28,XPEV,21.83
2025-12-01,XPEV,21.35
2025-12-02,XPEV,19.66
2025-12-03,XPEV,18.87
2025-12-04,XPEV,19.5
2025-12-05,XPEV,20.0
2025-12-08,XPEV,20.52
2025-12-09,XPEV,19.81
2025-12-10,XPEV,19.65
2025-12-11,XPEV,19.19
2025-12-12,XPEV,18.99
2025-12-15,XPEV,18.31
2025-12-16,XPEV,18.47
2025-12-17,XPEV,18.09
2025-12-18,XPEV,18.6
2025-12-19,XPEV,19.86
2025-12-22,XPEV,20.02
2025-12-23,XPEV,19.7
2025-12-24,XPEV,19.57
2025-12-26,XPEV,20.78
2025-12-29,XPEV,20.5
2025-12-30,XPEV,21.28
2025-12-31,XPEV,20.28
2026-01-02,XPEV,20.43
2026-01-05,XPEV,20.15
2026-01-06,XPEV,20.11
2026-01-07,XPEV,19.88
2026-01-08,XPEV,20.52
2026-01-09,XPEV,20.02
2026-01-12,XPEV,21.71
2026-01-13,XPEV,21.05
2026-01-14,XPEV,20.58
2026-01-15,XPEV,20.88
2026-01-16,XPEV,20.65
2026-01-20,XPEV,20.0
2026-01-21,XPEV,20.34
2026-01-22,XPEV,19.93
2026-01-23,XPEV,19.25
2026-01-26,XPEV,18.79
2026-01-27,XPEV,18.57
2026-01-28,XPEV,18.66
2026-01-29,XPEV,18.59
2026-01-30,XPEV,17.98
2026-02-02,XPEV,16.49
2026-02-03,XPEV,17.16
2026-02-04,XPEV,16.77
2026-02-05,XPEV,16.88
2026-02-06,XPEV,17.72
2026-02-09,XPEV,17.54
2026-02-10,XPEV,17.82
2026-02-11,XPEV,18.11
2026-02-12,XPEV,17.7
2026-02-13,XPEV,17.94
2026-02-17,XPEV,17.84
2026-02-18,XPEV,17.82
2026-02-19,XPEV,17.75
2026-02-20,XPEV,17.62
2026-02-23,XPEV,17.56
2026-02-24,XPEV,18.73
2026-02-25,XPEV,18.18
2026-02-26,XPEV,17.76
2026-02-27,XPEV,17.56
2026-03-02,XPEV,16.99
2026-03-03,XPEV,15.87
2026-03-04,XPEV,16.17
2026-03-05,XPEV,16.34
2026-03-06,XPEV,17.32
2026-03-09,XPEV,18.45
2026-03-10,XPEV,18.87
2026-03-11,XPEV,19.29
2026-03-12,XPEV,19.98
2026-03-13,XPEV,19.97
2026-03-16,XPEV,20.09
2026-03-17,XPEV,19.16
2026-03-18,XPEV,18.77
2026-03-19,XPEV,19.15
2026-03-20,XPEV,17.55
2026-03-23,XPEV,18.87
2026-03-24,XPEV,18.86
2026-03-25,XPEV,18.86
2026-03-26,XPEV,17.61
2026-03-27,XPEV,16.93
2026-03-30,XPEV,16.72
2026-03-31,XPEV,17.11
2026-04-01,XPEV,17.51
2026-04-02,XPEV,17.7
2026-04-06,XPEV,17.4
2026-04-07,XPEV,17.22
2026-04-08,XPEV,17.8
2026-04-09,XPEV,17.29
2026-04-10,XPEV,17.42
2026-04-13,XPEV,17.47
2026-04-14,XPEV,17.87
2026-04-15,XPEV,17.66
2026-04-16,XPEV,18.25
2026-04-17,XPEV,18.1
2026-04-20,XPEV,17.8
2026-04-21,XPEV,17.21
2026-04-22,XPEV,16.97
2026-04-23,XPEV,15.9
2026-04-24,XPEV,16.66
2026-04-27,XPEV,16.56
2026-04-28,XPEV,16.15
2026-04-29,XPEV,15.86
2026-04-30,XPEV,16.3
2026-05-01,XPEV,15.83
2026-05-04,XPEV,15.98
2026-05-05,XPEV,15.82
2026-05-06,XPEV,15.93
2026-05-07,XPEV,15.55
2026-05-08,XPEV,15.62
2026-05-11,XPEV,16.15
2026-05-12,XPEV,16.16
2026-05-13,XPEV,16.68
2026-05-14,XPEV,16.12
2026-05-15,XPEV,15.62
2026-05-18,XPEV,15.06
2026-05-19,XPEV,14.94
2026-05-20,XPEV,15.14
2026-05-21,XPEV,15.63
2026-05-22,XPEV,15.59
2026-05-26,XPEV,16.55
2026-05-27,XPEV,16.45
2026-05-28,XPEV,16.44
2026-05-29,XPEV,16.45
2026-06-01,XPEV,17.2
2026-06-02,XPEV,17.89
2026-06-03,XPEV,17.46
2026-06-04,XPEV,16.81
2026-06-05,XPEV,15.95
2026-06-08,XPEV,15.83
2026-06-09,XPEV,15.48
2026-06-10,XPEV,14.86
2026-06-11,XPEV,14.46
2026-06-12,XPEV,14.49
2026-06-15,XPEV,14.49
2026-06-16,XPEV,13.84
2026-06-17,XPEV,13.44
2026-06-18,XPEV,13.21
2026-06-22,XPEV,13.35
2026-06-23,XPEV,12.76
2026-06-24,XPEV,12.48
2026-06-25,XPEV,12.19
2026-06-26,XPEV,12.09
2026-06-29,XPEV,12.8
2026-06-30,XPEV,13.24
2026-07-01,XPEV,13.6
2026-07-02,XPEV,13.08
2026-07-06,XPEV,13.56
2026-07-07,XPEV,13.17
2026-07-08,XPEV,13.27
2026-07-09,XPEV,12.98
2026-07-10,XPEV,13.03
2026-07-13,XPEV,12.95
2026-07-14,XPEV,13.36
2026-07-15,XPEV,13.78
2026-07-16,XPEV,14.04
2026-07-17,XPEV,13.53
2026-07-20,XPEV,13.19
2026-07-21,XPEV,13.33
2026-07-22,XPEV,12.85
2026-07-23,XPEV,12.76
2026-07-24,XPEV,12.33
2026-07-27,XPEV,12.78
2026-07-28,XPEV,12.71
2026-07-29,XPEV,13.06
2026-07-30,XPEV,12.98
2026-07-31,XPEV,13.0
2026-08-03,XPEV,12.37
2026-08-04,XPEV,12.05
2026-08-05,XPEV,11.75
2026-08-06,XPEV,11.68
2026-08-07,XPEV,12.13
2026-08-10,XPEV,12.0
2026-08-11,XPEV,11.88
2026-08-12,XPEV,11.75
2026-08-13,XPEV,11.78
2026-08-14,XPEV,11.7
2026-08-17,XPEV,12.2
2026-08-18,XPEV,11.74
2026-08-19,XPEV,11.99
2026-08-20,XPEV,12.0
2026-08-21,XPEV,12.19
2026-08-24,XPEV,11.15
2026-08-25,XPEV,11.6
2026-08-26,XPEV,11.71
2026-08-27,XPEV,11.33
2026-08-28,XPEV,11.53
2026-08-31,XPEV,11.36
2026-09-01,XPEV,11.17
2026-09-02,XPEV,11.08
2026-09-03,XPEV,11.14
2026-09-04,XPEV,10.95
2026-09-08,XPEV,10.93
2026-09-09,XPEV,10.57
2026-09-10,XPEV,10.34
2026-09-11,XPEV,10.54
2026-09-14,XPEV,10.71
2026-09-15,XPEV,10.23
2026-09-16,XPEV,10.34
2026-09-17,XPEV,10.6
2026-09-18,XPEV,10.62
2026-09-21,XPEV,10.47
2026-09-22,XPEV,10.48
2026-09-23,XPEV,10.29
2026-09-24,XPEV,10.25
2026-09-25,XPEV,10.12
2026-09-28,XPEV,9.95
2026-09-29,XPEV,9.47
2026-09-30,XPEV,9.56
2026-10-01,XPEV,9.42
2026-10-02,XPEV,9.25
